-- phpMyAdmin SQL Dump
-- version 5.2.1
-- https://www.phpmyadmin.net/
--
-- Host: 127.0.0.1:3306
-- Generation Time: Oct 09, 2024 at 06:59 AM
-- Server version: 10.11.9-MariaDB
-- PHP Version: 7.2.34

SET SQL_MODE = "NO_AUTO_VALUE_ON_ZERO";
START TRANSACTION;
SET time_zone = "+00:00";


/*!40101 SET @OLD_CHARACTER_SET_CLIENT=@@CHARACTER_SET_CLIENT */;
/*!40101 SET @OLD_CHARACTER_SET_RESULTS=@@CHARACTER_SET_RESULTS */;
/*!40101 SET @OLD_COLLATION_CONNECTION=@@COLLATION_CONNECTION */;
/*!40101 SET NAMES utf8mb4 */;

--
-- Database: `u728953441_orangewheel`
--

-- --------------------------------------------------------

--
-- Table structure for table `accountant`
--

CREATE TABLE `accountant` (
  `accountant_id` int(11) NOT NULL,
  `staff_id` varchar(100) NOT NULL,
  `name` longtext DEFAULT NULL,
  `email` longtext DEFAULT NULL,
  `password` longtext DEFAULT NULL,
  `phone` longtext DEFAULT NULL,
  `gender` varchar(100) NOT NULL,
  `blood_group` int(100) NOT NULL,
  `current_address` longtext NOT NULL,
  `permanent_address` longtext NOT NULL,
  `dob` varchar(100) NOT NULL,
  `doj` varchar(100) NOT NULL,
  `basic_salary` varchar(255) NOT NULL,
  `aadhar_card` varchar(255) DEFAULT NULL,
  `pan_card` varchar(255) DEFAULT NULL,
  `existing_pfno` varchar(255) DEFAULT NULL,
  `father_name` varchar(255) DEFAULT NULL,
  `mother_name` varchar(255) DEFAULT NULL,
  `date_time` varchar(255) NOT NULL DEFAULT current_timestamp()
) ENGINE=MyISAM DEFAULT CHARSET=latin1 COLLATE=latin1_swedish_ci;

-- --------------------------------------------------------

--
-- Table structure for table `admin`
--

CREATE TABLE `admin` (
  `admin_id` int(11) NOT NULL,
  `name` longtext DEFAULT NULL,
  `email` longtext DEFAULT NULL,
  `password` longtext DEFAULT NULL,
  `date_time` varchar(255) NOT NULL DEFAULT current_timestamp()
) ENGINE=MyISAM DEFAULT CHARSET=utf8mb3 COLLATE=utf8mb3_unicode_ci;

--
-- Dumping data for table `admin`
--

INSERT INTO `admin` (`admin_id`, `name`, `email`, `password`, `date_time`) VALUES
(1, 'ADMIN', 'admin@gmail.com', 'd033e22ae348aeb5660fc2140aec35850c4da997', '2023-06-05 05:43:28');

-- --------------------------------------------------------

--
-- Table structure for table `ambulance_invoice`
--

CREATE TABLE `ambulance_invoice` (
  `invoice_id` int(11) NOT NULL,
  `invoice_number` longtext NOT NULL,
  `patient_id` int(11) NOT NULL,
  `ambulance_name` longtext NOT NULL,
  `route_name` longtext NOT NULL,
  `ambulance_invoice_entries` longtext NOT NULL,
  `vat_percentage` longtext NOT NULL,
  `discount_amount` longtext NOT NULL,
  `creation_timestamp` longtext NOT NULL,
  `due_timestamp` longtext NOT NULL,
  `status` longtext NOT NULL,
  `payment` longtext NOT NULL
) ENGINE=InnoDB DEFAULT CHARSET=latin1 COLLATE=latin1_swedish_ci;

-- --------------------------------------------------------

--
-- Table structure for table `ambulance_list`
--

CREATE TABLE `ambulance_list` (
  `ambulance_id` int(11) NOT NULL,
  `ambulance_name` varchar(25) NOT NULL,
  `ambulance_no` varchar(25) NOT NULL,
  `brand` varchar(25) NOT NULL,
  `model` varchar(25) NOT NULL,
  `color` varchar(25) NOT NULL,
  `weight` varchar(25) NOT NULL,
  `year_made` year(4) NOT NULL,
  `type` varchar(25) NOT NULL,
  `fuel` varchar(25) NOT NULL,
  `driver_name` varchar(25) NOT NULL,
  `driver_contact` varchar(25) NOT NULL,
  `driver_licence` varchar(25) NOT NULL,
  `email` varchar(25) NOT NULL,
  `address` longtext NOT NULL,
  `dob` longtext NOT NULL,
  `description` longtext NOT NULL,
  `create_timestamp` longtext NOT NULL
) ENGINE=InnoDB DEFAULT CHARSET=latin1 COLLATE=latin1_swedish_ci;

-- --------------------------------------------------------

--
-- Table structure for table `ambulance_route`
--

CREATE TABLE `ambulance_route` (
  `route_id` int(11) NOT NULL,
  `route` varchar(25) NOT NULL,
  `rent` varchar(25) NOT NULL,
  `create_timestamp` longtext NOT NULL
) ENGINE=InnoDB DEFAULT CHARSET=latin1 COLLATE=latin1_swedish_ci;

-- --------------------------------------------------------

--
-- Table structure for table `appointment`
--

CREATE TABLE `appointment` (
  `appointment_id` int(11) NOT NULL,
  `timestamp` longtext DEFAULT NULL,
  `doctor_id` int(11) DEFAULT NULL,
  `patient_id` int(11) DEFAULT NULL,
  `status` longtext DEFAULT NULL,
  `message` text DEFAULT NULL,
  `date_time` varchar(255) NOT NULL DEFAULT current_timestamp()
) ENGINE=MyISAM DEFAULT CHARSET=utf8mb3 COLLATE=utf8mb3_unicode_ci;

-- --------------------------------------------------------

--
-- Table structure for table `bank_details`
--

CREATE TABLE `bank_details` (
  `id` int(11) NOT NULL,
  `type` varchar(255) NOT NULL,
  `description` varchar(255) NOT NULL
) ENGINE=InnoDB DEFAULT CHARSET=utf8mb4 COLLATE=utf8mb4_general_ci;

--
-- Dumping data for table `bank_details`
--

INSERT INTO `bank_details` (`id`, `type`, `description`) VALUES
(1, 'ac_name', 'ORANGE WHEELS INDIA PRIVATE LIMITED'),
(2, 'bank_name', 'HDFC BANK LTD'),
(3, 'branch', 'Janpath Branch'),
(4, 'ac_no', '99999338499007'),
(5, 'ifsc_code', 'HDFC0000122'),
(6, 'pan_no', 'AADC01260E');

-- --------------------------------------------------------

--
-- Table structure for table `bed`
--

CREATE TABLE `bed` (
  `bed_id` int(11) NOT NULL,
  `bed_number` longtext DEFAULT NULL,
  `type` longtext DEFAULT NULL,
  `status` varchar(25) DEFAULT 'available',
  `description` longtext DEFAULT NULL,
  `date_time` varchar(255) NOT NULL DEFAULT current_timestamp()
) ENGINE=MyISAM DEFAULT CHARSET=latin1 COLLATE=latin1_swedish_ci;

-- --------------------------------------------------------

--
-- Table structure for table `bed_allotment`
--

CREATE TABLE `bed_allotment` (
  `bed_allotment_id` int(11) NOT NULL,
  `bed_id` int(11) DEFAULT NULL,
  `patient_id` int(11) DEFAULT NULL,
  `allotment_timestamp` longtext DEFAULT NULL,
  `discharge_timestamp` longtext DEFAULT NULL,
  `date_time` varchar(255) NOT NULL DEFAULT current_timestamp()
) ENGINE=MyISAM DEFAULT CHARSET=latin1 COLLATE=latin1_swedish_ci;

-- --------------------------------------------------------

--
-- Table structure for table `blood_bank`
--

CREATE TABLE `blood_bank` (
  `blood_group_id` int(11) NOT NULL,
  `blood_group` longtext CHARACTER SET utf8mb3 COLLATE utf8mb3_unicode_ci NOT NULL,
  `status` int(11) NOT NULL,
  `date_time` varchar(255) NOT NULL DEFAULT current_timestamp()
) ENGINE=MyISAM DEFAULT CHARSET=latin1 COLLATE=latin1_swedish_ci;

--
-- Dumping data for table `blood_bank`
--

INSERT INTO `blood_bank` (`blood_group_id`, `blood_group`, `status`, `date_time`) VALUES
(1, 'A+', 0, '2023-06-05 08:06:57'),
(2, 'A-', 0, '2023-06-05 08:08:25'),
(3, 'AB+', 0, '2023-06-05 08:08:25'),
(4, 'AB-', 0, '2023-06-05 08:08:25'),
(5, 'B+', 0, '2023-06-05 08:08:25'),
(6, 'B-', 0, '2023-06-05 08:08:25'),
(7, 'O+', 0, '2023-06-05 08:08:25'),
(8, 'O-', 0, '2023-06-05 08:08:25');

-- --------------------------------------------------------

--
-- Table structure for table `blood_donor`
--

CREATE TABLE `blood_donor` (
  `blood_donor_id` int(11) NOT NULL,
  `name` longtext DEFAULT NULL,
  `blood_group` longtext DEFAULT NULL,
  `sex` longtext DEFAULT NULL,
  `age` int(11) DEFAULT NULL,
  `phone` longtext DEFAULT NULL,
  `email` longtext DEFAULT NULL,
  `address` longtext DEFAULT NULL,
  `last_donation_timestamp` int(11) DEFAULT NULL,
  `date_time` varchar(255) NOT NULL DEFAULT current_timestamp()
) ENGINE=MyISAM DEFAULT CHARSET=latin1 COLLATE=latin1_swedish_ci;

-- --------------------------------------------------------

--
-- Table structure for table `ci_sessions`
--

CREATE TABLE `ci_sessions` (
  `id` varchar(40) NOT NULL,
  `ip_address` varchar(45) NOT NULL,
  `timestamp` int(10) UNSIGNED NOT NULL DEFAULT 0,
  `data` blob NOT NULL
) ENGINE=InnoDB DEFAULT CHARSET=utf8mb3 COLLATE=utf8mb3_unicode_ci;

--
-- Dumping data for table `ci_sessions`
--

INSERT INTO `ci_sessions` (`id`, `ip_address`, `timestamp`, `data`) VALUES
('0102f4207b82c1fee04f79a9ab5d9186fdea54db', '2405:201:a000:a34a:ddc2:d961:9a5b:6bb3', 1727277533, 0x5f5f63695f6c6173745f726567656e65726174657c693a313732373237373430363b6c6173745f706167657c733a35323a2268747470733a2f2f6f72616e6765776865656c2e3373642e696e2f696e6465782e7068702f61646d696e2f64617368626f617264223b61646d696e5f6c6f67696e7c733a313a2231223b6c6f67696e5f757365725f69647c733a313a2231223b6e616d657c733a353a2241444d494e223b6c6f67696e5f747970657c733a353a2261646d696e223b),
('01842de2ebbadc4d44f5f998802817add09cacda', '2405:201:a000:a34a:ccc7:32fd:ce65:85eb', 1728299977, 0x5f5f63695f6c6173745f726567656e65726174657c693a313732383239393937373b6c6173745f706167657c733a35323a2268747470733a2f2f6f72616e6765776865656c2e3373642e696e2f696e6465782e7068702f61646d696e2f64617368626f617264223b61646d696e5f6c6f67696e7c733a313a2231223b6c6f67696e5f757365725f69647c733a313a2231223b6e616d657c733a353a2241444d494e223b6c6f67696e5f747970657c733a353a2261646d696e223b),
('01d444c913b7b431b4668321ebf3fbc4b0483cd2', '2a02:4780:b:7::9', 1726398412, 0x5f5f63695f6c6173745f726567656e65726174657c693a313732363339383431323b),
('0465f7d9a68293f9f4118cf079eabef72fdffb7b', '2405:201:a000:a34a:c2c:6cbb:12ec:5d5a', 1724648229, 0x5f5f63695f6c6173745f726567656e65726174657c693a313732343634383232393b6c6173745f706167657c733a35323a2268747470733a2f2f6f72616e6765776865656c2e3373642e696e2f696e6465782e7068702f61646d696e2f64617368626f617264223b61646d696e5f6c6f67696e7c733a313a2231223b6c6f67696e5f757365725f69647c733a313a2231223b6e616d657c733a353a2241444d494e223b6c6f67696e5f747970657c733a353a2261646d696e223b),
('04b7befcdebabef3ac05cae3971a194d72bd9b4f', '2a02:4780:b:7::9', 1728336886, 0x5f5f63695f6c6173745f726567656e65726174657c693a313732383333363838363b),
('061ff78d1bb1907fba4bff8028c5277e9f524f6b', '2405:201:a001:83e:f171:8940:2f08:a8c', 1725599739, 0x5f5f63695f6c6173745f726567656e65726174657c693a313732353539393733393b61646d696e5f6c6f67696e7c733a313a2231223b6c6f67696e5f757365725f69647c733a313a2231223b6e616d657c733a353a2241444d494e223b6c6f67696e5f747970657c733a353a2261646d696e223b),
('068d8106ede3cfd4b622aa2751834c40448f43d6', '2405:201:a000:a34a:fd80:ded4:6feb:5d53', 1728127416, 0x5f5f63695f6c6173745f726567656e65726174657c693a313732383132373334333b6c6173745f706167657c733a35323a2268747470733a2f2f6f72616e6765776865656c2e3373642e696e2f696e6465782e7068702f61646d696e2f64617368626f617264223b61646d696e5f6c6f67696e7c733a313a2231223b6c6f67696e5f757365725f69647c733a313a2231223b6e616d657c733a353a2241444d494e223b6c6f67696e5f747970657c733a353a2261646d696e223b),
('06f59406a25858a2cd9bfda2b8a5bdbb933206df', '2405:201:a000:a34a:ddac:918a:9932:52cd', 1727701155, 0x5f5f63695f6c6173745f726567656e65726174657c693a313732373730313032383b61646d696e5f6c6f67696e7c733a313a2231223b6c6f67696e5f757365725f69647c733a313a2231223b6e616d657c733a353a2241444d494e223b6c6f67696e5f747970657c733a353a2261646d696e223b),
('08f4121cd15457c5e19c5fb56434bec729dd3c4a', '2405:201:a000:a34a:d453:5808:ee9c:43b6', 1725014169, 0x5f5f63695f6c6173745f726567656e65726174657c693a313732353031343136393b6c6173745f706167657c733a35323a2268747470733a2f2f6f72616e6765776865656c2e3373642e696e2f696e6465782e7068702f61646d696e2f64617368626f617264223b61646d696e5f6c6f67696e7c733a313a2231223b6c6f67696e5f757365725f69647c733a313a2231223b6e616d657c733a353a2241444d494e223b6c6f67696e5f747970657c733a353a2261646d696e223b),
('0acd950abcaaca06cd89e7e4e34ec1869f8797db', '2405:201:a000:a34a:7d43:a94d:ff58:dd21', 1726566489, 0x5f5f63695f6c6173745f726567656e65726174657c693a313732363536363438393b6c6173745f706167657c733a35323a2268747470733a2f2f6f72616e6765776865656c2e3373642e696e2f696e6465782e7068702f61646d696e2f64617368626f617264223b61646d696e5f6c6f67696e7c733a313a2231223b6c6f67696e5f757365725f69647c733a313a2231223b6e616d657c733a353a2241444d494e223b6c6f67696e5f747970657c733a353a2261646d696e223b),
('0bae2d8d1f8b47d08534334e0847168614f264da', '2a02:4780:b:7::9', 1727603150, 0x5f5f63695f6c6173745f726567656e65726174657c693a313732373630333135303b),
('0bd75653bae20ad5e76c180658050fb783300361', '2405:201:a000:a34a:4513:cddc:ac29:64f3', 1725261783, 0x5f5f63695f6c6173745f726567656e65726174657c693a313732353236313738333b6c6173745f706167657c733a35323a2268747470733a2f2f6f72616e6765776865656c2e3373642e696e2f696e6465782e7068702f61646d696e2f64617368626f617264223b61646d696e5f6c6f67696e7c733a313a2231223b6c6f67696e5f757365725f69647c733a313a2231223b6e616d657c733a353a2241444d494e223b6c6f67696e5f747970657c733a353a2261646d696e223b),
('0c1a64adee8ddc0adc950ad75464069744a230b1', '2405:201:a001:83e:4c5a:7ef7:db56:e6c', 1727943147, 0x5f5f63695f6c6173745f726567656e65726174657c693a313732373934333134373b61646d696e5f6c6f67696e7c733a313a2231223b6c6f67696e5f757365725f69647c733a313a2231223b6e616d657c733a353a2241444d494e223b6c6f67696e5f747970657c733a353a2261646d696e223b),
('0c7750923118230de13f749781defdab6d6c1f39', '2405:201:a000:a34a:119:a70d:4935:35cf', 1728384336, 0x5f5f63695f6c6173745f726567656e65726174657c693a313732383338343333363b6c6173745f706167657c733a35323a2268747470733a2f2f6f72616e6765776865656c2e3373642e696e2f696e6465782e7068702f61646d696e2f64617368626f617264223b61646d696e5f6c6f67696e7c733a313a2231223b6c6f67696e5f757365725f69647c733a313a2231223b6e616d657c733a353a2241444d494e223b6c6f67696e5f747970657c733a353a2261646d696e223b),
('0e2e5f9d32c62620e8268eedf75d2d2080ea81e5', '2405:201:a000:a34a:7d43:a94d:ff58:dd21', 1726566489, 0x5f5f63695f6c6173745f726567656e65726174657c693a313732363536363438393b6c6173745f706167657c733a35323a2268747470733a2f2f6f72616e6765776865656c2e3373642e696e2f696e6465782e7068702f61646d696e2f64617368626f617264223b61646d696e5f6c6f67696e7c733a313a2231223b6c6f67696e5f757365725f69647c733a313a2231223b6e616d657c733a353a2241444d494e223b6c6f67696e5f747970657c733a353a2261646d696e223b),
('0f0102b0d92d0d79196d060a709f142529f3b737', '2405:201:a000:a34a:b47a:7764:19c5:bde7', 1726311239, 0x5f5f63695f6c6173745f726567656e65726174657c693a313732363331313233393b6c6173745f706167657c733a35323a2268747470733a2f2f6f72616e6765776865656c2e3373642e696e2f696e6465782e7068702f61646d696e2f64617368626f617264223b61646d696e5f6c6f67696e7c733a313a2231223b6c6f67696e5f757365725f69647c733a313a2231223b6e616d657c733a353a2241444d494e223b6c6f67696e5f747970657c733a353a2261646d696e223b),
('0fac7e95207e7585c2b9a3e3640536ca1da5923b', '2405:201:a000:a34a:c12a:ba7c:b128:ffa1', 1725520624, 0x5f5f63695f6c6173745f726567656e65726174657c693a313732353532303433343b6c6173745f706167657c733a35323a2268747470733a2f2f6f72616e6765776865656c2e3373642e696e2f696e6465782e7068702f61646d696e2f64617368626f617264223b61646d696e5f6c6f67696e7c733a313a2231223b6c6f67696e5f757365725f69647c733a313a2231223b6e616d657c733a353a2241444d494e223b6c6f67696e5f747970657c733a353a2261646d696e223b6d6573736167657c733a31393a2255706461746564205375636365737366756c79223b5f5f63695f766172737c613a313a7b733a373a226d657373616765223b733a333a226f6c64223b7d),
('108df395ed0558c6148e51a20361c3908cb63b11', '2405:201:a000:a34a:c2c:6cbb:12ec:5d5a', 1724653741, 0x5f5f63695f6c6173745f726567656e65726174657c693a313732343635333734313b6c6173745f706167657c733a35323a2268747470733a2f2f6f72616e6765776865656c2e3373642e696e2f696e6465782e7068702f61646d696e2f64617368626f617264223b61646d696e5f6c6f67696e7c733a313a2231223b6c6f67696e5f757365725f69647c733a313a2231223b6e616d657c733a353a2241444d494e223b6c6f67696e5f747970657c733a353a2261646d696e223b),
('115a0c76237a13fb9e08b2bbdb284baa801325b3', '2405:201:a000:a34a:ccc7:32fd:ce65:85eb', 1728304086, 0x5f5f63695f6c6173745f726567656e65726174657c693a313732383330333830373b6c6173745f706167657c733a35323a2268747470733a2f2f6f72616e6765776865656c2e3373642e696e2f696e6465782e7068702f61646d696e2f64617368626f617264223b61646d696e5f6c6f67696e7c733a313a2231223b6c6f67696e5f757365725f69647c733a313a2231223b6e616d657c733a353a2241444d494e223b6c6f67696e5f747970657c733a353a2261646d696e223b),
('117bc89a5add07c5c63aba275e2b91a5c50631e8', '2405:201:a000:a34a:88b9:2b13:512a:58a0', 1726495115, 0x5f5f63695f6c6173745f726567656e65726174657c693a313732363439353131353b6c6173745f706167657c733a35323a2268747470733a2f2f6f72616e6765776865656c2e3373642e696e2f696e6465782e7068702f61646d696e2f64617368626f617264223b61646d696e5f6c6f67696e7c733a313a2231223b6c6f67696e5f757365725f69647c733a313a2231223b6e616d657c733a353a2241444d494e223b6c6f67696e5f747970657c733a353a2261646d696e223b),
('117d58019035e9b603992a8cb423f08a737e7bf2', '2405:201:a001:83e:c599:1ee9:ad80:e6e4', 1725535808, 0x5f5f63695f6c6173745f726567656e65726174657c693a313732353533353830383b6c6173745f706167657c733a35323a2268747470733a2f2f6f72616e6765776865656c2e3373642e696e2f696e6465782e7068702f61646d696e2f64617368626f617264223b61646d696e5f6c6f67696e7c733a313a2231223b6c6f67696e5f757365725f69647c733a313a2231223b6e616d657c733a353a2241444d494e223b6c6f67696e5f747970657c733a353a2261646d696e223b),
('123c7cb165c55043c89444143132b889b92c9cea', '159.89.167.235', 1725338314, 0x5f5f63695f6c6173745f726567656e65726174657c693a313732353333383331343b),
('135c90d01a9d4e177c905af0124530d654d0e4c3', '3.254.183.38', 1728332779, 0x5f5f63695f6c6173745f726567656e65726174657c693a313732383333323737393b),
('139259bcae9843b17e444a8580fecae40eb8768d', '2405:201:a000:a34a:c932:b538:c6a1:8a42', 1726720964, 0x5f5f63695f6c6173745f726567656e65726174657c693a313732363732303936333b6c6173745f706167657c733a35323a2268747470733a2f2f6f72616e6765776865656c2e3373642e696e2f696e6465782e7068702f61646d696e2f64617368626f617264223b),
('13ecb54f5bcff18a970e881e556ffe6ba5bd1bf2', '2405:201:a000:a34a:185a:7422:9763:31a9', 1727438116, 0x5f5f63695f6c6173745f726567656e65726174657c693a313732373433383131363b6c6173745f706167657c733a35323a2268747470733a2f2f6f72616e6765776865656c2e3373642e696e2f696e6465782e7068702f61646d696e2f64617368626f617264223b61646d696e5f6c6f67696e7c733a313a2231223b6c6f67696e5f757365725f69647c733a313a2231223b6e616d657c733a353a2241444d494e223b6c6f67696e5f747970657c733a353a2261646d696e223b),
('142a2ce92a713d2e7fbd152064d3003b8bd01f5e', '2a02:4780:b:7::9', 1725849696, 0x5f5f63695f6c6173745f726567656e65726174657c693a313732353834393639363b),
('15913e28ac664797f4a5a3b65e79ba9025292cbf', '2405:201:a000:a1a8:69d4:9de2:e834:8b80', 1724480415, 0x5f5f63695f6c6173745f726567656e65726174657c693a313732343438303336393b6c6173745f706167657c733a35323a2268747470733a2f2f6f72616e6765776865656c2e3373642e696e2f696e6465782e7068702f61646d696e2f64617368626f617264223b61646d696e5f6c6f67696e7c733a313a2231223b6c6f67696e5f757365725f69647c733a313a2231223b6e616d657c733a353a2241444d494e223b6c6f67696e5f747970657c733a353a2261646d696e223b),
('15cc0130657010e5995ec6ed632b6c7b6ad28ff3', '2405:201:a001:83e:c599:1ee9:ad80:e6e4', 1725522481, 0x5f5f63695f6c6173745f726567656e65726174657c693a313732353532323438313b61646d696e5f6c6f67696e7c733a313a2231223b6c6f67696e5f757365725f69647c733a313a2231223b6e616d657c733a353a2241444d494e223b6c6f67696e5f747970657c733a353a2261646d696e223b),
('1608ed7eabb0cc007603975c877e190b987e692f', '2405:201:a000:a34a:7d43:a94d:ff58:dd21', 1726555515, 0x5f5f63695f6c6173745f726567656e65726174657c693a313732363535353531353b6c6173745f706167657c733a35323a2268747470733a2f2f6f72616e6765776865656c2e3373642e696e2f696e6465782e7068702f61646d696e2f64617368626f617264223b61646d696e5f6c6f67696e7c733a313a2231223b6c6f67696e5f757365725f69647c733a313a2231223b6e616d657c733a353a2241444d494e223b6c6f67696e5f747970657c733a353a2261646d696e223b),
('170ac6beb719dfae1140b61ee61c6247409e21c4', '2405:201:a000:a34a:c12a:ba7c:b128:ffa1', 1725519696, 0x5f5f63695f6c6173745f726567656e65726174657c693a313732353531393639363b6c6173745f706167657c733a35323a2268747470733a2f2f6f72616e6765776865656c2e3373642e696e2f696e6465782e7068702f61646d696e2f64617368626f617264223b61646d696e5f6c6f67696e7c733a313a2231223b6c6f67696e5f757365725f69647c733a313a2231223b6e616d657c733a353a2241444d494e223b6c6f67696e5f747970657c733a353a2261646d696e223b),
('17286c49153bb2a1c956868c4501c4789d22ae60', '2a02:4780:b:7::9', 1725763296, 0x5f5f63695f6c6173745f726567656e65726174657c693a313732353736333239363b),
('19ce16711de172d9dee8cec1782116e4efc59de0', '2a02:4780:b:7::9', 1728355387, 0x5f5f63695f6c6173745f726567656e65726174657c693a313732383335353338373b),
('1a88917058e3b612f1d7445fe77f82cea852c15f', '2405:201:a000:a34a:30d4:99fd:aea1:f4dd', 1728027559, 0x5f5f63695f6c6173745f726567656e65726174657c693a313732383032373434373b6c6173745f706167657c733a35323a2268747470733a2f2f6f72616e6765776865656c2e3373642e696e2f696e6465782e7068702f61646d696e2f64617368626f617264223b61646d696e5f6c6f67696e7c733a313a2231223b6c6f67696e5f757365725f69647c733a313a2231223b6e616d657c733a353a2241444d494e223b6c6f67696e5f747970657c733a353a2261646d696e223b),
('1e4b28abc76d9c65044a10aea5fa0dc2e0f93a55', '103.225.84.13', 1728275312, 0x5f5f63695f6c6173745f726567656e65726174657c693a313732383237353331323b),
('1e4cfc8b9e4c19ec8e243d7d608afe0f474a866b', '2a02:4780:b:7::9', 1727948750, 0x5f5f63695f6c6173745f726567656e65726174657c693a313732373934383735303b),
('1f3270f8dae2f232ddc6fb9f6e42e0c129a7203c', '2405:201:a001:83e:c599:1ee9:ad80:e6e4', 1725536146, 0x5f5f63695f6c6173745f726567656e65726174657c693a313732353533363134363b6c6173745f706167657c733a35323a2268747470733a2f2f6f72616e6765776865656c2e3373642e696e2f696e6465782e7068702f61646d696e2f64617368626f617264223b61646d696e5f6c6f67696e7c733a313a2231223b6c6f67696e5f757365725f69647c733a313a2231223b6e616d657c733a353a2241444d494e223b6c6f67696e5f747970657c733a353a2261646d696e223b),
('1f365a690f92a765998bfc447f45232bd7c301c8', '2405:201:a000:a34a:7481:8f13:ab21:4ee0', 1728454518, 0x5f5f63695f6c6173745f726567656e65726174657c693a313732383435343531383b6c6173745f706167657c733a35323a2268747470733a2f2f6f72616e6765776865656c2e3373642e696e2f696e6465782e7068702f61646d696e2f64617368626f617264223b61646d696e5f6c6f67696e7c733a313a2231223b6c6f67696e5f757365725f69647c733a313a2231223b6e616d657c733a353a2241444d494e223b6c6f67696e5f747970657c733a353a2261646d696e223b6d6573736167657c733a31393a2255706461746564205375636365737366756c79223b5f5f63695f766172737c613a313a7b733a373a226d657373616765223b733a333a226f6c64223b7d),
('1f980332897f4c551b509a45226a2b09e68d2319', '2405:201:a001:83e:c599:1ee9:ad80:e6e4', 1725522481, 0x5f5f63695f6c6173745f726567656e65726174657c693a313732353532323438313b61646d696e5f6c6f67696e7c733a313a2231223b6c6f67696e5f757365725f69647c733a313a2231223b6e616d657c733a353a2241444d494e223b6c6f67696e5f747970657c733a353a2261646d696e223b),
('201783b2fb59428b4349ee829034b67b0a7c8ee3', '2405:201:a000:a34a:119:a70d:4935:35cf', 1728382311, 0x5f5f63695f6c6173745f726567656e65726174657c693a313732383338323331313b6c6173745f706167657c733a35323a2268747470733a2f2f6f72616e6765776865656c2e3373642e696e2f696e6465782e7068702f61646d696e2f64617368626f617264223b61646d696e5f6c6f67696e7c733a313a2231223b6c6f67696e5f757365725f69647c733a313a2231223b6e616d657c733a353a2241444d494e223b6c6f67696e5f747970657c733a353a2261646d696e223b),
('228292a8ffbec4f4722f07d5485666272515a464', '2405:201:a001:83e:d08f:976a:9e1:4756', 1725538500, 0x5f5f63695f6c6173745f726567656e65726174657c693a313732353533383530303b6c6173745f706167657c733a35323a2268747470733a2f2f6f72616e6765776865656c2e3373642e696e2f696e6465782e7068702f61646d696e2f64617368626f617264223b61646d696e5f6c6f67696e7c733a313a2231223b6c6f67696e5f757365725f69647c733a313a2231223b6e616d657c733a353a2241444d494e223b6c6f67696e5f747970657c733a353a2261646d696e223b),
('2304be6451bb20924825332a798e94d5d9e51b5f', '2405:201:a000:a34a:b510:5c75:1a27:acbc', 1724735663, 0x5f5f63695f6c6173745f726567656e65726174657c693a313732343733353636333b6c6173745f706167657c733a35323a2268747470733a2f2f6f72616e6765776865656c2e3373642e696e2f696e6465782e7068702f61646d696e2f64617368626f617264223b61646d696e5f6c6f67696e7c733a313a2231223b6c6f67696e5f757365725f69647c733a313a2231223b6e616d657c733a353a2241444d494e223b6c6f67696e5f747970657c733a353a2261646d696e223b),
('23bc4745ce153f2729aec2d6f41ba8e9ce5e6f1d', '2a02:4780:b:7::9', 1728184918, 0x5f5f63695f6c6173745f726567656e65726174657c693a313732383138343931383b),
('242a0802774221d1aff31f69039fc9550a3e622d', '2405:201:a001:83e:c599:1ee9:ad80:e6e4', 1725538184, 0x5f5f63695f6c6173745f726567656e65726174657c693a313732353533383138343b6c6173745f706167657c733a35323a2268747470733a2f2f6f72616e6765776865656c2e3373642e696e2f696e6465782e7068702f61646d696e2f64617368626f617264223b61646d696e5f6c6f67696e7c733a313a2231223b6c6f67696e5f757365725f69647c733a313a2231223b6e616d657c733a353a2241444d494e223b6c6f67696e5f747970657c733a353a2261646d696e223b),
('255ef4e844257ceb8662118afc7ef77fa80ed559', '2405:201:a000:a34a:c2c:6cbb:12ec:5d5a', 1724651270, 0x5f5f63695f6c6173745f726567656e65726174657c693a313732343635313237303b6c6173745f706167657c733a35323a2268747470733a2f2f6f72616e6765776865656c2e3373642e696e2f696e6465782e7068702f61646d696e2f64617368626f617264223b61646d696e5f6c6f67696e7c733a313a2231223b6c6f67696e5f757365725f69647c733a313a2231223b6e616d657c733a353a2241444d494e223b6c6f67696e5f747970657c733a353a2261646d696e223b),
('2567da55eb7ef78178dc9805d75770687c403a13', '207.241.225.114', 1728396964, 0x5f5f63695f6c6173745f726567656e65726174657c693a313732383339363936343b),
('26d2cb8e3a9c54757f7bf1bc949b513f95d33d42', '2405:201:a000:a34a:ccc7:32fd:ce65:85eb', 1728301162, 0x5f5f63695f6c6173745f726567656e65726174657c693a313732383330313136323b6c6173745f706167657c733a35323a2268747470733a2f2f6f72616e6765776865656c2e3373642e696e2f696e6465782e7068702f61646d696e2f64617368626f617264223b61646d696e5f6c6f67696e7c733a313a2231223b6c6f67696e5f757365725f69647c733a313a2231223b6e616d657c733a353a2241444d494e223b6c6f67696e5f747970657c733a353a2261646d696e223b),
('27446275f4586fc996b1c8a707504aaf8379d4c9', '2405:201:a000:a34a:c2c:6cbb:12ec:5d5a', 1724650076, 0x5f5f63695f6c6173745f726567656e65726174657c693a313732343635303037363b6c6173745f706167657c733a35323a2268747470733a2f2f6f72616e6765776865656c2e3373642e696e2f696e6465782e7068702f61646d696e2f64617368626f617264223b61646d696e5f6c6f67696e7c733a313a2231223b6c6f67696e5f757365725f69647c733a313a2231223b6e616d657c733a353a2241444d494e223b6c6f67696e5f747970657c733a353a2261646d696e223b),
('29c4d118f5395a2b21bf75e61fb7fd9d7a7ceaa4', '2405:201:a000:a34a:ccc7:32fd:ce65:85eb', 1728285350, 0x5f5f63695f6c6173745f726567656e65726174657c693a313732383238353335303b6c6173745f706167657c733a35323a2268747470733a2f2f6f72616e6765776865656c2e3373642e696e2f696e6465782e7068702f61646d696e2f64617368626f617264223b61646d696e5f6c6f67696e7c733a313a2231223b6c6f67696e5f757365725f69647c733a313a2231223b6e616d657c733a353a2241444d494e223b6c6f67696e5f747970657c733a353a2261646d696e223b),
('2a2a110cb1b779b66474b311fff57d9baeef9b27', '2a02:4780:b:7::9', 1726830412, 0x5f5f63695f6c6173745f726567656e65726174657c693a313732363833303431323b),
('2b4991bf2d95c497905ee7bcd331906baa5a4986', '2405:201:a000:a34a:e5bb:54c7:8e0b:32a0', 1726807858, 0x5f5f63695f6c6173745f726567656e65726174657c693a313732363830373835383b6c6173745f706167657c733a35323a2268747470733a2f2f6f72616e6765776865656c2e3373642e696e2f696e6465782e7068702f61646d696e2f64617368626f617264223b61646d696e5f6c6f67696e7c733a313a2231223b6c6f67696e5f757365725f69647c733a313a2231223b6e616d657c733a353a2241444d494e223b6c6f67696e5f747970657c733a353a2261646d696e223b),
('2cbfaaf201cf67a24fe095bc4d1b2ca6a7f8f36f', '2405:201:a000:a34a:a860:c94e:e9af:82c4', 1725630159, 0x5f5f63695f6c6173745f726567656e65726174657c693a313732353633303135393b6c6173745f706167657c733a35323a2268747470733a2f2f6f72616e6765776865656c2e3373642e696e2f696e6465782e7068702f61646d696e2f64617368626f617264223b61646d696e5f6c6f67696e7c733a313a2231223b6c6f67696e5f757365725f69647c733a313a2231223b6e616d657c733a353a2241444d494e223b6c6f67696e5f747970657c733a353a2261646d696e223b),
('2e6be250289345b0b17e6ce8d0c481304a2fc9ff', '104.164.173.216', 1728345079, 0x5f5f63695f6c6173745f726567656e65726174657c693a313732383334353037393b),
('2e8dd7875244dcc635ee45b6e352c76f80637fff', '2405:201:a001:83e:d08f:976a:9e1:4756', 1725539541, 0x5f5f63695f6c6173745f726567656e65726174657c693a313732353533393534313b6c6173745f706167657c733a35323a2268747470733a2f2f6f72616e6765776865656c2e3373642e696e2f696e6465782e7068702f61646d696e2f64617368626f617264223b61646d696e5f6c6f67696e7c733a313a2231223b6c6f67696e5f757365725f69647c733a313a2231223b6e616d657c733a353a2241444d494e223b6c6f67696e5f747970657c733a353a2261646d696e223b),
('2ea02e6db62860d6bdffd455056005088bef6404', '2405:201:a000:a34a:119:a70d:4935:35cf', 1728383944, 0x5f5f63695f6c6173745f726567656e65726174657c693a313732383338333934343b6c6173745f706167657c733a35323a2268747470733a2f2f6f72616e6765776865656c2e3373642e696e2f696e6465782e7068702f61646d696e2f64617368626f617264223b61646d696e5f6c6f67696e7c733a313a2231223b6c6f67696e5f757365725f69647c733a313a2231223b6e616d657c733a353a2241444d494e223b6c6f67696e5f747970657c733a353a2261646d696e223b),
('2f475e4a9b8f956c38166d0a4b80a4fcb0434fd4', '2405:201:a000:a34a:ccc7:32fd:ce65:85eb', 1728300844, 0x5f5f63695f6c6173745f726567656e65726174657c693a313732383330303834343b6c6173745f706167657c733a35323a2268747470733a2f2f6f72616e6765776865656c2e3373642e696e2f696e6465782e7068702f61646d696e2f64617368626f617264223b61646d696e5f6c6f67696e7c733a313a2231223b6c6f67696e5f757365725f69647c733a313a2231223b6e616d657c733a353a2241444d494e223b6c6f67696e5f747970657c733a353a2261646d696e223b),
('2f7e0f5b933dff1825fe1db3d2cd492ffbb5d62d', '2405:201:a001:83e:f171:8940:2f08:a8c', 1725600519, 0x5f5f63695f6c6173745f726567656e65726174657c693a313732353630303531393b61646d696e5f6c6f67696e7c733a313a2231223b6c6f67696e5f757365725f69647c733a313a2231223b6e616d657c733a353a2241444d494e223b6c6f67696e5f747970657c733a353a2261646d696e223b),
('301e3a765457e7e1c915579f24ed72ddd841f58a', '46.17.174.193', 1726858899, 0x5f5f63695f6c6173745f726567656e65726174657c693a313732363835383839393b),
('3038471822d0fee09f23543600d9a0e457452787', '2405:201:a001:83e:c599:1ee9:ad80:e6e4', 1725537144, 0x5f5f63695f6c6173745f726567656e65726174657c693a313732353533373134343b6c6173745f706167657c733a35323a2268747470733a2f2f6f72616e6765776865656c2e3373642e696e2f696e6465782e7068702f61646d696e2f64617368626f617264223b61646d696e5f6c6f67696e7c733a313a2231223b6c6f67696e5f757365725f69647c733a313a2231223b6e616d657c733a353a2241444d494e223b6c6f67696e5f747970657c733a353a2261646d696e223b),
('3094ebbed4b9ba44aa02755f3e739342b80e38ab', '2a02:4780:b:7::9', 1728451447, 0x5f5f63695f6c6173745f726567656e65726174657c693a313732383435313434373b),
('31c1c1baa6ebaed3366d29546694d51a9cfbb021', '2405:201:a000:a34a:c2c:6cbb:12ec:5d5a', 1724649460, 0x5f5f63695f6c6173745f726567656e65726174657c693a313732343634393436303b6c6173745f706167657c733a35323a2268747470733a2f2f6f72616e6765776865656c2e3373642e696e2f696e6465782e7068702f61646d696e2f64617368626f617264223b61646d696e5f6c6f67696e7c733a313a2231223b6c6f67696e5f757365725f69647c733a313a2231223b6e616d657c733a353a2241444d494e223b6c6f67696e5f747970657c733a353a2261646d696e223b),
('329e48f2090082910e24d1cf0e6b488d7fb98042', '2a02:4780:b:7::9', 1728393389, 0x5f5f63695f6c6173745f726567656e65726174657c693a313732383339333338393b),
('331c1cbda0c339c83d37c925d0371c2158af1fa4', '2405:201:a000:a34a:49bf:1c1d:6e6a:82e8', 1725946065, 0x5f5f63695f6c6173745f726567656e65726174657c693a313732353934363036353b6c6173745f706167657c733a35323a2268747470733a2f2f6f72616e6765776865656c2e3373642e696e2f696e6465782e7068702f61646d696e2f64617368626f617264223b61646d696e5f6c6f67696e7c733a313a2231223b6c6f67696e5f757365725f69647c733a313a2231223b6e616d657c733a353a2241444d494e223b6c6f67696e5f747970657c733a353a2261646d696e223b),
('3438f50cf055f9adf392a8363ed988f8b82977df', '2405:201:a000:a34a:4963:e754:a0ec:c9b8', 1726897811, 0x5f5f63695f6c6173745f726567656e65726174657c693a313732363839373633333b6c6173745f706167657c733a35323a2268747470733a2f2f6f72616e6765776865656c2e3373642e696e2f696e6465782e7068702f61646d696e2f64617368626f617264223b61646d696e5f6c6f67696e7c733a313a2231223b6c6f67696e5f757365725f69647c733a313a2231223b6e616d657c733a353a2241444d494e223b6c6f67696e5f747970657c733a353a2261646d696e223b),
('3477b4e87a55c00f762a461bc50ca0549c1c947f', '2a02:4780:b:7::9', 1727509033, 0x5f5f63695f6c6173745f726567656e65726174657c693a313732373530393033333b),
('347b23f0c17844d9bdc6dd679b845cf755de3142', '2405:201:a001:83e:c599:1ee9:ad80:e6e4', 1725534165, 0x5f5f63695f6c6173745f726567656e65726174657c693a313732353533343136353b6c6173745f706167657c733a35323a2268747470733a2f2f6f72616e6765776865656c2e3373642e696e2f696e6465782e7068702f61646d696e2f64617368626f617264223b61646d696e5f6c6f67696e7c733a313a2231223b6c6f67696e5f757365725f69647c733a313a2231223b6e616d657c733a353a2241444d494e223b6c6f67696e5f747970657c733a353a2261646d696e223b),
('34aa51381c6c878c7b667fc22b857c9407587ffb', '2405:201:a000:a239:3148:77a5:9fb8:8ba3', 1724215216, 0x5f5f63695f6c6173745f726567656e65726174657c693a313732343231353231363b6c6173745f706167657c733a35323a2268747470733a2f2f6f72616e6765776865656c2e3373642e696e2f696e6465782e7068702f61646d696e2f64617368626f617264223b61646d696e5f6c6f67696e7c733a313a2231223b6c6f67696e5f757365725f69647c733a313a2231223b6e616d657c733a353a2241444d494e223b6c6f67696e5f747970657c733a353a2261646d696e223b),
('34b3103005f3efbfc6c2b6beb2edf77748767851', '154.47.30.154', 1728350834, 0x5f5f63695f6c6173745f726567656e65726174657c693a313732383335303833343b),
('34ce67612536e8d336ed5515d94f6538be4e9d33', '2405:201:a000:a34a:c029:2d7:fbd7:ac9d', 1724917969, 0x5f5f63695f6c6173745f726567656e65726174657c693a313732343931373936393b6c6173745f706167657c733a35323a2268747470733a2f2f6f72616e6765776865656c2e3373642e696e2f696e6465782e7068702f61646d696e2f64617368626f617264223b61646d696e5f6c6f67696e7c733a313a2231223b6c6f67696e5f757365725f69647c733a313a2231223b6e616d657c733a353a2241444d494e223b6c6f67696e5f747970657c733a353a2261646d696e223b),
('36df080f4b712718a247aebde9842420a9433200', '2405:201:a001:83e:f171:8940:2f08:a8c', 1725599007, 0x5f5f63695f6c6173745f726567656e65726174657c693a313732353539393030373b61646d696e5f6c6f67696e7c733a313a2231223b6c6f67696e5f757365725f69647c733a313a2231223b6e616d657c733a353a2241444d494e223b6c6f67696e5f747970657c733a353a2261646d696e223b),
('380f2d9c36219c98ef369608ff12d80fd3acf8c5', '2405:201:a000:a34a:88b9:2b13:512a:58a0', 1726472533, 0x5f5f63695f6c6173745f726567656e65726174657c693a313732363437323533333b6c6173745f706167657c733a35323a2268747470733a2f2f6f72616e6765776865656c2e3373642e696e2f696e6465782e7068702f61646d696e2f64617368626f617264223b61646d696e5f6c6f67696e7c733a313a2231223b6c6f67696e5f757365725f69647c733a313a2231223b6e616d657c733a353a2241444d494e223b6c6f67696e5f747970657c733a353a2261646d696e223b),
('39524ef5dc18b2cb434d72400c227c1e4b097892', '2a02:4780:b:7::9', 1724757102, 0x5f5f63695f6c6173745f726567656e65726174657c693a313732343735373130323b),
('39821e4409304f0c274d00542d03f800caa84711', '2405:201:a000:a34a:c029:2d7:fbd7:ac9d', 1724915815, 0x5f5f63695f6c6173745f726567656e65726174657c693a313732343931353831353b6c6173745f706167657c733a35323a2268747470733a2f2f6f72616e6765776865656c2e3373642e696e2f696e6465782e7068702f61646d696e2f64617368626f617264223b61646d696e5f6c6f67696e7c733a313a2231223b6c6f67696e5f757365725f69647c733a313a2231223b6e616d657c733a353a2241444d494e223b6c6f67696e5f747970657c733a353a2261646d696e223b),
('3a1013ab97f6a988671615082f08f173865a55de', '2405:201:a000:a34a:c180:42fd:e066:9a64', 1727524141, 0x5f5f63695f6c6173745f726567656e65726174657c693a313732373532343134313b61646d696e5f6c6f67696e7c733a313a2231223b6c6f67696e5f757365725f69647c733a313a2231223b6e616d657c733a353a2241444d494e223b6c6f67696e5f747970657c733a353a2261646d696e223b),
('3a269a62f03b44541f1b9ecf050a97846c294ac3', '2a02:4780:b:7::9', 1725602196, 0x5f5f63695f6c6173745f726567656e65726174657c693a313732353630323139363b),
('3a307154a93e394e002b820c50d557c02a78983b', '2405:201:a000:a34a:fc22:804d:445c:a148', 1727783833, 0x5f5f63695f6c6173745f726567656e65726174657c693a313732373738333731303b61646d696e5f6c6f67696e7c733a313a2231223b6c6f67696e5f757365725f69647c733a313a2231223b6e616d657c733a353a2241444d494e223b6c6f67696e5f747970657c733a353a2261646d696e223b),
('3ac0b02266678ab0ff36a506d649bdd27da5f12d', '2405:201:a001:83e:d08f:976a:9e1:4756', 1725540414, 0x5f5f63695f6c6173745f726567656e65726174657c693a313732353534303431343b6c6173745f706167657c733a35323a2268747470733a2f2f6f72616e6765776865656c2e3373642e696e2f696e6465782e7068702f61646d696e2f64617368626f617264223b61646d696e5f6c6f67696e7c733a313a2231223b6c6f67696e5f757365725f69647c733a313a2231223b6e616d657c733a353a2241444d494e223b6c6f67696e5f747970657c733a353a2261646d696e223b),
('3ad0f1c646f56631a6885c9679d63154189701ae', '2a02:4780:b:7::9', 1724210141, 0x5f5f63695f6c6173745f726567656e65726174657c693a313732343231303134313b),
('3aec1c4d351eb566ed2d21bf63ee029408163083', '104.154.173.14', 1726710246, 0x5f5f63695f6c6173745f726567656e65726174657c693a313732363731303234363b),
('3bbc3797d109706fa292d552f9826bff71228e21', '2405:201:a000:a34a:c180:42fd:e066:9a64', 1727497819, 0x5f5f63695f6c6173745f726567656e65726174657c693a313732373439373739373b61646d696e5f6c6f67696e7c733a313a2231223b6c6f67696e5f757365725f69647c733a313a2231223b6e616d657c733a353a2241444d494e223b6c6f67696e5f747970657c733a353a2261646d696e223b),
('3cc235b3dee61195063689647e6d5eea7ee17c14', '2405:201:a000:a34a:a407:8547:5ee9:2f83', 1726055650, 0x5f5f63695f6c6173745f726567656e65726174657c693a313732363035353631333b6c6173745f706167657c733a35323a2268747470733a2f2f6f72616e6765776865656c2e3373642e696e2f696e6465782e7068702f61646d696e2f64617368626f617264223b),
('3cfc8a03149a763132a331d35eb68bd133baea05', '2405:201:a000:a34a:ccc7:32fd:ce65:85eb', 1728303807, 0x5f5f63695f6c6173745f726567656e65726174657c693a313732383330333830373b6c6173745f706167657c733a35323a2268747470733a2f2f6f72616e6765776865656c2e3373642e696e2f696e6465782e7068702f61646d696e2f64617368626f617264223b61646d696e5f6c6f67696e7c733a313a2231223b6c6f67696e5f757365725f69647c733a313a2231223b6e616d657c733a353a2241444d494e223b6c6f67696e5f747970657c733a353a2261646d696e223b),
('3e902e6bd969fd91a8101ef8c64c9d051986ddc3', '2405:201:a000:a34a:d453:5808:ee9c:43b6', 1725013786, 0x5f5f63695f6c6173745f726567656e65726174657c693a313732353031333738363b6c6173745f706167657c733a35323a2268747470733a2f2f6f72616e6765776865656c2e3373642e696e2f696e6465782e7068702f61646d696e2f64617368626f617264223b61646d696e5f6c6f67696e7c733a313a2231223b6c6f67696e5f757365725f69647c733a313a2231223b6e616d657c733a353a2241444d494e223b6c6f67696e5f747970657c733a353a2261646d696e223b),
('3eccab8701ade4111ffe468fdbdee184399adc00', '205.169.39.229', 1728345094, 0x5f5f63695f6c6173745f726567656e65726174657c693a313732383334353039343b),
('3fabf1ddf57aacdd55c148735b2a6b8974063a86', '2405:201:a000:a34a:b510:5c75:1a27:acbc', 1724748544, 0x5f5f63695f6c6173745f726567656e65726174657c693a313732343734383334363b6c6173745f706167657c733a35303a2268747470733a2f2f6f72616e6765776865656c2e3373642e696e2f696e6465782e7068702f61646d696e2f70617469656e74223b61646d696e5f6c6f67696e7c733a313a2231223b6c6f67696e5f757365725f69647c733a313a2231223b6e616d657c733a353a2241444d494e223b6c6f67696e5f747970657c733a353a2261646d696e223b),
('405c12ba1001ecb7fe71486026cbff362d301a8d', '2405:201:a000:a239:3148:77a5:9fb8:8ba3', 1724217758, 0x5f5f63695f6c6173745f726567656e65726174657c693a313732343231373735383b6c6173745f706167657c733a35323a2268747470733a2f2f6f72616e6765776865656c2e3373642e696e2f696e6465782e7068702f61646d696e2f64617368626f617264223b61646d696e5f6c6f67696e7c733a313a2231223b6c6f67696e5f757365725f69647c733a313a2231223b6e616d657c733a353a2241444d494e223b6c6f67696e5f747970657c733a353a2261646d696e223b),
('40c9673d9567f224c7f625ba43558b3052944fe9', '2405:201:a000:a34a:d049:51a7:2913:5593', 1727944515, 0x5f5f63695f6c6173745f726567656e65726174657c693a313732373934343531353b61646d696e5f6c6f67696e7c733a313a2231223b6c6f67696e5f757365725f69647c733a313a2231223b6e616d657c733a353a2241444d494e223b6c6f67696e5f747970657c733a353a2261646d696e223b),
('40e00634643721adcdbe1707ea56abd6aa01a589', '2405:201:a000:a239:3148:77a5:9fb8:8ba3', 1724214884, 0x5f5f63695f6c6173745f726567656e65726174657c693a313732343231343838343b6c6173745f706167657c733a35323a2268747470733a2f2f6f72616e6765776865656c2e3373642e696e2f696e6465782e7068702f61646d696e2f64617368626f617264223b),
('41639f1b53b92276e1a2e3448cb40c2b3d944a50', '2405:201:a000:a34a:49bf:1c1d:6e6a:82e8', 1725944107, 0x5f5f63695f6c6173745f726567656e65726174657c693a313732353934343130373b6c6173745f706167657c733a35323a2268747470733a2f2f6f72616e6765776865656c2e3373642e696e2f696e6465782e7068702f61646d696e2f64617368626f617264223b61646d696e5f6c6f67696e7c733a313a2231223b6c6f67696e5f757365725f69647c733a313a2231223b6e616d657c733a353a2241444d494e223b6c6f67696e5f747970657c733a353a2261646d696e223b),
('41bc282c9042c2f08a8dc9e597b54d88a630fe66', '2a02:4780:b:7::9', 1728271318, 0x5f5f63695f6c6173745f726567656e65726174657c693a313732383237313331383b),
('4240c6e5c67039c638e0346832a66028e3bfe967', '2405:201:a001:83e:c599:1ee9:ad80:e6e4', 1725531863, 0x5f5f63695f6c6173745f726567656e65726174657c693a313732353533313836333b6c6173745f706167657c733a35323a2268747470733a2f2f6f72616e6765776865656c2e3373642e696e2f696e6465782e7068702f61646d696e2f64617368626f617264223b61646d696e5f6c6f67696e7c733a313a2231223b6c6f67696e5f757365725f69647c733a313a2231223b6e616d657c733a353a2241444d494e223b6c6f67696e5f747970657c733a353a2261646d696e223b),
('42c5deab709ef8925af57b23e940e7780177b13d', '2405:201:a000:a34a:a407:8547:5ee9:2f83', 1726043284, 0x5f5f63695f6c6173745f726567656e65726174657c693a313732363034333232383b6c6173745f706167657c733a35323a2268747470733a2f2f6f72616e6765776865656c2e3373642e696e2f696e6465782e7068702f61646d696e2f64617368626f617264223b61646d696e5f6c6f67696e7c733a313a2231223b6c6f67696e5f757365725f69647c733a313a2231223b6e616d657c733a353a2241444d494e223b6c6f67696e5f747970657c733a353a2261646d696e223b),
('437c1d45aea784a440d7bb752a6a1527ac8ad27e', '45.132.237.151', 1728185084, 0x5f5f63695f6c6173745f726567656e65726174657c693a313732383138353038343b),
('441fef85b2ee30f842b9fc69b8b55bc763b47a94', '2405:201:a000:a34a:ccc7:32fd:ce65:85eb', 1728302713, 0x5f5f63695f6c6173745f726567656e65726174657c693a313732383330323731333b6c6173745f706167657c733a35323a2268747470733a2f2f6f72616e6765776865656c2e3373642e696e2f696e6465782e7068702f61646d696e2f64617368626f617264223b61646d696e5f6c6f67696e7c733a313a2231223b6c6f67696e5f757365725f69647c733a313a2231223b6e616d657c733a353a2241444d494e223b6c6f67696e5f747970657c733a353a2261646d696e223b),
('448a0ea60647e601d47950acf922967370a422af', '157.41.229.123', 1724735972, 0x5f5f63695f6c6173745f726567656e65726174657c693a313732343733353937323b),
('44d3e47dcaf77d9bcb92bb8682eec89a44292fb5', '2405:201:a000:a34a:c029:2d7:fbd7:ac9d', 1724916864, 0x5f5f63695f6c6173745f726567656e65726174657c693a313732343931363836343b6c6173745f706167657c733a35323a2268747470733a2f2f6f72616e6765776865656c2e3373642e696e2f696e6465782e7068702f61646d696e2f64617368626f617264223b61646d696e5f6c6f67696e7c733a313a2231223b6c6f67696e5f757365725f69647c733a313a2231223b6e616d657c733a353a2241444d494e223b6c6f67696e5f747970657c733a353a2261646d696e223b),
('451eb32361b486d3fe0800f85861dbdd693d9743', '2405:201:a001:83e:c599:1ee9:ad80:e6e4', 1725536535, 0x5f5f63695f6c6173745f726567656e65726174657c693a313732353533363533353b6c6173745f706167657c733a35323a2268747470733a2f2f6f72616e6765776865656c2e3373642e696e2f696e6465782e7068702f61646d696e2f64617368626f617264223b61646d696e5f6c6f67696e7c733a313a2231223b6c6f67696e5f757365725f69647c733a313a2231223b6e616d657c733a353a2241444d494e223b6c6f67696e5f747970657c733a353a2261646d696e223b),
('459964eaddb49101e3781bf46f050b73ce3b3934', '2405:201:a000:a239:8825:f09f:d3d8:eacd', 1724058784, 0x5f5f63695f6c6173745f726567656e65726174657c693a313732343035383735363b6c6173745f706167657c733a35303a2268747470733a2f2f6f72616e6765776865656c2e3373642e696e2f696e6465782e7068702f61646d696e2f70617469656e74223b61646d696e5f6c6f67696e7c733a313a2231223b6c6f67696e5f757365725f69647c733a313a2231223b6e616d657c733a353a2241444d494e223b6c6f67696e5f747970657c733a353a2261646d696e223b),
('47fc572dbda395af37edded2453362a7feb87f78', '2405:201:a000:a34a:d049:51a7:2913:5593', 1727942476, 0x5f5f63695f6c6173745f726567656e65726174657c693a313732373934323437363b61646d696e5f6c6f67696e7c733a313a2231223b6c6f67696e5f757365725f69647c733a313a2231223b6e616d657c733a353a2241444d494e223b6c6f67696e5f747970657c733a353a2261646d696e223b),
('485dfc8e2904c8d5670ba1598bd41fcbda89133d', '2405:201:a000:a34a:88b9:2b13:512a:58a0', 1726473280, 0x5f5f63695f6c6173745f726567656e65726174657c693a313732363437333238303b6c6173745f706167657c733a35323a2268747470733a2f2f6f72616e6765776865656c2e3373642e696e2f696e6465782e7068702f61646d696e2f64617368626f617264223b61646d696e5f6c6f67696e7c733a313a2231223b6c6f67696e5f757365725f69647c733a313a2231223b6e616d657c733a353a2241444d494e223b6c6f67696e5f747970657c733a353a2261646d696e223b),
('48bab79e1299d65028947f844bfa74d69f144379', '2405:201:a001:83e:4c5a:7ef7:db56:e6c', 1727944637, 0x5f5f63695f6c6173745f726567656e65726174657c693a313732373934343633373b61646d696e5f6c6f67696e7c733a313a2231223b6c6f67696e5f757365725f69647c733a313a2231223b6e616d657c733a353a2241444d494e223b6c6f67696e5f747970657c733a353a2261646d696e223b),
('4a585ead2f50b569536b855aef65e5d04a667a44', '2405:201:a000:a34a:c029:2d7:fbd7:ac9d', 1724914888, 0x5f5f63695f6c6173745f726567656e65726174657c693a313732343931343838383b6c6173745f706167657c733a35323a2268747470733a2f2f6f72616e6765776865656c2e3373642e696e2f696e6465782e7068702f61646d696e2f64617368626f617264223b61646d696e5f6c6f67696e7c733a313a2231223b6c6f67696e5f757365725f69647c733a313a2231223b6e616d657c733a353a2241444d494e223b6c6f67696e5f747970657c733a353a2261646d696e223b),
('4b76aeba0e5a32d4dbce420d9aed13281efe89a8', '2405:201:a000:a34a:7481:8f13:ab21:4ee0', 1728454150, 0x5f5f63695f6c6173745f726567656e65726174657c693a313732383435343135303b6c6173745f706167657c733a35323a2268747470733a2f2f6f72616e6765776865656c2e3373642e696e2f696e6465782e7068702f61646d696e2f64617368626f617264223b61646d696e5f6c6f67696e7c733a313a2231223b6c6f67696e5f757365725f69647c733a313a2231223b6e616d657c733a353a2241444d494e223b6c6f67696e5f747970657c733a353a2261646d696e223b),
('4b87cfb1b11def063891f5537ed5c8068ee9a90b', '2a02:4780:b:7::9', 1727775950, 0x5f5f63695f6c6173745f726567656e65726174657c693a313732373737353934393b),
('4c23b8fb264cdc001a429db671fd0592377af118', '2405:201:a000:a34a:c2c:6cbb:12ec:5d5a', 1724650542, 0x5f5f63695f6c6173745f726567656e65726174657c693a313732343635303534323b6c6173745f706167657c733a35323a2268747470733a2f2f6f72616e6765776865656c2e3373642e696e2f696e6465782e7068702f61646d696e2f64617368626f617264223b61646d696e5f6c6f67696e7c733a313a2231223b6c6f67696e5f757365725f69647c733a313a2231223b6e616d657c733a353a2241444d494e223b6c6f67696e5f747970657c733a353a2261646d696e223b),
('4ece4eb05d9a051bb5e71aef9de77a21c0897c55', '51.81.46.212', 1727005588, 0x5f5f63695f6c6173745f726567656e65726174657c693a313732373030353538383b),
('4f38596708601c0275210d184dbda3a2bd8d5132', '2405:201:a000:a34a:c029:2d7:fbd7:ac9d', 1724919147, 0x5f5f63695f6c6173745f726567656e65726174657c693a313732343931393134373b6c6173745f706167657c733a35323a2268747470733a2f2f6f72616e6765776865656c2e3373642e696e2f696e6465782e7068702f61646d696e2f64617368626f617264223b61646d696e5f6c6f67696e7c733a313a2231223b6c6f67696e5f757365725f69647c733a313a2231223b6e616d657c733a353a2241444d494e223b6c6f67696e5f747970657c733a353a2261646d696e223b),
('4f87f057f658823736a699de8ffdc16fbcb4c514', '2405:201:a000:a34a:d453:5808:ee9c:43b6', 1725010196, 0x5f5f63695f6c6173745f726567656e65726174657c693a313732353031303139363b6c6173745f706167657c733a35323a2268747470733a2f2f6f72616e6765776865656c2e3373642e696e2f696e6465782e7068702f61646d696e2f64617368626f617264223b61646d696e5f6c6f67696e7c733a313a2231223b6c6f67696e5f757365725f69647c733a313a2231223b6e616d657c733a353a2241444d494e223b6c6f67696e5f747970657c733a353a2261646d696e223b),
('5011e13bb5a26a2097fd9b46f7d5cd1bc2eb9379', '147.182.170.45', 1726547002, 0x5f5f63695f6c6173745f726567656e65726174657c693a313732363534373030323b),
('51229d9c63073b7788c1c54d4351a3092d6c7b97', '46.17.174.193', 1724225604, 0x5f5f63695f6c6173745f726567656e65726174657c693a313732343232353630343b),
('522117687a801bcb41cbbbc518e91bdea78b5eee', '2405:201:a000:a34a:c180:42fd:e066:9a64', 1727531947, 0x5f5f63695f6c6173745f726567656e65726174657c693a313732373533313637353b61646d696e5f6c6f67696e7c733a313a2231223b6c6f67696e5f757365725f69647c733a313a2231223b6e616d657c733a353a2241444d494e223b6c6f67696e5f747970657c733a353a2261646d696e223b),
('526cea662de0f5491af31a9857af391d9ccadf9d', '2405:201:a001:83e:ed46:a965:a0a7:cda7', 1724916013, 0x5f5f63695f6c6173745f726567656e65726174657c693a313732343931363031333b61646d696e5f6c6f67696e7c733a313a2231223b6c6f67696e5f757365725f69647c733a313a2231223b6e616d657c733a353a2241444d494e223b6c6f67696e5f747970657c733a353a2261646d696e223b6d6573736167657c733a31393a2255706461746564205375636365737366756c79223b5f5f63695f766172737c613a313a7b733a373a226d657373616765223b733a333a226f6c64223b7d),
('52af42050b1436e76e842fb832e636d709a3413d', '193.169.245.25', 1728347852, 0x5f5f63695f6c6173745f726567656e65726174657c693a313732383334373835323b),
('54738cfc98e433363502cfdca0ea28604e32db07', '2a03:b0c0:2:d0::10fd:3001', 1728345033, 0x5f5f63695f6c6173745f726567656e65726174657c693a313732383334353033333b),
('54c2fcea9c16969c2140bf53abf5b887dc5785bf', '35.86.239.250', 1724275690, 0x5f5f63695f6c6173745f726567656e65726174657c693a313732343237353639303b),
('5507e6a5f5b5afa18408aced0745b6a335a44dda', '2405:201:a000:a34a:ccc7:32fd:ce65:85eb', 1728300503, 0x5f5f63695f6c6173745f726567656e65726174657c693a313732383330303530333b6c6173745f706167657c733a35323a2268747470733a2f2f6f72616e6765776865656c2e3373642e696e2f696e6465782e7068702f61646d696e2f64617368626f617264223b61646d696e5f6c6f67696e7c733a313a2231223b6c6f67696e5f757365725f69647c733a313a2231223b6e616d657c733a353a2241444d494e223b6c6f67696e5f747970657c733a353a2261646d696e223b),
('55a0659a76796ebd685cda1729aae8dab3c14df6', '2a02:4780:b:7::9', 1726484812, 0x5f5f63695f6c6173745f726567656e65726174657c693a313732363438343831323b),
('55f43871c0b13963584bb9cce62e218cc315ef79', '2a02:4780:b:7::9', 1728390782, 0x5f5f63695f6c6173745f726567656e65726174657c693a313732383339303738313b),
('56067dfe27b4aeff80dc910a63f67fecfc3afc31', '2405:201:a000:a239:e062:c22c:cb65:234d', 1724311994, 0x5f5f63695f6c6173745f726567656e65726174657c693a313732343331313939343b6c6173745f706167657c733a35323a2268747470733a2f2f6f72616e6765776865656c2e3373642e696e2f696e6465782e7068702f61646d696e2f64617368626f617264223b),
('580922988d7fc09c7eb7297e20ecaa1fb079bc8d', '2a02:4780:b:7::9', 1725688596, 0x5f5f63695f6c6173745f726567656e65726174657c693a313732353638383539363b),
('58577135f42151682c7c07b4544603288c8e0738', '45.137.9.112', 1728211588, 0x5f5f63695f6c6173745f726567656e65726174657c693a313732383231313538383b),
('58b25bc935a5a4312a4c7d7d2c9178e03db451f6', '45.251.136.236', 1728318090, 0x5f5f63695f6c6173745f726567656e65726174657c693a313732383331383039303b),
('58b2c68ff50951e20ee52d84da1103638ca46e74', '2405:201:a000:a34a:a860:c94e:e9af:82c4', 1725630267, 0x5f5f63695f6c6173745f726567656e65726174657c693a313732353633303135393b6c6173745f706167657c733a35323a2268747470733a2f2f6f72616e6765776865656c2e3373642e696e2f696e6465782e7068702f61646d696e2f64617368626f617264223b61646d696e5f6c6f67696e7c733a313a2231223b6c6f67696e5f757365725f69647c733a313a2231223b6e616d657c733a353a2241444d494e223b6c6f67696e5f747970657c733a353a2261646d696e223b),
('597288c8acf4132ae65234e8225441e24369e24e', '2405:201:a000:a34a:4513:cddc:ac29:64f3', 1725257886, 0x5f5f63695f6c6173745f726567656e65726174657c693a313732353235373838363b6c6173745f706167657c733a35323a2268747470733a2f2f6f72616e6765776865656c2e3373642e696e2f696e6465782e7068702f61646d696e2f64617368626f617264223b61646d696e5f6c6f67696e7c733a313a2231223b6c6f67696e5f757365725f69647c733a313a2231223b6e616d657c733a353a2241444d494e223b6c6f67696e5f747970657c733a353a2261646d696e223b),
('5bb478a83475c54c84157b6628cc76e601c72229', '2405:201:a000:a34a:c029:2d7:fbd7:ac9d', 1724918330, 0x5f5f63695f6c6173745f726567656e65726174657c693a313732343931383333303b6c6173745f706167657c733a35323a2268747470733a2f2f6f72616e6765776865656c2e3373642e696e2f696e6465782e7068702f61646d696e2f64617368626f617264223b61646d696e5f6c6f67696e7c733a313a2231223b6c6f67696e5f757365725f69647c733a313a2231223b6e616d657c733a353a2241444d494e223b6c6f67696e5f747970657c733a353a2261646d696e223b),
('5f7c9a3c782bec3ef7208f91c27213c16834e0cf', '2405:201:a000:a34a:fc22:804d:445c:a148', 1727783710, 0x5f5f63695f6c6173745f726567656e65726174657c693a313732373738333731303b6c6173745f706167657c733a35323a2268747470733a2f2f6f72616e6765776865656c2e3373642e696e2f696e6465782e7068702f61646d696e2f64617368626f617264223b),
('5ff4529ba1277335bc4625a5456efc5142971266', '156.146.50.137', 1725169964, 0x5f5f63695f6c6173745f726567656e65726174657c693a313732353136393936343b),
('60145277b49d7ab96570a05ff3c9c8e10436d47b', '45.128.145.139', 1728244323, 0x5f5f63695f6c6173745f726567656e65726174657c693a313732383234343332333b),
('62cf2d99631bdd7b878a60850c62d624e6f46765', '103.225.84.13', 1728275300, 0x5f5f63695f6c6173745f726567656e65726174657c693a313732383237353330303b),
('63ec3edbba09dc976670d4ed260c6f091312a2e1', '104.131.190.110', 1724140836, 0x5f5f63695f6c6173745f726567656e65726174657c693a313732343134303833363b),
('6429a4711672f666668da0124dc31561290a6063', '2a02:4780:b:7::9', 1724843502, 0x5f5f63695f6c6173745f726567656e65726174657c693a313732343834333530323b),
('649749136f9e3819aa86eec7765843d7e1a54188', '103.225.84.13', 1728275306, 0x5f5f63695f6c6173745f726567656e65726174657c693a313732383237353330363b),
('65f7e87b998f35879e56c5c5cb906c4302981279', '2405:201:a000:a34a:a4ed:bb72:4914:6097', 1726202735, 0x5f5f63695f6c6173745f726567656e65726174657c693a313732363230323732333b6c6173745f706167657c733a35323a2268747470733a2f2f6f72616e6765776865656c2e3373642e696e2f696e6465782e7068702f61646d696e2f64617368626f617264223b61646d696e5f6c6f67696e7c733a313a2231223b6c6f67696e5f757365725f69647c733a313a2231223b6e616d657c733a353a2241444d494e223b6c6f67696e5f747970657c733a353a2261646d696e223b),
('661e14d3305317c7ca9a28e90c931a27b19de37e', '2405:201:a000:a34a:ccc7:32fd:ce65:85eb', 1728301669, 0x5f5f63695f6c6173745f726567656e65726174657c693a313732383330313636393b6c6173745f706167657c733a35323a2268747470733a2f2f6f72616e6765776865656c2e3373642e696e2f696e6465782e7068702f61646d696e2f64617368626f617264223b61646d696e5f6c6f67696e7c733a313a2231223b6c6f67696e5f757365725f69647c733a313a2231223b6e616d657c733a353a2241444d494e223b6c6f67696e5f747970657c733a353a2261646d696e223b),
('66b86ae40e2066975e615e4b7fabf892a2df06ae', '2405:201:a000:a34a:c12a:ba7c:b128:ffa1', 1725520017, 0x5f5f63695f6c6173745f726567656e65726174657c693a313732353532303031373b6c6173745f706167657c733a35323a2268747470733a2f2f6f72616e6765776865656c2e3373642e696e2f696e6465782e7068702f61646d696e2f64617368626f617264223b61646d696e5f6c6f67696e7c733a313a2231223b6c6f67696e5f757365725f69647c733a313a2231223b6e616d657c733a353a2241444d494e223b6c6f67696e5f747970657c733a353a2261646d696e223b),
('6710ad665a1710118071501649df8cb2e6ceab81', '2405:201:a000:a34a:d049:51a7:2913:5593', 1727943146, 0x5f5f63695f6c6173745f726567656e65726174657c693a313732373934333134363b61646d696e5f6c6f67696e7c733a313a2231223b6c6f67696e5f757365725f69647c733a313a2231223b6e616d657c733a353a2241444d494e223b6c6f67696e5f747970657c733a353a2261646d696e223b),
('671a9af36d57de0e3113d442e70856ad7101f475', '2405:201:a000:a239:e062:c22c:cb65:234d', 1724312009, 0x5f5f63695f6c6173745f726567656e65726174657c693a313732343331313939343b6c6173745f706167657c733a35323a2268747470733a2f2f6f72616e6765776865656c2e3373642e696e2f696e6465782e7068702f61646d696e2f64617368626f617264223b61646d696e5f6c6f67696e7c733a313a2231223b6c6f67696e5f757365725f69647c733a313a2231223b6e616d657c733a353a2241444d494e223b6c6f67696e5f747970657c733a353a2261646d696e223b),
('67c5974299d40e5754cef25b0998efd156fb37ab', '2a02:4780:b:7::9', 1725016302, 0x5f5f63695f6c6173745f726567656e65726174657c693a313732353031363330323b),
('6b043cd85e4cebd6edec34b2e3dac344c5be9c9f', '2405:201:a000:a34a:119:a70d:4935:35cf', 1728382946, 0x5f5f63695f6c6173745f726567656e65726174657c693a313732383338323934363b6c6173745f706167657c733a35323a2268747470733a2f2f6f72616e6765776865656c2e3373642e696e2f696e6465782e7068702f61646d696e2f64617368626f617264223b61646d696e5f6c6f67696e7c733a313a2231223b6c6f67696e5f757365725f69647c733a313a2231223b6e616d657c733a353a2241444d494e223b6c6f67696e5f747970657c733a353a2261646d696e223b),
('6b40971d081d0602a6296f590f4ef3bcc2a7c5ac', '2405:201:a000:a34a:ccc7:32fd:ce65:85eb', 1728303033, 0x5f5f63695f6c6173745f726567656e65726174657c693a313732383330333033333b6c6173745f706167657c733a35323a2268747470733a2f2f6f72616e6765776865656c2e3373642e696e2f696e6465782e7068702f61646d696e2f64617368626f617264223b61646d696e5f6c6f67696e7c733a313a2231223b6c6f67696e5f757365725f69647c733a313a2231223b6e616d657c733a353a2241444d494e223b6c6f67696e5f747970657c733a353a2261646d696e223b),
('6c72b2d1cf61b179cec0cc98afd31a64636006f4', '2405:201:a001:83e:ed46:a965:a0a7:cda7', 1724918042, 0x5f5f63695f6c6173745f726567656e65726174657c693a313732343931383032383b61646d696e5f6c6f67696e7c733a313a2231223b6c6f67696e5f757365725f69647c733a313a2231223b6e616d657c733a353a2241444d494e223b6c6f67696e5f747970657c733a353a2261646d696e223b),
('6ca8c3fa41febe86db2eea9e7c055440752afeab', '2405:201:a000:a34a:ccc7:32fd:ce65:85eb', 1728280992, 0x5f5f63695f6c6173745f726567656e65726174657c693a313732383238303939323b6c6173745f706167657c733a35323a2268747470733a2f2f6f72616e6765776865656c2e3373642e696e2f696e6465782e7068702f61646d696e2f64617368626f617264223b61646d696e5f6c6f67696e7c733a313a2231223b6c6f67696e5f757365725f69647c733a313a2231223b6e616d657c733a353a2241444d494e223b6c6f67696e5f747970657c733a353a2261646d696e223b),
('6ccb480b00e1a54add5f9a48d7f3ac3ce7217dcd', '2a02:4780:b:7::9', 1726571212, 0x5f5f63695f6c6173745f726567656e65726174657c693a313732363537313231323b),
('6d17bc91c76808062e571b1c32354c0dbc664cdf', '2405:201:a000:a34a:c2c:6cbb:12ec:5d5a', 1724663903, 0x5f5f63695f6c6173745f726567656e65726174657c693a313732343636333830323b6c6173745f706167657c733a35323a2268747470733a2f2f6f72616e6765776865656c2e3373642e696e2f696e6465782e7068702f61646d696e2f64617368626f617264223b61646d696e5f6c6f67696e7c733a313a2231223b6c6f67696e5f757365725f69647c733a313a2231223b6e616d657c733a353a2241444d494e223b6c6f67696e5f747970657c733a353a2261646d696e223b);
INSERT INTO `ci_sessions` (`id`, `ip_address`, `timestamp`, `data`) VALUES
('6da18db65033d826819437d2d9dfd79c1044f5a2', '2405:201:a001:83e:4c5a:7ef7:db56:e6c', 1727944302, 0x5f5f63695f6c6173745f726567656e65726174657c693a313732373934343330323b61646d696e5f6c6f67696e7c733a313a2231223b6c6f67696e5f757365725f69647c733a313a2231223b6e616d657c733a353a2241444d494e223b6c6f67696e5f747970657c733a353a2261646d696e223b),
('6db82ec4892ff45d9d0f7844147e27e5b6665117', '2405:201:a000:a34a:88b9:2b13:512a:58a0', 1726466155, 0x5f5f63695f6c6173745f726567656e65726174657c693a313732363436363135353b6c6173745f706167657c733a35323a2268747470733a2f2f6f72616e6765776865656c2e3373642e696e2f696e6465782e7068702f61646d696e2f64617368626f617264223b61646d696e5f6c6f67696e7c733a313a2231223b6c6f67696e5f757365725f69647c733a313a2231223b6e616d657c733a353a2241444d494e223b6c6f67696e5f747970657c733a353a2261646d696e223b),
('6f195dc4210bd4f2edf2c241caf697f9d9b23770', '2a02:4780:b:7::9', 1726108896, 0x5f5f63695f6c6173745f726567656e65726174657c693a313732363130383839363b),
('6f6096c32651fdeb62732d058b9bc12a7c342a00', '2405:201:a000:a239:3148:77a5:9fb8:8ba3', 1724218176, 0x5f5f63695f6c6173745f726567656e65726174657c693a313732343231373735383b6c6173745f706167657c733a35323a2268747470733a2f2f6f72616e6765776865656c2e3373642e696e2f696e6465782e7068702f61646d696e2f64617368626f617264223b61646d696e5f6c6f67696e7c733a313a2231223b6c6f67696e5f757365725f69647c733a313a2231223b6e616d657c733a353a2241444d494e223b6c6f67696e5f747970657c733a353a2261646d696e223b),
('6ff09be0795967157e613dc14b85ed0718aca550', '103.122.177.230', 1728252995, 0x5f5f63695f6c6173745f726567656e65726174657c693a313732383235323939353b),
('70a406e2290566ad5f8d210132f5ba6261a19186', '2a02:4780:b:7::9', 1726916812, 0x5f5f63695f6c6173745f726567656e65726174657c693a313732363931363831323b),
('716c8ad1088a28ad071a51c746380f92069c7902', '2405:201:a000:a34a:c09:7ef9:4402:adbf', 1725424672, 0x5f5f63695f6c6173745f726567656e65726174657c693a313732353432343634363b6c6173745f706167657c733a35323a2268747470733a2f2f6f72616e6765776865656c2e3373642e696e2f696e6465782e7068702f61646d696e2f64617368626f617264223b61646d696e5f6c6f67696e7c733a313a2231223b6c6f67696e5f757365725f69647c733a313a2231223b6e616d657c733a353a2241444d494e223b6c6f67696e5f747970657c733a353a2261646d696e223b),
('71b586a421ec63db2c6652d2ffab767357d3a657', '2a02:4780:b:7::9', 1725429396, 0x5f5f63695f6c6173745f726567656e65726174657c693a313732353432393339363b),
('71ee0fde7cfefbceec90658a485d5123975409d4', '2405:201:a000:a239:ed03:25f3:e5ef:e820', 1724396299, 0x5f5f63695f6c6173745f726567656e65726174657c693a313732343339363234373b6c6173745f706167657c733a35323a2268747470733a2f2f6f72616e6765776865656c2e3373642e696e2f696e6465782e7068702f61646d696e2f64617368626f617264223b),
('720241f37528c6220aa2c4d0896ac58fad042c1e', '2405:201:a000:a34a:88b9:2b13:512a:58a0', 1726496026, 0x5f5f63695f6c6173745f726567656e65726174657c693a313732363439363032353b6c6173745f706167657c733a35323a2268747470733a2f2f6f72616e6765776865656c2e3373642e696e2f696e6465782e7068702f61646d696e2f64617368626f617264223b61646d696e5f6c6f67696e7c733a313a2231223b6c6f67696e5f757365725f69647c733a313a2231223b6e616d657c733a353a2241444d494e223b6c6f67696e5f747970657c733a353a2261646d696e223b),
('74714983d03fc26539315d4c351fd90affb371cf', '2405:201:a000:a34a:ccc7:32fd:ce65:85eb', 1728302386, 0x5f5f63695f6c6173745f726567656e65726174657c693a313732383330323338363b6c6173745f706167657c733a35323a2268747470733a2f2f6f72616e6765776865656c2e3373642e696e2f696e6465782e7068702f61646d696e2f64617368626f617264223b61646d696e5f6c6f67696e7c733a313a2231223b6c6f67696e5f757365725f69647c733a313a2231223b6e616d657c733a353a2241444d494e223b6c6f67696e5f747970657c733a353a2261646d696e223b),
('75a071c2c795920d8e613ed29ca192ffe290b364', '2405:201:a000:a34a:b57c:6411:16ba:f471', 1728456720, 0x5f5f63695f6c6173745f726567656e65726174657c693a313732383435363534373b6c6173745f706167657c733a35323a2268747470733a2f2f6f72616e6765776865656c2e3373642e696e2f696e6465782e7068702f61646d696e2f64617368626f617264223b61646d696e5f6c6f67696e7c733a313a2231223b6c6f67696e5f757365725f69647c733a313a2231223b6e616d657c733a353a2241444d494e223b6c6f67696e5f747970657c733a353a2261646d696e223b),
('7629c415a8e90fff9ce5245e03d9e422633657bf', '2405:201:a001:83e:8c9b:fe90:9ea9:fac6', 1728456425, 0x5f5f63695f6c6173745f726567656e65726174657c693a313732383435363432353b),
('76f7972244671e75cad4e905da68507244ba2724', '2a02:4780:b:7::9', 1725515796, 0x5f5f63695f6c6173745f726567656e65726174657c693a313732353531353739363b),
('779723bd67f0dbba1c5a972380b58562aa28b41c', '2405:201:a000:a34a:88b9:2b13:512a:58a0', 1726463650, 0x5f5f63695f6c6173745f726567656e65726174657c693a313732363436333635303b6c6173745f706167657c733a35323a2268747470733a2f2f6f72616e6765776865656c2e3373642e696e2f696e6465782e7068702f61646d696e2f64617368626f617264223b),
('78cf321e72a65d770ac5a20fe0215283fd36b3d1', '2405:201:a001:83e:c599:1ee9:ad80:e6e4', 1725536836, 0x5f5f63695f6c6173745f726567656e65726174657c693a313732353533363833363b6c6173745f706167657c733a35323a2268747470733a2f2f6f72616e6765776865656c2e3373642e696e2f696e6465782e7068702f61646d696e2f64617368626f617264223b61646d696e5f6c6f67696e7c733a313a2231223b6c6f67696e5f757365725f69647c733a313a2231223b6e616d657c733a353a2241444d494e223b6c6f67696e5f747970657c733a353a2261646d696e223b),
('79a89cde87dacdb0a000bd16d67f07b4e75d26f2', '2405:201:a000:a34a:5de4:f250:48a7:db1e', 1726115342, 0x5f5f63695f6c6173745f726567656e65726174657c693a313732363131353333303b6c6173745f706167657c733a35323a2268747470733a2f2f6f72616e6765776865656c2e3373642e696e2f696e6465782e7068702f61646d696e2f64617368626f617264223b61646d696e5f6c6f67696e7c733a313a2231223b6c6f67696e5f757365725f69647c733a313a2231223b6e616d657c733a353a2241444d494e223b6c6f67696e5f747970657c733a353a2261646d696e223b),
('7ba07a5878067febf7d33768b6a0e584f7ed348b', '2a02:4780:b:7::9', 1726990632, 0x5f5f63695f6c6173745f726567656e65726174657c693a313732363939303633323b),
('7c556a607ca8be98b6e6e8d957b6c78784eaada2', '2405:201:a000:a34a:d453:5808:ee9c:43b6', 1725014504, 0x5f5f63695f6c6173745f726567656e65726174657c693a313732353031343530343b6c6173745f706167657c733a35323a2268747470733a2f2f6f72616e6765776865656c2e3373642e696e2f696e6465782e7068702f61646d696e2f64617368626f617264223b61646d696e5f6c6f67696e7c733a313a2231223b6c6f67696e5f757365725f69647c733a313a2231223b6e616d657c733a353a2241444d494e223b6c6f67696e5f747970657c733a353a2261646d696e223b),
('7cd27ad01743c7be17e8f944a5d484ccc3164243', '2a02:4780:b:7::9', 1725342996, 0x5f5f63695f6c6173745f726567656e65726174657c693a313732353334323939363b),
('7d20eabe60bd2e94454776ed770d32d9da2e47e2', '103.122.177.230', 1728252981, 0x5f5f63695f6c6173745f726567656e65726174657c693a313732383235323938313b),
('7d8b5c4f58c571faa530dfbdb48587ad5f7d5911', '2405:201:a001:83e:4c5a:7ef7:db56:e6c', 1727944706, 0x5f5f63695f6c6173745f726567656e65726174657c693a313732373934343633373b61646d696e5f6c6f67696e7c733a313a2231223b6c6f67696e5f757365725f69647c733a313a2231223b6e616d657c733a353a2241444d494e223b6c6f67696e5f747970657c733a353a2261646d696e223b),
('7f0f7632d765d69faa811680245041ff4c23c315', '2405:201:a000:a34a:ccc7:32fd:ce65:85eb', 1728286297, 0x5f5f63695f6c6173745f726567656e65726174657c693a313732383238363239373b6c6173745f706167657c733a35323a2268747470733a2f2f6f72616e6765776865656c2e3373642e696e2f696e6465782e7068702f61646d696e2f64617368626f617264223b61646d696e5f6c6f67696e7c733a313a2231223b6c6f67696e5f757365725f69647c733a313a2231223b6e616d657c733a353a2241444d494e223b6c6f67696e5f747970657c733a353a2261646d696e223b),
('8035edbc444f027f5c0af7312957f0d51cc804d6', '205.169.39.229', 1728345099, 0x5f5f63695f6c6173745f726567656e65726174657c693a313732383334353039393b),
('80cd1ff8e71f8f6cfc6e030152d15aeac8b835d6', '2405:201:a000:a34a:b510:5c75:1a27:acbc', 1724740683, 0x5f5f63695f6c6173745f726567656e65726174657c693a313732343734303638333b6c6173745f706167657c733a35323a2268747470733a2f2f6f72616e6765776865656c2e3373642e696e2f696e6465782e7068702f61646d696e2f64617368626f617264223b61646d696e5f6c6f67696e7c733a313a2231223b6c6f67696e5f757365725f69647c733a313a2231223b6e616d657c733a353a2241444d494e223b6c6f67696e5f747970657c733a353a2261646d696e223b),
('81dfb178dc4a5171c3ad19e07fb6b7262fd9e15e', '2405:201:a000:a34a:ddac:918a:9932:52cd', 1727701028, 0x5f5f63695f6c6173745f726567656e65726174657c693a313732373730313032383b61646d696e5f6c6f67696e7c733a313a2231223b6c6f67696e5f757365725f69647c733a313a2231223b6e616d657c733a353a2241444d494e223b6c6f67696e5f747970657c733a353a2261646d696e223b),
('840cea0f4064d13f38f0a12df8c81661f1dd7106', '2a02:4780:b:7::9', 1728330852, 0x5f5f63695f6c6173745f726567656e65726174657c693a313732383333303835323b),
('848e24bd02f865cab627b98a1bc0b8ca4387e8df', '2405:201:a001:83e:c599:1ee9:ad80:e6e4', 1725532217, 0x5f5f63695f6c6173745f726567656e65726174657c693a313732353533323231373b6c6173745f706167657c733a35323a2268747470733a2f2f6f72616e6765776865656c2e3373642e696e2f696e6465782e7068702f61646d696e2f64617368626f617264223b61646d696e5f6c6f67696e7c733a313a2231223b6c6f67696e5f757365725f69647c733a313a2231223b6e616d657c733a353a2241444d494e223b6c6f67696e5f747970657c733a353a2261646d696e223b),
('848fd19dc0847259ce27c10ad4bccaf4a53061c4', '2405:201:a000:a239:1059:84dd:1bd5:87e6', 1724243039, 0x5f5f63695f6c6173745f726567656e65726174657c693a313732343234333030393b6c6173745f706167657c733a36373a2268747470733a2f2f6f72616e6765776865656c2e3373642e696e2f696e6465782e7068702f61646d696e2f70617469656e745f76697369745f686973746f72792f3839223b61646d696e5f6c6f67696e7c733a313a2231223b6c6f67696e5f757365725f69647c733a313a2231223b6e616d657c733a353a2241444d494e223b6c6f67696e5f747970657c733a353a2261646d696e223b),
('84d721dc129963ebe408b14bf7f9f0c85e690833', '2a01:4f8:10a:2d6::2', 1728345248, 0x5f5f63695f6c6173745f726567656e65726174657c693a313732383334353234383b),
('86bb6294b1b0fac605e5e39f6f81e485963e7d28', '2405:201:a000:a34a:7d43:a94d:ff58:dd21', 1726561457, 0x5f5f63695f6c6173745f726567656e65726174657c693a313732363536313435373b6c6173745f706167657c733a35323a2268747470733a2f2f6f72616e6765776865656c2e3373642e696e2f696e6465782e7068702f61646d696e2f64617368626f617264223b61646d696e5f6c6f67696e7c733a313a2231223b6c6f67696e5f757365725f69647c733a313a2231223b6e616d657c733a353a2241444d494e223b6c6f67696e5f747970657c733a353a2261646d696e223b),
('889aaefd68ea08b4998b4b270d26fa26c665b085', '2405:201:a000:a34a:7d43:a94d:ff58:dd21', 1726554967, 0x5f5f63695f6c6173745f726567656e65726174657c693a313732363535343936373b6c6173745f706167657c733a35323a2268747470733a2f2f6f72616e6765776865656c2e3373642e696e2f696e6465782e7068702f61646d696e2f64617368626f617264223b61646d696e5f6c6f67696e7c733a313a2231223b6c6f67696e5f757365725f69647c733a313a2231223b6e616d657c733a353a2241444d494e223b6c6f67696e5f747970657c733a353a2261646d696e223b),
('8baaa38853e8602aaa656d41b12ffd945fe156bb', '2405:201:a000:a34a:c12a:ba7c:b128:ffa1', 1725516024, 0x5f5f63695f6c6173745f726567656e65726174657c693a313732353531363032343b6c6173745f706167657c733a35323a2268747470733a2f2f6f72616e6765776865656c2e3373642e696e2f696e6465782e7068702f61646d696e2f64617368626f617264223b61646d696e5f6c6f67696e7c733a313a2231223b6c6f67696e5f757365725f69647c733a313a2231223b6e616d657c733a353a2241444d494e223b6c6f67696e5f747970657c733a353a2261646d696e223b),
('8ca04dc2de250f9306fa73dc84758252224c0427', '2405:201:a001:83e:8c9b:fe90:9ea9:fac6', 1728456925, 0x5f5f63695f6c6173745f726567656e65726174657c693a313732383435363932353b61646d696e5f6c6f67696e7c733a313a2231223b6c6f67696e5f757365725f69647c733a313a2231223b6e616d657c733a353a2241444d494e223b6c6f67696e5f747970657c733a353a2261646d696e223b),
('8d182543456e62bc027f378363e7fdd5ce179eb5', '2405:201:a000:a34a:d049:51a7:2913:5593', 1727937507, 0x5f5f63695f6c6173745f726567656e65726174657c693a313732373933373530373b61646d696e5f6c6f67696e7c733a313a2231223b6c6f67696e5f757365725f69647c733a313a2231223b6e616d657c733a353a2241444d494e223b6c6f67696e5f747970657c733a353a2261646d696e223b),
('8e10b5a0b0d866fbdd2cfc77ba812a9b5d7869ca', '2405:201:a000:a34a:ccc7:32fd:ce65:85eb', 1728299627, 0x5f5f63695f6c6173745f726567656e65726174657c693a313732383239393632373b6c6173745f706167657c733a35323a2268747470733a2f2f6f72616e6765776865656c2e3373642e696e2f696e6465782e7068702f61646d696e2f64617368626f617264223b61646d696e5f6c6f67696e7c733a313a2231223b6c6f67696e5f757365725f69647c733a313a2231223b6e616d657c733a353a2241444d494e223b6c6f67696e5f747970657c733a353a2261646d696e223b),
('8e64160948aa30ebc0348292f7a85aa489528e60', '2405:201:a000:a34a:bcbf:1627:21f3:5f08', 1725339327, 0x5f5f63695f6c6173745f726567656e65726174657c693a313732353333393331313b6c6173745f706167657c733a35323a2268747470733a2f2f6f72616e6765776865656c2e3373642e696e2f696e6465782e7068702f61646d696e2f64617368626f617264223b61646d696e5f6c6f67696e7c733a313a2231223b6c6f67696e5f757365725f69647c733a313a2231223b6e616d657c733a353a2241444d494e223b6c6f67696e5f747970657c733a353a2261646d696e223b),
('8e7f54173d78546e5fea5fd0002f36fc18404b2f', '2a02:4780:b:7::9', 1727249832, 0x5f5f63695f6c6173745f726567656e65726174657c693a313732373234393833323b),
('905ea5af7d73061094f1d5fdd63c0e4dad0e5435', '2405:201:a000:a34a:c029:2d7:fbd7:ac9d', 1724916217, 0x5f5f63695f6c6173745f726567656e65726174657c693a313732343931363231373b6c6173745f706167657c733a35323a2268747470733a2f2f6f72616e6765776865656c2e3373642e696e2f696e6465782e7068702f61646d696e2f64617368626f617264223b61646d696e5f6c6f67696e7c733a313a2231223b6c6f67696e5f757365725f69647c733a313a2231223b6e616d657c733a353a2241444d494e223b6c6f67696e5f747970657c733a353a2261646d696e223b),
('90f529237a2975d2a4e7b960f2a7b9c224d7e5ad', '2405:201:a000:a34a:fd80:ded4:6feb:5d53', 1728116318, 0x5f5f63695f6c6173745f726567656e65726174657c693a313732383131363331383b61646d696e5f6c6f67696e7c733a313a2231223b6c6f67696e5f757365725f69647c733a313a2231223b6e616d657c733a353a2241444d494e223b6c6f67696e5f747970657c733a353a2261646d696e223b),
('9245c041252b802d988b99f87fd39cfe59408b02', '2405:201:a001:83e:c599:1ee9:ad80:e6e4', 1725535347, 0x5f5f63695f6c6173745f726567656e65726174657c693a313732353533353334373b6c6173745f706167657c733a35323a2268747470733a2f2f6f72616e6765776865656c2e3373642e696e2f696e6465782e7068702f61646d696e2f64617368626f617264223b61646d696e5f6c6f67696e7c733a313a2231223b6c6f67696e5f757365725f69647c733a313a2231223b6e616d657c733a353a2241444d494e223b6c6f67696e5f747970657c733a353a2261646d696e223b),
('928dfd55f7057203e49062c72c35bee3f6d7b183', '2405:201:a001:83e:c599:1ee9:ad80:e6e4', 1725534971, 0x5f5f63695f6c6173745f726567656e65726174657c693a313732353533343937313b6c6173745f706167657c733a35323a2268747470733a2f2f6f72616e6765776865656c2e3373642e696e2f696e6465782e7068702f61646d696e2f64617368626f617264223b61646d696e5f6c6f67696e7c733a313a2231223b6c6f67696e5f757365725f69647c733a313a2231223b6e616d657c733a353a2241444d494e223b6c6f67696e5f747970657c733a353a2261646d696e223b),
('9327f8c68d444644b31a03d6a2fc7b6f6c04e3ae', '2405:201:a000:a34a:b510:5c75:1a27:acbc', 1724737230, 0x5f5f63695f6c6173745f726567656e65726174657c693a313732343733373233303b6c6173745f706167657c733a35323a2268747470733a2f2f6f72616e6765776865656c2e3373642e696e2f696e6465782e7068702f61646d696e2f64617368626f617264223b61646d696e5f6c6f67696e7c733a313a2231223b6c6f67696e5f757365725f69647c733a313a2231223b6e616d657c733a353a2241444d494e223b6c6f67696e5f747970657c733a353a2261646d696e223b),
('945ee4c7300cb4b7002a47ac05c37da57a82c759', '2405:201:a001:83e:a929:1c0f:1223:6c83', 1724740793, 0x5f5f63695f6c6173745f726567656e65726174657c693a313732343734303737333b61646d696e5f6c6f67696e7c733a313a2231223b6c6f67696e5f757365725f69647c733a313a2231223b6e616d657c733a353a2241444d494e223b6c6f67696e5f747970657c733a353a2261646d696e223b),
('9694ea37e2d2292cd4946d1c3c5b4c3ed5144168', '2405:201:a001:83e:c599:1ee9:ad80:e6e4', 1725531054, 0x5f5f63695f6c6173745f726567656e65726174657c693a313732353533313035343b6c6173745f706167657c733a35323a2268747470733a2f2f6f72616e6765776865656c2e3373642e696e2f696e6465782e7068702f61646d696e2f64617368626f617264223b),
('97438df5305749b4416d1b7e251885e528895aab', '2405:201:a000:a1a8:69d4:9de2:e834:8b80', 1724480369, 0x5f5f63695f6c6173745f726567656e65726174657c693a313732343438303336393b6c6173745f706167657c733a35323a2268747470733a2f2f6f72616e6765776865656c2e3373642e696e2f696e6465782e7068702f61646d696e2f64617368626f617264223b61646d696e5f6c6f67696e7c733a313a2231223b6c6f67696e5f757365725f69647c733a313a2231223b6e616d657c733a353a2241444d494e223b6c6f67696e5f747970657c733a353a2261646d696e223b),
('97c301e99be999d2eb46fd13ec60070d5adc5c98', '2405:201:a000:a34a:119:a70d:4935:35cf', 1728384336, 0x5f5f63695f6c6173745f726567656e65726174657c693a313732383338343333363b6c6173745f706167657c733a35323a2268747470733a2f2f6f72616e6765776865656c2e3373642e696e2f696e6465782e7068702f61646d696e2f64617368626f617264223b61646d696e5f6c6f67696e7c733a313a2231223b6c6f67696e5f757365725f69647c733a313a2231223b6e616d657c733a353a2241444d494e223b6c6f67696e5f747970657c733a353a2261646d696e223b),
('9850f1a81d6e4454799da73bc81de1c83963638b', '2405:201:a000:a34a:3883:dece:4b46:c99d', 1725369171, 0x5f5f63695f6c6173745f726567656e65726174657c693a313732353336383839353b6c6173745f706167657c733a35323a2268747470733a2f2f6f72616e6765776865656c2e3373642e696e2f696e6465782e7068702f61646d696e2f64617368626f617264223b61646d696e5f6c6f67696e7c733a313a2231223b6c6f67696e5f757365725f69647c733a313a2231223b6e616d657c733a353a2241444d494e223b6c6f67696e5f747970657c733a353a2261646d696e223b),
('98af40ffd65a0a9c2aacda90869ab096973db097', '2405:201:a000:a34a:7d43:a94d:ff58:dd21', 1726553823, 0x5f5f63695f6c6173745f726567656e65726174657c693a313732363535333832333b6c6173745f706167657c733a35323a2268747470733a2f2f6f72616e6765776865656c2e3373642e696e2f696e6465782e7068702f61646d696e2f64617368626f617264223b61646d696e5f6c6f67696e7c733a313a2231223b6c6f67696e5f757365725f69647c733a313a2231223b6e616d657c733a353a2241444d494e223b6c6f67696e5f747970657c733a353a2261646d696e223b),
('98f2dbe45507c829e1287435a31d29864b4c9a81', '2405:201:a000:a34a:d049:51a7:2913:5593', 1727942808, 0x5f5f63695f6c6173745f726567656e65726174657c693a313732373934323830383b61646d696e5f6c6f67696e7c733a313a2231223b6c6f67696e5f757365725f69647c733a313a2231223b6e616d657c733a353a2241444d494e223b6c6f67696e5f747970657c733a353a2261646d696e223b),
('99393aeb45efb8acf617f54beb74ce8dafa3d130', '2a02:4780:b:7::9', 1724929902, 0x5f5f63695f6c6173745f726567656e65726174657c693a313732343932393930323b),
('999569e41455cb42a4d1f6d92686ba25b01f9e86', '2a02:4780:b:7::9', 1726657613, 0x5f5f63695f6c6173745f726567656e65726174657c693a313732363635373631333b),
('99d0a963a14d39a5117b981661ad5fea57a82549', '2405:201:a000:a34a:c029:2d7:fbd7:ac9d', 1724915318, 0x5f5f63695f6c6173745f726567656e65726174657c693a313732343931353331383b6c6173745f706167657c733a35323a2268747470733a2f2f6f72616e6765776865656c2e3373642e696e2f696e6465782e7068702f61646d696e2f64617368626f617264223b61646d696e5f6c6f67696e7c733a313a2231223b6c6f67696e5f757365725f69647c733a313a2231223b6e616d657c733a353a2241444d494e223b6c6f67696e5f747970657c733a353a2261646d696e223b),
('9a19abe0ad8dc54751082f242d091214900b541b', '2405:201:a000:a34a:119:a70d:4935:35cf', 1728382636, 0x5f5f63695f6c6173745f726567656e65726174657c693a313732383338323633363b6c6173745f706167657c733a35323a2268747470733a2f2f6f72616e6765776865656c2e3373642e696e2f696e6465782e7068702f61646d696e2f64617368626f617264223b61646d696e5f6c6f67696e7c733a313a2231223b6c6f67696e5f757365725f69647c733a313a2231223b6e616d657c733a353a2241444d494e223b6c6f67696e5f747970657c733a353a2261646d696e223b),
('9aa3b9b46a8d2cb9cce6acee389880d44357942f', '2405:201:a001:83e:18a:33f0:2c4e:f7f9', 1728456111, 0x5f5f63695f6c6173745f726567656e65726174657c693a313732383435363039353b61646d696e5f6c6f67696e7c733a313a2231223b6c6f67696e5f757365725f69647c733a313a2231223b6e616d657c733a353a2241444d494e223b6c6f67696e5f747970657c733a353a2261646d696e223b),
('9aadc3aeeff6c6f185a9e1459ac534787bb8bb44', '2405:201:a000:a34a:ccc7:32fd:ce65:85eb', 1728303472, 0x5f5f63695f6c6173745f726567656e65726174657c693a313732383330333437323b6c6173745f706167657c733a35323a2268747470733a2f2f6f72616e6765776865656c2e3373642e696e2f696e6465782e7068702f61646d696e2f64617368626f617264223b61646d696e5f6c6f67696e7c733a313a2231223b6c6f67696e5f757365725f69647c733a313a2231223b6e616d657c733a353a2241444d494e223b6c6f67696e5f747970657c733a353a2261646d696e223b),
('9bc5d05113f102ad65fc3f585987c5f5dd3507ed', '2405:201:a000:a34a:ccc7:32fd:ce65:85eb', 1728286377, 0x5f5f63695f6c6173745f726567656e65726174657c693a313732383238363239373b6c6173745f706167657c733a35323a2268747470733a2f2f6f72616e6765776865656c2e3373642e696e2f696e6465782e7068702f61646d696e2f64617368626f617264223b61646d696e5f6c6f67696e7c733a313a2231223b6c6f67696e5f757365725f69647c733a313a2231223b6e616d657c733a353a2241444d494e223b6c6f67696e5f747970657c733a353a2261646d696e223b),
('9c01c928536553a20cf756591af48b757d8827f6', '2405:201:a000:a34a:d453:5808:ee9c:43b6', 1724993080, 0x5f5f63695f6c6173745f726567656e65726174657c693a313732343939323832343b6c6173745f706167657c733a35323a2268747470733a2f2f6f72616e6765776865656c2e3373642e696e2f696e6465782e7068702f61646d696e2f64617368626f617264223b61646d696e5f6c6f67696e7c733a313a2231223b6c6f67696e5f757365725f69647c733a313a2231223b6e616d657c733a353a2241444d494e223b6c6f67696e5f747970657c733a353a2261646d696e223b),
('9d6c9caabe75352fa864fbd7caced2b0b7c77e4e', '2405:201:a000:a34a:119:a70d:4935:35cf', 1728382008, 0x5f5f63695f6c6173745f726567656e65726174657c693a313732383338323030383b6c6173745f706167657c733a35323a2268747470733a2f2f6f72616e6765776865656c2e3373642e696e2f696e6465782e7068702f61646d696e2f64617368626f617264223b61646d696e5f6c6f67696e7c733a313a2231223b6c6f67696e5f757365725f69647c733a313a2231223b6e616d657c733a353a2241444d494e223b6c6f67696e5f747970657c733a353a2261646d696e223b),
('a00ad2b4ab3d23289d861597da8ac199bb712ada', '2a06:4880:9000::97', 1725206251, 0x5f5f63695f6c6173745f726567656e65726174657c693a313732353230363235313b),
('a00c054864824e1c3184610102fc8720d009483c', '2a02:4780:b:7::9', 1725936096, 0x5f5f63695f6c6173745f726567656e65726174657c693a313732353933363039363b),
('a01b2964cbead18684b87b64ca0ed78a2f6d8354', '2405:201:a000:a34a:e5bb:54c7:8e0b:32a0', 1726807858, 0x5f5f63695f6c6173745f726567656e65726174657c693a313732363830373835383b6c6173745f706167657c733a35323a2268747470733a2f2f6f72616e6765776865656c2e3373642e696e2f696e6465782e7068702f61646d696e2f64617368626f617264223b61646d696e5f6c6f67696e7c733a313a2231223b6c6f67696e5f757365725f69647c733a313a2231223b6e616d657c733a353a2241444d494e223b6c6f67696e5f747970657c733a353a2261646d696e223b),
('a09f079d2ef8d3361459ac4c3fba4a71d87b86de', '2401:4900:75a3:b2fe:78c5:4126:ea5f:3651', 1728454884, 0x5f5f63695f6c6173745f726567656e65726174657c693a313732383435343838343b6c6173745f706167657c733a35323a2268747470733a2f2f6f72616e6765776865656c2e3373642e696e2f696e6465782e7068702f61646d696e2f64617368626f617264223b61646d696e5f6c6f67696e7c733a313a2231223b6c6f67696e5f757365725f69647c733a313a2231223b6e616d657c733a353a2241444d494e223b6c6f67696e5f747970657c733a353a2261646d696e223b),
('a0ab8e7da1ec04648f41dfdae2c90d84611a0290', '2401:4900:75a3:b2fe:78c5:4126:ea5f:3651', 1728456547, 0x5f5f63695f6c6173745f726567656e65726174657c693a313732383435363534373b6c6173745f706167657c733a35323a2268747470733a2f2f6f72616e6765776865656c2e3373642e696e2f696e6465782e7068702f61646d696e2f64617368626f617264223b61646d696e5f6c6f67696e7c733a313a2231223b6c6f67696e5f757365725f69647c733a313a2231223b6e616d657c733a353a2241444d494e223b6c6f67696e5f747970657c733a353a2261646d696e223b),
('a155ab42281b0a4e9f6c7ffee8f8f77c8a6e7741', '103.225.84.13', 1728275310, 0x5f5f63695f6c6173745f726567656e65726174657c693a313732383237353331303b),
('a17dd35ac6b18a739aec5eaef967efd86db0a924', '2405:201:a000:a34a:c2c:6cbb:12ec:5d5a', 1724657577, 0x5f5f63695f6c6173745f726567656e65726174657c693a313732343635373537373b6c6173745f706167657c733a35323a2268747470733a2f2f6f72616e6765776865656c2e3373642e696e2f696e6465782e7068702f61646d696e2f64617368626f617264223b61646d696e5f6c6f67696e7c733a313a2231223b6c6f67696e5f757365725f69647c733a313a2231223b6e616d657c733a353a2241444d494e223b6c6f67696e5f747970657c733a353a2261646d696e223b),
('a34058b64d57525ec8c16732c69b0bc4a98bcade', '2405:201:a000:a34a:44ce:6b64:d941:68b0', 1727180011, 0x5f5f63695f6c6173745f726567656e65726174657c693a313732373138303031303b6c6173745f706167657c733a35323a2268747470733a2f2f6f72616e6765776865656c2e3373642e696e2f696e6465782e7068702f61646d696e2f64617368626f617264223b),
('a44dabe5c1218b5c46608ce62c4f7e8cbdfc9eb4', '68.183.207.80', 1728415219, 0x5f5f63695f6c6173745f726567656e65726174657c693a313732383431353231393b),
('a50f203857cd66ef3e7c61a7e157ff5e2329c22b', '2405:201:a000:a34a:a860:c94e:e9af:82c4', 1725628186, 0x5f5f63695f6c6173745f726567656e65726174657c693a313732353632383138363b6c6173745f706167657c733a35323a2268747470733a2f2f6f72616e6765776865656c2e3373642e696e2f696e6465782e7068702f61646d696e2f64617368626f617264223b61646d696e5f6c6f67696e7c733a313a2231223b6c6f67696e5f757365725f69647c733a313a2231223b6e616d657c733a353a2241444d494e223b6c6f67696e5f747970657c733a353a2261646d696e223b),
('a5ac14a95567ced5a7c209244bf6888e33cdcc9e', '2a02:4780:b:7::9', 1726281696, 0x5f5f63695f6c6173745f726567656e65726174657c693a313732363238313639363b),
('a5ea6b238ec2b3b9921d4c2713d1e773ef071630', '2405:201:a000:a34a:7d43:a94d:ff58:dd21', 1726561153, 0x5f5f63695f6c6173745f726567656e65726174657c693a313732363536313135333b6c6173745f706167657c733a35323a2268747470733a2f2f6f72616e6765776865656c2e3373642e696e2f696e6465782e7068702f61646d696e2f64617368626f617264223b61646d696e5f6c6f67696e7c733a313a2231223b6c6f67696e5f757365725f69647c733a313a2231223b6e616d657c733a353a2241444d494e223b6c6f67696e5f747970657c733a353a2261646d696e223b),
('a5f57205f850d14b4984d4e190300e4361e871a1', '2405:201:a000:a34a:a407:8547:5ee9:2f83', 1726041515, 0x5f5f63695f6c6173745f726567656e65726174657c693a313732363034313531353b6c6173745f706167657c733a35323a2268747470733a2f2f6f72616e6765776865656c2e3373642e696e2f696e6465782e7068702f61646d696e2f64617368626f617264223b61646d696e5f6c6f67696e7c733a313a2231223b6c6f67696e5f757365725f69647c733a313a2231223b6e616d657c733a353a2241444d494e223b6c6f67696e5f747970657c733a353a2261646d696e223b),
('a60727c2f1140657e1deba51fdd1cc0fef5511a5', '35.171.144.152', 1728074840, 0x5f5f63695f6c6173745f726567656e65726174657c693a313732383037343834303b),
('a6505178a8e6601e88d2ec7e28332ff82814ff49', '2a02:4780:b:7::9', 1726195296, 0x5f5f63695f6c6173745f726567656e65726174657c693a313732363139353239363b),
('a6608b057e37eebc17b84e4c3f7ca1ba49a1d0bd', '2405:201:a000:a34a:88b9:2b13:512a:58a0', 1726496025, 0x5f5f63695f6c6173745f726567656e65726174657c693a313732363439363032353b6c6173745f706167657c733a35323a2268747470733a2f2f6f72616e6765776865656c2e3373642e696e2f696e6465782e7068702f61646d696e2f64617368626f617264223b61646d696e5f6c6f67696e7c733a313a2231223b6c6f67696e5f757365725f69647c733a313a2231223b6e616d657c733a353a2241444d494e223b6c6f67696e5f747970657c733a353a2261646d696e223b),
('a68462965687d05465ed7e38d300aa1daddc57c9', '2405:201:a000:a34a:88b9:2b13:512a:58a0', 1726473280, 0x5f5f63695f6c6173745f726567656e65726174657c693a313732363437333238303b6c6173745f706167657c733a35323a2268747470733a2f2f6f72616e6765776865656c2e3373642e696e2f696e6465782e7068702f61646d696e2f64617368626f617264223b61646d696e5f6c6f67696e7c733a313a2231223b6c6f67696e5f757365725f69647c733a313a2231223b6e616d657c733a353a2241444d494e223b6c6f67696e5f747970657c733a353a2261646d696e223b),
('a723ea99cca6060e3d0e8a96565885a6a55b596f', '2405:201:a000:a239:ed03:25f3:e5ef:e820', 1724387560, 0x5f5f63695f6c6173745f726567656e65726174657c693a313732343338373533303b6c6173745f706167657c733a35323a2268747470733a2f2f6f72616e6765776865656c2e3373642e696e2f696e6465782e7068702f61646d696e2f64617368626f617264223b61646d696e5f6c6f67696e7c733a313a2231223b6c6f67696e5f757365725f69647c733a313a2231223b6e616d657c733a353a2241444d494e223b6c6f67696e5f747970657c733a353a2261646d696e223b),
('a75106ffaf0e58cdcf2c4c108689288537bf2d3b', '2405:201:a001:83e:c599:1ee9:ad80:e6e4', 1725537579, 0x5f5f63695f6c6173745f726567656e65726174657c693a313732353533373537393b6c6173745f706167657c733a35323a2268747470733a2f2f6f72616e6765776865656c2e3373642e696e2f696e6465782e7068702f61646d696e2f64617368626f617264223b61646d696e5f6c6f67696e7c733a313a2231223b6c6f67696e5f757365725f69647c733a313a2231223b6e616d657c733a353a2241444d494e223b6c6f67696e5f747970657c733a353a2261646d696e223b),
('a7eff783632c52dbd4109530d6621fd7012bfb08', '104.197.69.115', 1728345088, 0x5f5f63695f6c6173745f726567656e65726174657c693a313732383334353038383b),
('a966fc69af0a24ba3bf5aa57de5cce1723e342b4', '2a02:4780:b:7::9', 1727077032, 0x5f5f63695f6c6173745f726567656e65726174657c693a313732373037373033323b),
('a9f3c7dfc56b2a580a636b8994935530ef98c279', '2405:201:a000:a34a:c029:2d7:fbd7:ac9d', 1724919148, 0x5f5f63695f6c6173745f726567656e65726174657c693a313732343931393134373b6c6173745f706167657c733a35323a2268747470733a2f2f6f72616e6765776865656c2e3373642e696e2f696e6465782e7068702f61646d696e2f64617368626f617264223b61646d696e5f6c6f67696e7c733a313a2231223b6c6f67696e5f757365725f69647c733a313a2231223b6e616d657c733a353a2241444d494e223b6c6f67696e5f747970657c733a353a2261646d696e223b6d6573736167657c733a32333a2244617461204164646564205375636365737366756c6c79223b5f5f63695f766172737c613a313a7b733a373a226d657373616765223b733a333a226f6c64223b7d),
('aaa245f2696f0b97c84884a480b2c535700ba8af', '2405:201:a000:a34a:a407:8547:5ee9:2f83', 1726043228, 0x5f5f63695f6c6173745f726567656e65726174657c693a313732363034333232383b6c6173745f706167657c733a35323a2268747470733a2f2f6f72616e6765776865656c2e3373642e696e2f696e6465782e7068702f61646d696e2f64617368626f617264223b61646d696e5f6c6f67696e7c733a313a2231223b6c6f67696e5f757365725f69647c733a313a2231223b6e616d657c733a353a2241444d494e223b6c6f67696e5f747970657c733a353a2261646d696e223b),
('abe77ee66072a0f7a384be93a03b7aec85c015a6', '2a02:4780:b:7::9', 1728121550, 0x5f5f63695f6c6173745f726567656e65726174657c693a313732383132313535303b),
('ac933d37e3c795b971fc4234acc7bf0eec2457c5', '35.87.242.89', 1728410931, 0x5f5f63695f6c6173745f726567656e65726174657c693a313732383431303933313b),
('ad1d8a5adec3b629721789f4956d22785138ba2f', '2405:201:a000:a34a:ccc7:32fd:ce65:85eb', 1728302073, 0x5f5f63695f6c6173745f726567656e65726174657c693a313732383330323037333b6c6173745f706167657c733a35323a2268747470733a2f2f6f72616e6765776865656c2e3373642e696e2f696e6465782e7068702f61646d696e2f64617368626f617264223b61646d696e5f6c6f67696e7c733a313a2231223b6c6f67696e5f757365725f69647c733a313a2231223b6e616d657c733a353a2241444d494e223b6c6f67696e5f747970657c733a353a2261646d696e223b),
('ad269f7fed42b92aa3fafefee77f13db54b65286', '2405:201:a000:a34a:a407:8547:5ee9:2f83', 1726030341, 0x5f5f63695f6c6173745f726567656e65726174657c693a313732363033303334313b6c6173745f706167657c733a35323a2268747470733a2f2f6f72616e6765776865656c2e3373642e696e2f696e6465782e7068702f61646d696e2f64617368626f617264223b61646d696e5f6c6f67696e7c733a313a2231223b6c6f67696e5f757365725f69647c733a313a2231223b6e616d657c733a353a2241444d494e223b6c6f67696e5f747970657c733a353a2261646d696e223b),
('ae542c710825f4851623d6b94fc3807a50f03d50', '2405:201:a000:a34a:d049:51a7:2913:5593', 1727943636, 0x5f5f63695f6c6173745f726567656e65726174657c693a313732373934333633363b61646d696e5f6c6f67696e7c733a313a2231223b6c6f67696e5f757365725f69647c733a313a2231223b6e616d657c733a353a2241444d494e223b6c6f67696e5f747970657c733a353a2261646d696e223b),
('aeaea0712016287b45a9ad78e3b0ddc758388c26', '2405:201:a001:83e:d08f:976a:9e1:4756', 1725539191, 0x5f5f63695f6c6173745f726567656e65726174657c693a313732353533393139313b6c6173745f706167657c733a35323a2268747470733a2f2f6f72616e6765776865656c2e3373642e696e2f696e6465782e7068702f61646d696e2f64617368626f617264223b61646d696e5f6c6f67696e7c733a313a2231223b6c6f67696e5f757365725f69647c733a313a2231223b6e616d657c733a353a2241444d494e223b6c6f67696e5f747970657c733a353a2261646d696e223b),
('b0f4a3aeca7669fba2b61f6b34b7e41660a3c5ff', '157.41.229.123', 1724735971, 0x5f5f63695f6c6173745f726567656e65726174657c693a313732343733353937313b),
('b16881144f7249474c1067c47d8afb2e2ef4f36a', '2405:201:a000:a34a:88b9:2b13:512a:58a0', 1726463983, 0x5f5f63695f6c6173745f726567656e65726174657c693a313732363436333938333b6c6173745f706167657c733a35323a2268747470733a2f2f6f72616e6765776865656c2e3373642e696e2f696e6465782e7068702f61646d696e2f64617368626f617264223b61646d696e5f6c6f67696e7c733a313a2231223b6c6f67696e5f757365725f69647c733a313a2231223b6e616d657c733a353a2241444d494e223b6c6f67696e5f747970657c733a353a2261646d696e223b),
('b243ee152505cbafefe633deedf06a1f536f0255', '2405:201:a000:a34a:c180:42fd:e066:9a64', 1727526458, 0x5f5f63695f6c6173745f726567656e65726174657c693a313732373532363435383b61646d696e5f6c6f67696e7c733a313a2231223b6c6f67696e5f757365725f69647c733a313a2231223b6e616d657c733a353a2241444d494e223b6c6f67696e5f747970657c733a353a2261646d696e223b),
('b3f6dec7a824975778a9afd309acdda9ca85d3f3', '2a02:4780:b:7::9', 1727689550, 0x5f5f63695f6c6173745f726567656e65726174657c693a313732373638393535303b),
('b40d487c4681bac1b4a88be5e8c970e4e78f22fe', '2405:201:a000:a34a:ccc7:32fd:ce65:85eb', 1728276367, 0x5f5f63695f6c6173745f726567656e65726174657c693a313732383237363336373b6c6173745f706167657c733a35323a2268747470733a2f2f6f72616e6765776865656c2e3373642e696e2f696e6465782e7068702f61646d696e2f64617368626f617264223b),
('b498742b0cc93a4d67411b8e424bc27cef31d784', '2405:201:a001:6116:b95c:79e:1220:2fb5', 1724322504, 0x5f5f63695f6c6173745f726567656e65726174657c693a313732343332323530343b6c6173745f706167657c733a35323a2268747470733a2f2f6f72616e6765776865656c2e3373642e696e2f696e6465782e7068702f61646d696e2f64617368626f617264223b),
('b502cc802aa780e11ce69ce307544be8fc215d9e', '2405:201:a000:a34a:49bf:1c1d:6e6a:82e8', 1725945693, 0x5f5f63695f6c6173745f726567656e65726174657c693a313732353934353639333b6c6173745f706167657c733a35323a2268747470733a2f2f6f72616e6765776865656c2e3373642e696e2f696e6465782e7068702f61646d696e2f64617368626f617264223b61646d696e5f6c6f67696e7c733a313a2231223b6c6f67696e5f757365725f69647c733a313a2231223b6e616d657c733a353a2241444d494e223b6c6f67696e5f747970657c733a353a2261646d696e223b6d6573736167657c733a31393a2255706461746564205375636365737366756c79223b5f5f63695f766172737c613a313a7b733a373a226d657373616765223b733a333a226f6c64223b7d),
('b5e81dc39713077066cc9e96ef4a44d6cea705f6', '34.245.99.13', 1725596791, 0x5f5f63695f6c6173745f726567656e65726174657c693a313732353539363739313b),
('b64dadbf13bf546fecba5f189bdfaa9f4beaac68', '205.169.39.6', 1728345084, 0x5f5f63695f6c6173745f726567656e65726174657c693a313732383334353038343b),
('b6c675755953bd298865305dc9835c1c1f985c99', '2a02:4780:b:7::9', 1724123741, 0x5f5f63695f6c6173745f726567656e65726174657c693a313732343132333734313b),
('b6c9e62661223778ab6a5596a98470e35548ba31', '2a02:4780:b:7::9', 1727422632, 0x5f5f63695f6c6173745f726567656e65726174657c693a313732373432323633323b),
('b818860f0372fa3eb11d8f17763dbdf257180e51', '2a02:4780:b:7::9', 1728367995, 0x5f5f63695f6c6173745f726567656e65726174657c693a313732383336373939353b),
('b97e2e417aae422a8a6dd1385c51fe6877127bfa', '2a06:4880:1000::8', 1727983012, 0x5f5f63695f6c6173745f726567656e65726174657c693a313732373938333031323b),
('ba3f2bed65ba61a1a5c540fb9c81be5bb1a64ebf', '2405:201:a001:83e:ed46:a965:a0a7:cda7', 1724918028, 0x5f5f63695f6c6173745f726567656e65726174657c693a313732343931383032383b61646d696e5f6c6f67696e7c733a313a2231223b6c6f67696e5f757365725f69647c733a313a2231223b6e616d657c733a353a2241444d494e223b6c6f67696e5f747970657c733a353a2261646d696e223b),
('bc8f832b9e9e8c8623f9b1c98bf9a331b94303dd', '2405:201:a000:a34a:4513:cddc:ac29:64f3', 1725261939, 0x5f5f63695f6c6173745f726567656e65726174657c693a313732353236313738333b6c6173745f706167657c733a35323a2268747470733a2f2f6f72616e6765776865656c2e3373642e696e2f696e6465782e7068702f61646d696e2f64617368626f617264223b61646d696e5f6c6f67696e7c733a313a2231223b6c6f67696e5f757365725f69647c733a313a2231223b6e616d657c733a353a2241444d494e223b6c6f67696e5f747970657c733a353a2261646d696e223b),
('bcb61db87ec090334e74d6c5a8d63cba8813afd2', '2a02:4780:b:7::9', 1725170196, 0x5f5f63695f6c6173745f726567656e65726174657c693a313732353137303139363b),
('bce7da3e02d454831c52b168c55107ad953d3c07', '2405:201:a000:a34a:c2c:6cbb:12ec:5d5a', 1724663802, 0x5f5f63695f6c6173745f726567656e65726174657c693a313732343636333830323b6c6173745f706167657c733a35323a2268747470733a2f2f6f72616e6765776865656c2e3373642e696e2f696e6465782e7068702f61646d696e2f64617368626f617264223b61646d696e5f6c6f67696e7c733a313a2231223b6c6f67696e5f757365725f69647c733a313a2231223b6e616d657c733a353a2241444d494e223b6c6f67696e5f747970657c733a353a2261646d696e223b),
('bf134daa45b00af6d6881ea007285b45eab4d47f', '2405:201:a000:a34a:ddc2:d961:9a5b:6bb3', 1727277406, 0x5f5f63695f6c6173745f726567656e65726174657c693a313732373237373430363b6c6173745f706167657c733a35323a2268747470733a2f2f6f72616e6765776865656c2e3373642e696e2f696e6465782e7068702f61646d696e2f64617368626f617264223b61646d696e5f6c6f67696e7c733a313a2231223b6c6f67696e5f757365725f69647c733a313a2231223b6e616d657c733a353a2241444d494e223b6c6f67696e5f747970657c733a353a2261646d696e223b),
('c04ef0cd170d19d46fb6f659195d80bbcb9f844e', '2a02:4780:b:7::9', 1728380639, 0x5f5f63695f6c6173745f726567656e65726174657c693a313732383338303633393b),
('c07ca5cb9b1354e11c46160b20661f4bb8cd2ad5', '2405:201:a000:a34a:c029:2d7:fbd7:ac9d', 1724918813, 0x5f5f63695f6c6173745f726567656e65726174657c693a313732343931383831333b6c6173745f706167657c733a35323a2268747470733a2f2f6f72616e6765776865656c2e3373642e696e2f696e6465782e7068702f61646d696e2f64617368626f617264223b61646d696e5f6c6f67696e7c733a313a2231223b6c6f67696e5f757365725f69647c733a313a2231223b6e616d657c733a353a2241444d494e223b6c6f67696e5f747970657c733a353a2261646d696e223b),
('c1bd9ed6ad7afaf207c5da82786a3f27df484faf', '2405:201:a000:a34a:d453:5808:ee9c:43b6', 1724992824, 0x5f5f63695f6c6173745f726567656e65726174657c693a313732343939323832343b6c6173745f706167657c733a35323a2268747470733a2f2f6f72616e6765776865656c2e3373642e696e2f696e6465782e7068702f61646d696e2f64617368626f617264223b),
('c303d351da0df0040ce71e74c0a2b99e206b70b2', '103.122.177.230', 1728252988, 0x5f5f63695f6c6173745f726567656e65726174657c693a313732383235323938383b),
('c313b7b68a68c7f80af25f375bbe1b0bed3c7874', '2405:201:a000:a34a:185a:7422:9763:31a9', 1727438116, 0x5f5f63695f6c6173745f726567656e65726174657c693a313732373433383131363b6c6173745f706167657c733a35323a2268747470733a2f2f6f72616e6765776865656c2e3373642e696e2f696e6465782e7068702f61646d696e2f64617368626f617264223b61646d696e5f6c6f67696e7c733a313a2231223b6c6f67696e5f757365725f69647c733a313a2231223b6e616d657c733a353a2241444d494e223b6c6f67696e5f747970657c733a353a2261646d696e223b),
('c369cdfbd3c279cba1e02b302ffc6f9016b8f132', '2405:201:a000:a34a:ddac:918a:9932:52cd', 1727699654, 0x5f5f63695f6c6173745f726567656e65726174657c693a313732373639393635343b61646d696e5f6c6f67696e7c733a313a2231223b6c6f67696e5f757365725f69647c733a313a2231223b6e616d657c733a353a2241444d494e223b6c6f67696e5f747970657c733a353a2261646d696e223b),
('c3da1aac83825315121bfddb56d8b364a8f21e25', '2405:201:a001:83e:d08f:976a:9e1:4756', 1725540691, 0x5f5f63695f6c6173745f726567656e65726174657c693a313732353534303431343b6c6173745f706167657c733a35323a2268747470733a2f2f6f72616e6765776865656c2e3373642e696e2f696e6465782e7068702f61646d696e2f64617368626f617264223b61646d696e5f6c6f67696e7c733a313a2231223b6c6f67696e5f757365725f69647c733a313a2231223b6e616d657c733a353a2241444d494e223b6c6f67696e5f747970657c733a353a2261646d696e223b),
('c40addda4646dd588958091934a2a2a38236ca91', '2405:201:a000:a34a:fd80:ded4:6feb:5d53', 1728117684, 0x5f5f63695f6c6173745f726567656e65726174657c693a313732383131373638343b61646d696e5f6c6f67696e7c733a313a2231223b6c6f67696e5f757365725f69647c733a313a2231223b6e616d657c733a353a2241444d494e223b6c6f67696e5f747970657c733a353a2261646d696e223b),
('c4f52a10f40494b975b948c6d5f9b1db7d80492f', '150.242.84.5', 1728107497, 0x5f5f63695f6c6173745f726567656e65726174657c693a313732383130373439363b),
('c539fd0faad1265921ba27887a6431da28ce6806', '46.17.174.173', 1727445932, 0x5f5f63695f6c6173745f726567656e65726174657c693a313732373434353933323b),
('c552e72353a2dcad04cef5c453805b4a6f228321', '2405:201:a000:a34a:c029:2d7:fbd7:ac9d', 1724917248, 0x5f5f63695f6c6173745f726567656e65726174657c693a313732343931373234383b6c6173745f706167657c733a35323a2268747470733a2f2f6f72616e6765776865656c2e3373642e696e2f696e6465782e7068702f61646d696e2f64617368626f617264223b61646d696e5f6c6f67696e7c733a313a2231223b6c6f67696e5f757365725f69647c733a313a2231223b6e616d657c733a353a2241444d494e223b6c6f67696e5f747970657c733a353a2261646d696e223b),
('c629c5bb2e6b3453784421b957090f629590e2c8', '2a02:4780:b:7::9', 1727336232, 0x5f5f63695f6c6173745f726567656e65726174657c693a313732373333363233323b),
('c98c0e69c4fb4932f23b9199490c406d3bc19380', '2405:201:a000:a34a:b510:5c75:1a27:acbc', 1724736038, 0x5f5f63695f6c6173745f726567656e65726174657c693a313732343733363033383b6c6173745f706167657c733a35323a2268747470733a2f2f6f72616e6765776865656c2e3373642e696e2f696e6465782e7068702f61646d696e2f64617368626f617264223b61646d696e5f6c6f67696e7c733a313a2231223b6c6f67696e5f757365725f69647c733a313a2231223b6e616d657c733a353a2241444d494e223b6c6f67696e5f747970657c733a353a2261646d696e223b),
('c9e702c7d52a7787f5bbdf751e07a310f9616648', '205.169.39.4', 1724976278, 0x5f5f63695f6c6173745f726567656e65726174657c693a313732343937363237383b),
('ca85359aba298de59b592d47bfb97436cbd0892b', '2405:201:a000:a34a:fd80:ded4:6feb:5d53', 1728117274, 0x5f5f63695f6c6173745f726567656e65726174657c693a313732383131373237343b61646d696e5f6c6f67696e7c733a313a2231223b6c6f67696e5f757365725f69647c733a313a2231223b6e616d657c733a353a2241444d494e223b6c6f67696e5f747970657c733a353a2261646d696e223b),
('cb07a00b2fa64fa6bd12192a6e5a78d2b5cab265', '2a02:4780:b:7::9', 1727862350, 0x5f5f63695f6c6173745f726567656e65726174657c693a313732373836323334393b),
('cb8edb883680321aabcf756d4651bd40b471a21d', '2405:201:a000:a239:8825:f09f:d3d8:eacd', 1724058756, 0x5f5f63695f6c6173745f726567656e65726174657c693a313732343035383735363b6c6173745f706167657c733a35303a2268747470733a2f2f6f72616e6765776865656c2e3373642e696e2f696e6465782e7068702f61646d696e2f70617469656e74223b61646d696e5f6c6f67696e7c733a313a2231223b6c6f67696e5f757365725f69647c733a313a2231223b6e616d657c733a353a2241444d494e223b6c6f67696e5f747970657c733a353a2261646d696e223b),
('cb92896d7987da24d5a5581db8dcca2f85f1d7fc', '2405:201:a000:a34a:b47a:7764:19c5:bde7', 1726311587, 0x5f5f63695f6c6173745f726567656e65726174657c693a313732363331313538373b6c6173745f706167657c733a35323a2268747470733a2f2f6f72616e6765776865656c2e3373642e696e2f696e6465782e7068702f61646d696e2f64617368626f617264223b61646d696e5f6c6f67696e7c733a313a2231223b6c6f67696e5f757365725f69647c733a313a2231223b6e616d657c733a353a2241444d494e223b6c6f67696e5f747970657c733a353a2261646d696e223b6d6573736167657c733a31393a2255706461746564205375636365737366756c79223b5f5f63695f766172737c613a313a7b733a373a226d657373616765223b733a333a226f6c64223b7d),
('cbdb5f5271d87c5be56ffac879685cc6a7f68552', '2405:201:a000:a34a:b510:5c75:1a27:acbc', 1724748235, ''),
('cd449e8ddbb38478397a55efb243e67ad246790a', '2a02:4780:b:7::9', 1726022496, 0x5f5f63695f6c6173745f726567656e65726174657c693a313732363032323439363b),
('cd9f55f8f61a48d8a82c418e75ddc014196d0a92', '2405:201:a000:a34a:92f:3e12:8e95:c7c0', 1724819932, 0x5f5f63695f6c6173745f726567656e65726174657c693a313732343831393930393b6c6173745f706167657c733a35323a2268747470733a2f2f6f72616e6765776865656c2e3373642e696e2f696e6465782e7068702f61646d696e2f64617368626f617264223b61646d696e5f6c6f67696e7c733a313a2231223b6c6f67696e5f757365725f69647c733a313a2231223b6e616d657c733a353a2241444d494e223b6c6f67696e5f747970657c733a353a2261646d696e223b),
('cf6a496865bb1b965cf08c57f96fce6d93fa951b', '2405:201:a000:a34a:a407:8547:5ee9:2f83', 1726039954, 0x5f5f63695f6c6173745f726567656e65726174657c693a313732363033393935343b6c6173745f706167657c733a35323a2268747470733a2f2f6f72616e6765776865656c2e3373642e696e2f696e6465782e7068702f61646d696e2f64617368626f617264223b),
('d0e1128adf0f620d46c89f22f8e044e3c3f999fd', '2405:201:a000:a34a:119:a70d:4935:35cf', 1728383629, 0x5f5f63695f6c6173745f726567656e65726174657c693a313732383338333632393b6c6173745f706167657c733a35323a2268747470733a2f2f6f72616e6765776865656c2e3373642e696e2f696e6465782e7068702f61646d696e2f64617368626f617264223b61646d696e5f6c6f67696e7c733a313a2231223b6c6f67696e5f757365725f69647c733a313a2231223b6e616d657c733a353a2241444d494e223b6c6f67696e5f747970657c733a353a2261646d696e223b),
('d172bb4cf14fe2ce91f8a6389eaa5e3dcb5da8e0', '2a06:4880:5000::62', 1727073567, 0x5f5f63695f6c6173745f726567656e65726174657c693a313732373037333536373b),
('d1f089ba18ee83c7dde141980bd218bdc1ded6ed', '2405:201:a000:a34a:b47a:7764:19c5:bde7', 1726311593, 0x5f5f63695f6c6173745f726567656e65726174657c693a313732363331313538373b6c6173745f706167657c733a35323a2268747470733a2f2f6f72616e6765776865656c2e3373642e696e2f696e6465782e7068702f61646d696e2f64617368626f617264223b61646d696e5f6c6f67696e7c733a313a2231223b6c6f67696e5f757365725f69647c733a313a2231223b6e616d657c733a353a2241444d494e223b6c6f67696e5f747970657c733a353a2261646d696e223b),
('d2d89b7cb2c22c54f18bef34badbc84eed714bd4', '2405:201:a000:a34a:fc22:804d:445c:a148', 1727758816, 0x5f5f63695f6c6173745f726567656e65726174657c693a313732373735383737333b6c6173745f706167657c733a35323a2268747470733a2f2f6f72616e6765776865656c2e3373642e696e2f696e6465782e7068702f61646d696e2f64617368626f617264223b61646d696e5f6c6f67696e7c733a313a2231223b6c6f67696e5f757365725f69647c733a313a2231223b6e616d657c733a353a2241444d494e223b6c6f67696e5f747970657c733a353a2261646d696e223b),
('d2d8bc0842ce756d29481d4ab2fdfe15ac062b4e', '135.148.100.196', 1724394993, 0x5f5f63695f6c6173745f726567656e65726174657c693a313732343339343939333b),
('d3a62366dc5e8c6c6e3091a8006b61a67b6b4f9a', '2405:201:a000:a34a:b863:9550:7040:9791', 1726463701, 0x5f5f63695f6c6173745f726567656e65726174657c693a313732363436333730313b6c6173745f706167657c733a35323a2268747470733a2f2f6f72616e6765776865656c2e3373642e696e2f696e6465782e7068702f61646d696e2f64617368626f617264223b61646d696e5f6c6f67696e7c733a313a2231223b6c6f67696e5f757365725f69647c733a313a2231223b6e616d657c733a353a2241444d494e223b6c6f67696e5f747970657c733a353a2261646d696e223b),
('d4254798393ba2c640ff57bbe7e1de278d3e12f8', '2405:201:a001:83e:b508:8e09:93b:118b', 1726555748, 0x5f5f63695f6c6173745f726567656e65726174657c693a313732363535353734383b),
('d47893a2313b248dde1647a0929d06b58e663c13', '2a02:4780:b:7::9', 1724382941, 0x5f5f63695f6c6173745f726567656e65726174657c693a313732343338323934313b),
('d5e4cd3b595f3f5cce4ef4996d593abdfb2bbcc3', '2405:201:a000:a34a:c12a:ba7c:b128:ffa1', 1725520434, 0x5f5f63695f6c6173745f726567656e65726174657c693a313732353532303433343b6c6173745f706167657c733a35323a2268747470733a2f2f6f72616e6765776865656c2e3373642e696e2f696e6465782e7068702f61646d696e2f64617368626f617264223b61646d696e5f6c6f67696e7c733a313a2231223b6c6f67696e5f757365725f69647c733a313a2231223b6e616d657c733a353a2241444d494e223b6c6f67696e5f747970657c733a353a2261646d696e223b),
('d6690c1bcf4040ba1841e7905b13afdeed17912b', '2405:201:a000:a34a:c180:42fd:e066:9a64', 1727531675, 0x5f5f63695f6c6173745f726567656e65726174657c693a313732373533313637353b61646d696e5f6c6f67696e7c733a313a2231223b6c6f67696e5f757365725f69647c733a313a2231223b6e616d657c733a353a2241444d494e223b6c6f67696e5f747970657c733a353a2261646d696e223b),
('d72b9658392efc47683b940d6dd1c4c2e96c41f1', '46.17.174.173', 1725897249, 0x5f5f63695f6c6173745f726567656e65726174657c693a313732353839373234393b),
('d7690c81418638f2e879e9e263b886a51a5f4a03', '2405:201:a000:a34a:c2c:6cbb:12ec:5d5a', 1724654917, 0x5f5f63695f6c6173745f726567656e65726174657c693a313732343635343931373b6c6173745f706167657c733a35323a2268747470733a2f2f6f72616e6765776865656c2e3373642e696e2f696e6465782e7068702f61646d696e2f64617368626f617264223b61646d696e5f6c6f67696e7c733a313a2231223b6c6f67696e5f757365725f69647c733a313a2231223b6e616d657c733a353a2241444d494e223b6c6f67696e5f747970657c733a353a2261646d696e223b),
('d864c090123f22e87c5c598af75f54efd3bf61f2', '2405:201:a000:a34a:7d43:a94d:ff58:dd21', 1726553378, 0x5f5f63695f6c6173745f726567656e65726174657c693a313732363535333337383b6c6173745f706167657c733a35323a2268747470733a2f2f6f72616e6765776865656c2e3373642e696e2f696e6465782e7068702f61646d696e2f64617368626f617264223b61646d696e5f6c6f67696e7c733a313a2231223b6c6f67696e5f757365725f69647c733a313a2231223b6e616d657c733a353a2241444d494e223b6c6f67696e5f747970657c733a353a2261646d696e223b),
('d8a17cc58641261899968a95b1745a57fcef9ddd', '103.225.84.13', 1728275292, 0x5f5f63695f6c6173745f726567656e65726174657c693a313732383237353239323b),
('d8d4c05251a11bb387ea4fdc48dcad190a822029', '2405:201:a001:83e:c599:1ee9:ad80:e6e4', 1725534523, 0x5f5f63695f6c6173745f726567656e65726174657c693a313732353533343532333b6c6173745f706167657c733a35323a2268747470733a2f2f6f72616e6765776865656c2e3373642e696e2f696e6465782e7068702f61646d696e2f64617368626f617264223b61646d696e5f6c6f67696e7c733a313a2231223b6c6f67696e5f757365725f69647c733a313a2231223b6e616d657c733a353a2241444d494e223b6c6f67696e5f747970657c733a353a2261646d696e223b),
('d93d3d676dcd3b0b8468f090b2225960283b14e2', '2a02:4780:b:7::9', 1724469342, 0x5f5f63695f6c6173745f726567656e65726174657c693a313732343436393334323b),
('d95cfc2f499dabe1cf725bc6548a0f747a851f1b', '2405:201:a000:a34a:d049:51a7:2913:5593', 1727944700, 0x5f5f63695f6c6173745f726567656e65726174657c693a313732373934343531353b61646d696e5f6c6f67696e7c733a313a2231223b6c6f67696e5f757365725f69647c733a313a2231223b6e616d657c733a353a2241444d494e223b6c6f67696e5f747970657c733a353a2261646d696e223b),
('d9aaac2bdc3e6088029ed6374621fda6cd394a08', '2405:201:a000:a34a:d453:5808:ee9c:43b6', 1725014878, 0x5f5f63695f6c6173745f726567656e65726174657c693a313732353031343837383b6c6173745f706167657c733a35323a2268747470733a2f2f6f72616e6765776865656c2e3373642e696e2f696e6465782e7068702f61646d696e2f64617368626f617264223b61646d696e5f6c6f67696e7c733a313a2231223b6c6f67696e5f757365725f69647c733a313a2231223b6e616d657c733a353a2241444d494e223b6c6f67696e5f747970657c733a353a2261646d696e223b),
('d9bb5d77ae901edd58c7c9e972ccfc63f9cac380', '2405:201:a000:a34a:fd80:ded4:6feb:5d53', 1728117892, 0x5f5f63695f6c6173745f726567656e65726174657c693a313732383131373638343b61646d696e5f6c6f67696e7c733a313a2231223b6c6f67696e5f757365725f69647c733a313a2231223b6e616d657c733a353a2241444d494e223b6c6f67696e5f747970657c733a353a2261646d696e223b),
('dacad390c5878c6c6c74da996c4775149d43a168', '45.134.81.135', 1728182969, 0x5f5f63695f6c6173745f726567656e65726174657c693a313732383138323936393b),
('dbc5b8860958177f5cd567b91c1d812aeae7b289', '2a02:4780:b:7::9', 1724584302, 0x5f5f63695f6c6173745f726567656e65726174657c693a313732343538343330323b);
INSERT INTO `ci_sessions` (`id`, `ip_address`, `timestamp`, `data`) VALUES
('dc55e37995f8448e779c5486691acdf9553f9227', '207.241.225.114', 1728402156, 0x5f5f63695f6c6173745f726567656e65726174657c693a313732383430323135363b),
('df286d60227f9709846158d606ec62fefc87cd50', '35.171.144.152', 1728074842, 0x5f5f63695f6c6173745f726567656e65726174657c693a313732383037343834323b),
('e06140d3400745dbefe2b6f6a19214974ac1f9f9', '2a02:4780:b:7::9', 1724670702, 0x5f5f63695f6c6173745f726567656e65726174657c693a313732343637303730323b),
('e165a231d100c344b65c25d5a6092d7c9bd109d6', '2405:201:a000:a34a:a561:4ffa:196f:a49c', 1725856325, 0x5f5f63695f6c6173745f726567656e65726174657c693a313732353835363331323b6c6173745f706167657c733a35323a2268747470733a2f2f6f72616e6765776865656c2e3373642e696e2f696e6465782e7068702f61646d696e2f64617368626f617264223b61646d696e5f6c6f67696e7c733a313a2231223b6c6f67696e5f757365725f69647c733a313a2231223b6e616d657c733a353a2241444d494e223b6c6f67696e5f747970657c733a353a2261646d696e223b),
('e16d1791f547c5575bcf6f659ef684327d16072d', '2a02:4780:b:7::9', 1728035150, 0x5f5f63695f6c6173745f726567656e65726174657c693a313732383033353135303b),
('e22a8615b5491ad0a92455d3f2e53e788bee4bd6', '2405:201:a000:a34a:a407:8547:5ee9:2f83', 1726032137, 0x5f5f63695f6c6173745f726567656e65726174657c693a313732363033323133373b6c6173745f706167657c733a35323a2268747470733a2f2f6f72616e6765776865656c2e3373642e696e2f696e6465782e7068702f61646d696e2f64617368626f617264223b61646d696e5f6c6f67696e7c733a313a2231223b6c6f67696e5f757365725f69647c733a313a2231223b6e616d657c733a353a2241444d494e223b6c6f67696e5f747970657c733a353a2261646d696e223b),
('e4488fae753e3273a26646e63ee3ce6d3d1f08ad', '2405:201:a001:83e:ed46:a965:a0a7:cda7', 1724917692, 0x5f5f63695f6c6173745f726567656e65726174657c693a313732343931373639323b61646d696e5f6c6f67696e7c733a313a2231223b6c6f67696e5f757365725f69647c733a313a2231223b6e616d657c733a353a2241444d494e223b6c6f67696e5f747970657c733a353a2261646d696e223b),
('e4579bccfc1d081d33dde6c09f64ee3032199094', '2a02:4780:b:7::9', 1726744012, 0x5f5f63695f6c6173745f726567656e65726174657c693a313732363734343031323b),
('e4f16321d3584d978129f190b1abcd83d24dd294', '104.164.173.3', 1728345079, 0x5f5f63695f6c6173745f726567656e65726174657c693a313732383334353037393b),
('e54f8960b1a7f9afbfef292eb20327ec34bc3841', '2405:201:a000:a34a:b863:9550:7040:9791', 1726463712, 0x5f5f63695f6c6173745f726567656e65726174657c693a313732363436333731323b),
('e592b24bd7bc70b66992f2d2d89931cf5ce3450f', '2405:201:a000:a34a:b510:5c75:1a27:acbc', 1724740846, 0x5f5f63695f6c6173745f726567656e65726174657c693a313732343734303638333b6c6173745f706167657c733a35323a2268747470733a2f2f6f72616e6765776865656c2e3373642e696e2f696e6465782e7068702f61646d696e2f64617368626f617264223b61646d696e5f6c6f67696e7c733a313a2231223b6c6f67696e5f757365725f69647c733a313a2231223b6e616d657c733a353a2241444d494e223b6c6f67696e5f747970657c733a353a2261646d696e223b),
('e5c755734628f12c7244419a8ec4059f4708e4d3', '2405:201:a000:a34a:c029:2d7:fbd7:ac9d', 1724913738, 0x5f5f63695f6c6173745f726567656e65726174657c693a313732343931333733383b6c6173745f706167657c733a35323a2268747470733a2f2f6f72616e6765776865656c2e3373642e696e2f696e6465782e7068702f61646d696e2f64617368626f617264223b61646d696e5f6c6f67696e7c733a313a2231223b6c6f67696e5f757365725f69647c733a313a2231223b6e616d657c733a353a2241444d494e223b6c6f67696e5f747970657c733a353a2261646d696e223b),
('e60d6ca3ace1c7b416b77d018c6c89178118292b', '2405:201:a000:a239:8825:f09f:d3d8:eacd', 1724058218, 0x5f5f63695f6c6173745f726567656e65726174657c693a313732343035383231383b6c6173745f706167657c733a35303a2268747470733a2f2f6f72616e6765776865656c2e3373642e696e2f696e6465782e7068702f61646d696e2f70617469656e74223b61646d696e5f6c6f67696e7c733a313a2231223b6c6f67696e5f757365725f69647c733a313a2231223b6e616d657c733a353a2241444d494e223b6c6f67696e5f747970657c733a353a2261646d696e223b),
('e790ef9dad0fce8a0a0ade31992bd011e47435eb', '2405:201:a001:83e:f06c:6f2c:d811:e4df', 1725014366, 0x5f5f63695f6c6173745f726567656e65726174657c693a313732353031343131323b61646d696e5f6c6f67696e7c733a313a2231223b6c6f67696e5f757365725f69647c733a313a2231223b6e616d657c733a353a2241444d494e223b6c6f67696e5f747970657c733a353a2261646d696e223b),
('e7df02991830c5fe079926909dde77cc3a02d1dd', '45.132.237.132', 1728170044, 0x5f5f63695f6c6173745f726567656e65726174657c693a313732383137303034343b),
('e90e31c0dbe0bde2b1e68182480cec1d3d37bef7', '45.251.136.236', 1728282547, 0x5f5f63695f6c6173745f726567656e65726174657c693a313732383238323534373b),
('eab34a868cffafa71274998d73d0689a7bff6c18', '2405:201:a000:a34a:ccc7:32fd:ce65:85eb', 1728280631, 0x5f5f63695f6c6173745f726567656e65726174657c693a313732383238303633313b6c6173745f706167657c733a35323a2268747470733a2f2f6f72616e6765776865656c2e3373642e696e2f696e6465782e7068702f61646d696e2f64617368626f617264223b61646d696e5f6c6f67696e7c733a313a2231223b6c6f67696e5f757365725f69647c733a313a2231223b6e616d657c733a353a2241444d494e223b6c6f67696e5f747970657c733a353a2261646d696e223b),
('eb242b95310222db114434ca53db4b979869a861', '2a02:4780:b:7::9', 1728377697, 0x5f5f63695f6c6173745f726567656e65726174657c693a313732383337373639373b),
('ec831eb3ca43d71b0290cf70a57607a7e45c3200', '2405:201:a001:83e:f171:8940:2f08:a8c', 1725600570, 0x5f5f63695f6c6173745f726567656e65726174657c693a313732353630303531393b61646d696e5f6c6f67696e7c733a313a2231223b6c6f67696e5f757365725f69647c733a313a2231223b6e616d657c733a353a2241444d494e223b6c6f67696e5f747970657c733a353a2261646d696e223b),
('ed5189041ef4bf32e1fd8a0f740fd0f839c8ed53', '2405:201:a000:a34a:49bf:1c1d:6e6a:82e8', 1725945049, 0x5f5f63695f6c6173745f726567656e65726174657c693a313732353934353034393b6c6173745f706167657c733a35323a2268747470733a2f2f6f72616e6765776865656c2e3373642e696e2f696e6465782e7068702f61646d696e2f64617368626f617264223b61646d696e5f6c6f67696e7c733a313a2231223b6c6f67696e5f757365725f69647c733a313a2231223b6e616d657c733a353a2241444d494e223b6c6f67696e5f747970657c733a353a2261646d696e223b),
('ed717f28ef3bd0572cb9262bb381f5660cac7d2e', '2405:201:a001:83e:d08f:976a:9e1:4756', 1725540008, 0x5f5f63695f6c6173745f726567656e65726174657c693a313732353534303030383b6c6173745f706167657c733a35323a2268747470733a2f2f6f72616e6765776865656c2e3373642e696e2f696e6465782e7068702f61646d696e2f64617368626f617264223b61646d696e5f6c6f67696e7c733a313a2231223b6c6f67696e5f757365725f69647c733a313a2231223b6e616d657c733a353a2241444d494e223b6c6f67696e5f747970657c733a353a2261646d696e223b),
('ee373817a12d7bdf31b5728b36fa63ad5d23616b', '34.253.121.171', 1728273569, 0x5f5f63695f6c6173745f726567656e65726174657c693a313732383237333536393b),
('ee41cd98b7857ce8cefe193357f3a9afe676920c', '2405:201:a000:a34a:88b9:2b13:512a:58a0', 1726467197, 0x5f5f63695f6c6173745f726567656e65726174657c693a313732363436373139373b6c6173745f706167657c733a35323a2268747470733a2f2f6f72616e6765776865656c2e3373642e696e2f696e6465782e7068702f61646d696e2f64617368626f617264223b61646d696e5f6c6f67696e7c733a313a2231223b6c6f67696e5f757365725f69647c733a313a2231223b6e616d657c733a353a2241444d494e223b6c6f67696e5f747970657c733a353a2261646d696e223b),
('ef10b1ab80f826dbc894227040b82f13df635e59', '2a02:4780:b:7::9', 1727163432, 0x5f5f63695f6c6173745f726567656e65726174657c693a313732373136333433323b),
('ef330a08f098a9fe524f67cdf166f8e392b00369', '2405:201:a000:a34a:49bf:1c1d:6e6a:82e8', 1725946065, 0x5f5f63695f6c6173745f726567656e65726174657c693a313732353934363036353b6c6173745f706167657c733a35323a2268747470733a2f2f6f72616e6765776865656c2e3373642e696e2f696e6465782e7068702f61646d696e2f64617368626f617264223b61646d696e5f6c6f67696e7c733a313a2231223b6c6f67696e5f757365725f69647c733a313a2231223b6e616d657c733a353a2241444d494e223b6c6f67696e5f747970657c733a353a2261646d696e223b),
('efca7398c9132bffc13415f8e71c11b492e526c7', '2405:201:a000:a34a:d453:5808:ee9c:43b6', 1725014879, 0x5f5f63695f6c6173745f726567656e65726174657c693a313732353031343837383b6c6173745f706167657c733a35323a2268747470733a2f2f6f72616e6765776865656c2e3373642e696e2f696e6465782e7068702f61646d696e2f64617368626f617264223b61646d696e5f6c6f67696e7c733a313a2231223b6c6f67696e5f757365725f69647c733a313a2231223b6e616d657c733a353a2241444d494e223b6c6f67696e5f747970657c733a353a2261646d696e223b),
('f0d7306b750593b3d1ff8e555d4f5de4ef811b7c', '2405:201:a001:83e:c599:1ee9:ad80:e6e4', 1725533723, 0x5f5f63695f6c6173745f726567656e65726174657c693a313732353533333732333b6c6173745f706167657c733a35323a2268747470733a2f2f6f72616e6765776865656c2e3373642e696e2f696e6465782e7068702f61646d696e2f64617368626f617264223b61646d696e5f6c6f67696e7c733a313a2231223b6c6f67696e5f757365725f69647c733a313a2231223b6e616d657c733a353a2241444d494e223b6c6f67696e5f747970657c733a353a2261646d696e223b),
('f1686efc13aaaabb9f0f40baa2ebe9a4a2279fb6', '2a02:4780:b:7::9', 1724296541, 0x5f5f63695f6c6173745f726567656e65726174657c693a313732343239363534313b),
('f26da0ec22ab47a44a4d6370185e76fc040aecb1', '2405:201:a000:a34a:c180:42fd:e066:9a64', 1727527379, 0x5f5f63695f6c6173745f726567656e65726174657c693a313732373532373337393b61646d696e5f6c6f67696e7c733a313a2231223b6c6f67696e5f757365725f69647c733a313a2231223b6e616d657c733a353a2241444d494e223b6c6f67696e5f747970657c733a353a2261646d696e223b),
('f344bbcc7836e27bd6bdb7998ad2fa0cadbe541b', '2405:201:a000:a34a:ccc7:32fd:ce65:85eb', 1728299253, 0x5f5f63695f6c6173745f726567656e65726174657c693a313732383239393235333b6c6173745f706167657c733a35323a2268747470733a2f2f6f72616e6765776865656c2e3373642e696e2f696e6465782e7068702f61646d696e2f64617368626f617264223b61646d696e5f6c6f67696e7c733a313a2231223b6c6f67696e5f757365725f69647c733a313a2231223b6e616d657c733a353a2241444d494e223b6c6f67696e5f747970657c733a353a2261646d696e223b),
('f37e87caceff18a9974fbb25f60c212e64533345', '2405:201:a001:83e:c599:1ee9:ad80:e6e4', 1725519307, 0x5f5f63695f6c6173745f726567656e65726174657c693a313732353531393330373b61646d696e5f6c6f67696e7c733a313a2231223b6c6f67696e5f757365725f69647c733a313a2231223b6e616d657c733a353a2241444d494e223b6c6f67696e5f747970657c733a353a2261646d696e223b),
('f3fe78a19810d8278078c615f5a5f360daf226cb', '34.222.185.35', 1726174143, 0x5f5f63695f6c6173745f726567656e65726174657c693a313732363137343134333b),
('f48a9759ac8dbb47587de0aab1eb9fa523d848ec', '2a02:4780:b:7::9', 1725256596, 0x5f5f63695f6c6173745f726567656e65726174657c693a313732353235363539363b),
('f4dfd7c2270068cfd09c11505f443d21e880f2ac', '2405:201:a001:83e:f171:8940:2f08:a8c', 1725596897, 0x5f5f63695f6c6173745f726567656e65726174657c693a313732353539363839373b61646d696e5f6c6f67696e7c733a313a2231223b6c6f67696e5f757365725f69647c733a313a2231223b6e616d657c733a353a2241444d494e223b6c6f67696e5f747970657c733a353a2261646d696e223b),
('f6d3fadf837fb5b1b0d9f70f0dbf9792c31c3089', '2a02:4780:b:7::9', 1728363343, 0x5f5f63695f6c6173745f726567656e65726174657c693a313732383336333334333b),
('f7e527c075859c299b30a8a108153c54f58d57f7', '2405:201:a001:83e:f171:8940:2f08:a8c', 1725599309, 0x5f5f63695f6c6173745f726567656e65726174657c693a313732353539393330393b61646d696e5f6c6f67696e7c733a313a2231223b6c6f67696e5f757365725f69647c733a313a2231223b6e616d657c733a353a2241444d494e223b6c6f67696e5f747970657c733a353a2261646d696e223b),
('f822d1739d99ca64ff53571418838b8bcf1367dd', '2405:201:a001:83e:8c9b:fe90:9ea9:fac6', 1728456968, 0x5f5f63695f6c6173745f726567656e65726174657c693a313732383435363932353b61646d696e5f6c6f67696e7c733a313a2231223b6c6f67696e5f757365725f69647c733a313a2231223b6e616d657c733a353a2241444d494e223b6c6f67696e5f747970657c733a353a2261646d696e223b),
('f93b4f74877f217d078ea84b95fbf48150e62ee0', '2a02:4780:b:7::9', 1725102702, 0x5f5f63695f6c6173745f726567656e65726174657c693a313732353130323730323b),
('f9e20d726b0cb1282d01d4be1d229342e38a21d4', '2405:201:a001:83e:f171:8940:2f08:a8c', 1725600167, 0x5f5f63695f6c6173745f726567656e65726174657c693a313732353630303136373b61646d696e5f6c6f67696e7c733a313a2231223b6c6f67696e5f757365725f69647c733a313a2231223b6e616d657c733a353a2241444d494e223b6c6f67696e5f747970657c733a353a2261646d696e223b),
('fa578b067b5078b5cb0dea1cb55f8e55d2702a02', '2a03:b0c0:2:d0::10fd:3001', 1728345036, 0x5f5f63695f6c6173745f726567656e65726174657c693a313732383334353033363b),
('fc0590c284e223a523c42490a57a322ac859c88c', '49.44.76.200', 1725252501, 0x5f5f63695f6c6173745f726567656e65726174657c693a313732353235323530313b),
('fc14b7995936ac4190af2ac4950d70a2f425c88c', '192.241.144.170', 1727779418, 0x5f5f63695f6c6173745f726567656e65726174657c693a313732373737393431383b),
('fca47ed21d1a808c3d65ab4ef25d6060290901cf', '2405:201:a000:a34a:119:a70d:4935:35cf', 1728383292, 0x5f5f63695f6c6173745f726567656e65726174657c693a313732383338333239323b6c6173745f706167657c733a35323a2268747470733a2f2f6f72616e6765776865656c2e3373642e696e2f696e6465782e7068702f61646d696e2f64617368626f617264223b61646d696e5f6c6f67696e7c733a313a2231223b6c6f67696e5f757365725f69647c733a313a2231223b6e616d657c733a353a2241444d494e223b6c6f67696e5f747970657c733a353a2261646d696e223b),
('fcc62072fcc385daa865dde1d2103ca17e003316', '2405:201:a000:a34a:7d43:a94d:ff58:dd21', 1726550393, 0x5f5f63695f6c6173745f726567656e65726174657c693a313732363535303339333b6c6173745f706167657c733a35323a2268747470733a2f2f6f72616e6765776865656c2e3373642e696e2f696e6465782e7068702f61646d696e2f64617368626f617264223b61646d696e5f6c6f67696e7c733a313a2231223b6c6f67696e5f757365725f69647c733a313a2231223b6e616d657c733a353a2241444d494e223b6c6f67696e5f747970657c733a353a2261646d696e223b),
('fe1c108708697b7dde24365b7649dcfb5c2070d8', '2405:201:a000:a34a:c12a:ba7c:b128:ffa1', 1725519231, 0x5f5f63695f6c6173745f726567656e65726174657c693a313732353531393233313b6c6173745f706167657c733a35323a2268747470733a2f2f6f72616e6765776865656c2e3373642e696e2f696e6465782e7068702f61646d696e2f64617368626f617264223b61646d696e5f6c6f67696e7c733a313a2231223b6c6f67696e5f757365725f69647c733a313a2231223b6e616d657c733a353a2241444d494e223b6c6f67696e5f747970657c733a353a2261646d696e223b),
('fe2b4e539cf6eb84b33799423093ace1e52d1d2a', '2405:201:a000:a34a:e5bb:54c7:8e0b:32a0', 1726820699, 0x5f5f63695f6c6173745f726567656e65726174657c693a313732363832303639393b6c6173745f706167657c733a35303a2268747470733a2f2f6f72616e6765776865656c2e3373642e696e2f696e6465782e7068702f61646d696e2f70617469656e74223b),
('ff44909a82e189899cdab289a5c4e02c06ce91bf', '2405:201:a000:a34a:a407:8547:5ee9:2f83', 1726032137, 0x5f5f63695f6c6173745f726567656e65726174657c693a313732363033323133373b6c6173745f706167657c733a35323a2268747470733a2f2f6f72616e6765776865656c2e3373642e696e2f696e6465782e7068702f61646d696e2f64617368626f617264223b61646d696e5f6c6f67696e7c733a313a2231223b6c6f67696e5f757365725f69647c733a313a2231223b6e616d657c733a353a2241444d494e223b6c6f67696e5f747970657c733a353a2261646d696e223b),
('ff7d55a9c1eb677644c9351651fa98e987ede27d', '2405:201:a000:a34a:fd80:ded4:6feb:5d53', 1728111963, 0x5f5f63695f6c6173745f726567656e65726174657c693a313732383131313936333b61646d696e5f6c6f67696e7c733a313a2231223b6c6f67696e5f757365725f69647c733a313a2231223b6e616d657c733a353a2241444d494e223b6c6f67696e5f747970657c733a353a2261646d696e223b);

-- --------------------------------------------------------

--
-- Table structure for table `consultation_charge`
--

CREATE TABLE `consultation_charge` (
  `id` int(11) NOT NULL,
  `name` varchar(255) NOT NULL,
  `qty` varchar(255) NOT NULL,
  `price` varchar(255) NOT NULL,
  `discount_type` varchar(255) NOT NULL,
  `discount_price` varchar(255) NOT NULL
) ENGINE=InnoDB DEFAULT CHARSET=utf8mb4 COLLATE=utf8mb4_general_ci;

-- --------------------------------------------------------

--
-- Table structure for table `contact_email`
--

CREATE TABLE `contact_email` (
  `contact_email_id` int(11) NOT NULL,
  `name` varchar(255) DEFAULT NULL,
  `email` varchar(255) DEFAULT NULL,
  `phone` varchar(50) DEFAULT NULL,
  `address` text DEFAULT NULL,
  `message` text DEFAULT NULL,
  `timestamp` int(11) DEFAULT NULL
) ENGINE=InnoDB DEFAULT CHARSET=utf8mb3 COLLATE=utf8mb3_unicode_ci;

-- --------------------------------------------------------

--
-- Table structure for table `currency`
--

CREATE TABLE `currency` (
  `currency_id` int(11) NOT NULL,
  `currency_code` longtext DEFAULT NULL,
  `currency_symbol` longtext DEFAULT NULL,
  `currency_name` longtext DEFAULT NULL
) ENGINE=InnoDB DEFAULT CHARSET=utf8mb3 COLLATE=utf8mb3_unicode_ci;

-- --------------------------------------------------------

--
-- Table structure for table `demoitem`
--

CREATE TABLE `demoitem` (
  `id` int(11) NOT NULL,
  `serial_no` varchar(255) NOT NULL,
  `model` varchar(500) NOT NULL,
  `item_category_id` int(11) NOT NULL,
  `item_sub_category_id` int(11) DEFAULT NULL,
  `type` varchar(255) DEFAULT NULL,
  `channel` varchar(255) DEFAULT NULL,
  `fitting_range` varchar(255) DEFAULT NULL,
  `warranty_id` int(11) DEFAULT NULL,
  `unit` int(11) NOT NULL,
  `unit_price` decimal(15,2) NOT NULL,
  `new_price` decimal(15,2) NOT NULL,
  `lr` varchar(50) DEFAULT NULL,
  `quantity` int(11) NOT NULL,
  `additional_name` varchar(255) DEFAULT NULL,
  `hsn_code` varchar(50) NOT NULL,
  `batch_no` varchar(100) DEFAULT NULL,
  `gst` int(100) DEFAULT NULL,
  `created_at` timestamp NOT NULL DEFAULT current_timestamp() ON UPDATE current_timestamp(),
  `is_active` enum('Y','N') NOT NULL DEFAULT 'Y'
) ENGINE=InnoDB DEFAULT CHARSET=utf8mb3 COLLATE=utf8mb3_general_ci;

-- --------------------------------------------------------

--
-- Table structure for table `demoitem_price_details`
--

CREATE TABLE `demoitem_price_details` (
  `id` int(11) NOT NULL,
  `item_id` int(11) NOT NULL,
  `sl_no` varchar(25) NOT NULL,
  `unit_price` decimal(15,2) NOT NULL,
  `date_time` varchar(255) NOT NULL
) ENGINE=InnoDB DEFAULT CHARSET=utf8mb4 COLLATE=utf8mb4_unicode_ci;

-- --------------------------------------------------------

--
-- Table structure for table `department`
--

CREATE TABLE `department` (
  `department_id` int(11) NOT NULL,
  `name` longtext DEFAULT NULL,
  `description` longtext DEFAULT NULL,
  `facilities` longtext DEFAULT NULL
) ENGINE=MyISAM DEFAULT CHARSET=latin1 COLLATE=latin1_swedish_ci;

--
-- Dumping data for table `department`
--

INSERT INTO `department` (`department_id`, `name`, `description`, `facilities`) VALUES
(1, 'Audiology', 'Audiology, is a branch of healthcare that focuses on the evaluation, diagnosis, and treatment of individuals with communication disorders related to hearing, speech, language, and swallowing.', NULL);

-- --------------------------------------------------------

--
-- Table structure for table `diagnosis`
--

CREATE TABLE `diagnosis` (
  `id` int(11) NOT NULL,
  `slno` varchar(255) NOT NULL,
  `name` varchar(255) NOT NULL,
  `qty` int(11) NOT NULL,
  `price` varchar(255) NOT NULL,
  `discount_type` varchar(255) NOT NULL,
  `discount_price` varchar(255) NOT NULL
) ENGINE=InnoDB DEFAULT CHARSET=utf8mb4 COLLATE=utf8mb4_unicode_ci;

--
-- Dumping data for table `diagnosis`
--

INSERT INTO `diagnosis` (`id`, `slno`, `name`, `qty`, `price`, `discount_type`, `discount_price`) VALUES
(1, '1', 'Pure Tone Audiometry  (PTA )', 1, '500', 'fixed', '490'),
(2, '2', 'TYmpanometry ', 1, '700', 'fixed', '70'),
(3, '3', 'BERA ', 1, '2500', '', ''),
(4, '4', 'OAE ', 1, '1200', '', ''),
(5, '5', 'Short Increment Sensitivity Index', 1, '500', '', ''),
(6, '6', 'Cosultation charges', 0, '500', '', '');

-- --------------------------------------------------------

--
-- Table structure for table `diagnosis_document_upload`
--

CREATE TABLE `diagnosis_document_upload` (
  `id` int(11) NOT NULL,
  `patient_id` int(11) NOT NULL,
  `diagnosis_id` int(11) NOT NULL,
  `diagnosis_document` varchar(255) NOT NULL,
  `date` varchar(255) NOT NULL
) ENGINE=InnoDB DEFAULT CHARSET=utf8mb4 COLLATE=utf8mb4_unicode_ci;

--
-- Dumping data for table `diagnosis_document_upload`
--

INSERT INTO `diagnosis_document_upload` (`id`, `patient_id`, `diagnosis_id`, `diagnosis_document`, `date`) VALUES
(1, 13, 30, 'K.KASHI BISWANTH PATRA_7327989171_30_diagnosis.jpg', '26-02-2024'),
(3, 11, 37, 'SURYADIPTA SAMAL_8280157777_37_diagnosis.jpg', '26-02-2024'),
(4, 16, 39, 'RISHIT SAHU _7008644932_39_diagnosis.jpg', '26-02-2024'),
(5, 18, 40, 'PITAMBAR PRADHAN _8217069060_40_diagnosis.jpg', '26-02-2024'),
(6, 19, 41, 'PRAMOD BEHERA _8328865042_41_diagnosis.jpg', '26-02-2024'),
(7, 20, 42, 'Mr .Krishna _8455996633_42_diagnosis.jpg', '26-02-2024'),
(8, 21, 43, 'kanchana bala sahoo_8280001873_43_diagnosis.jpg', '26-02-2024'),
(9, 43, 70, 'S.SHEEJA _9938079374_70_diagnosis.pdf', '19-06-2024');

-- --------------------------------------------------------

--
-- Table structure for table `diagnosis_report`
--

CREATE TABLE `diagnosis_report` (
  `diagnosis_report_id` int(11) NOT NULL,
  `report_type` longtext DEFAULT NULL,
  `document_type` longtext DEFAULT NULL,
  `file_name` longtext DEFAULT NULL,
  `prescription_id` int(11) DEFAULT NULL,
  `description` longtext DEFAULT NULL,
  `timestamp` int(11) DEFAULT NULL,
  `laboratorist_id` int(11) DEFAULT NULL,
  `date_time` varchar(255) NOT NULL DEFAULT current_timestamp()
) ENGINE=MyISAM DEFAULT CHARSET=utf8mb3 COLLATE=utf8mb3_unicode_ci;

-- --------------------------------------------------------

--
-- Table structure for table `doctor`
--

CREATE TABLE `doctor` (
  `doctor_id` int(11) NOT NULL,
  `staff_id` varchar(100) NOT NULL,
  `name` longtext DEFAULT NULL,
  `email` longtext DEFAULT NULL,
  `password` longtext DEFAULT NULL,
  `phone` longtext DEFAULT NULL,
  `gender` varchar(100) DEFAULT NULL,
  `blood_group` int(11) DEFAULT NULL,
  `current_address` longtext DEFAULT NULL,
  `permanent_address` longtext DEFAULT NULL,
  `dob` varchar(100) DEFAULT NULL,
  `doj` varchar(100) DEFAULT NULL,
  `basic_salary` varchar(255) DEFAULT NULL,
  `aadhar_card` varchar(255) DEFAULT NULL,
  `pan_card` varchar(255) DEFAULT NULL,
  `existing_pfno` varchar(255) DEFAULT NULL,
  `father_name` varchar(255) DEFAULT NULL,
  `mother_name` varchar(255) DEFAULT NULL,
  `department_id` int(11) DEFAULT NULL,
  `profile` longtext DEFAULT NULL,
  `social_links` longtext DEFAULT NULL,
  `date_time` varchar(255) NOT NULL DEFAULT current_timestamp()
) ENGINE=MyISAM DEFAULT CHARSET=latin1 COLLATE=latin1_swedish_ci;

--
-- Dumping data for table `doctor`
--

INSERT INTO `doctor` (`doctor_id`, `staff_id`, `name`, `email`, `password`, `phone`, `gender`, `blood_group`, `current_address`, `permanent_address`, `dob`, `doj`, `basic_salary`, `aadhar_card`, `pan_card`, `existing_pfno`, `father_name`, `mother_name`, `department_id`, `profile`, `social_links`, `date_time`) VALUES
(1, '01', 'Chandrabhanu patra', 'Chandrabhanu760@gmail.com', '17941503e7247387a00c1f6e1e43f7dd0cd4eb3b', '7609988760', 'male', 7, '101, infront of lic staff officers quarters, ganganagar, unit-6, BBSR,751003', 'C/90,FERTILIZER TOWNSHIP,SEC-22,RKL-7,769007', '10/25/1996', '01/20/2024', '37000', '626990376738', 'CROPP6388P', NULL, 'KAPILESWAR PATRA', 'HEMALATA PATRA', 1, NULL, '[{\"facebook\":\"\",\"twitter\":\"\",\"google_plus\":\"\",\"linkedin\":\"\"}]', '2024-03-02 06:21:33');

-- --------------------------------------------------------

--
-- Table structure for table `doctor_referral`
--

CREATE TABLE `doctor_referral` (
  `id` int(11) NOT NULL,
  `doctor_name` varchar(25) NOT NULL,
  `diag_grand_total` decimal(15,2) NOT NULL,
  `diag_com_per` varchar(25) NOT NULL,
  `diag_com_amount` decimal(15,2) NOT NULL,
  `item_grand_total` decimal(15,2) NOT NULL,
  `item_com_per` varchar(25) NOT NULL,
  `item_com_amount` decimal(15,2) NOT NULL,
  `payment_date` varchar(25) NOT NULL
) ENGINE=InnoDB DEFAULT CHARSET=utf8mb4 COLLATE=utf8mb4_unicode_ci;

--
-- Dumping data for table `doctor_referral`
--

INSERT INTO `doctor_referral` (`id`, `doctor_name`, `diag_grand_total`, `diag_com_per`, `diag_com_amount`, `item_grand_total`, `item_com_per`, `item_com_amount`, `payment_date`) VALUES
(2, 'DR.MANAS RANJAN NAYAK', 900.00, '40', 360.00, 0.00, '0', 0.00, '09-05-2024'),
(3, 'DR.SURYAKANTA PRADHAN', 500.00, '40', 200.00, 0.00, '0', 0.00, '09-05-2024'),
(4, 'DR. NISHIKANTA PARDHAN', 1200.00, '40', 480.00, 0.00, '0', 0.00, '09-05-2024'),
(5, 'DR. NISHIKANTA PARDHAN', 600.00, '40', 240.00, 0.00, '0', 0.00, '09-05-2024'),
(6, 'DR. DEEPAK RANJAN NAYAK ', 500.00, '40', 200.00, 0.00, '0', 0.00, '09-05-2024'),
(7, 'DR Loknath Sahu', 2800.00, '30', 840.00, 0.00, '0', 0.00, '05-09-2024'),
(8, 'DR. NISHIKANTA PARDHAN', 1200.00, '30', 360.00, 0.00, '0', 0.00, '05-09-2024'),
(9, 'Dr Rohit Agarwal', 1700.00, '30', 510.00, 0.00, '0', 0.00, '05-09-2024'),
(10, 'Dr Sanjeev Gupta', 500.00, '30', 150.00, 0.00, '0', 0.00, '05-09-2024');

-- --------------------------------------------------------

--
-- Table structure for table `doctor_referral_details_diagnosis`
--

CREATE TABLE `doctor_referral_details_diagnosis` (
  `id` int(11) NOT NULL,
  `doctor_referral_id` int(11) NOT NULL,
  `pat_diag_id` int(11) NOT NULL,
  `patient_id` int(11) NOT NULL,
  `date_time` varchar(25) NOT NULL
) ENGINE=InnoDB DEFAULT CHARSET=utf8mb4 COLLATE=utf8mb4_unicode_ci;

--
-- Dumping data for table `doctor_referral_details_diagnosis`
--

INSERT INTO `doctor_referral_details_diagnosis` (`id`, `doctor_referral_id`, `pat_diag_id`, `patient_id`, `date_time`) VALUES
(2, 2, 58, 29, '09-05-2024'),
(3, 3, 63, 24, '09-05-2024'),
(4, 4, 62, 27, '09-05-2024'),
(5, 5, 59, 32, '09-05-2024'),
(6, 6, 46, 26, '09-05-2024'),
(7, 7, 83, 71, '05-09-2024'),
(8, 7, 84, 72, '05-09-2024'),
(9, 8, 91, 82, '05-09-2024'),
(10, 8, 95, 88, '05-09-2024'),
(11, 9, 97, 90, '05-09-2024'),
(12, 9, 103, 97, '05-09-2024'),
(13, 10, 89, 80, '05-09-2024');

-- --------------------------------------------------------

--
-- Table structure for table `doctor_referral_details_item_issue`
--

CREATE TABLE `doctor_referral_details_item_issue` (
  `id` int(11) NOT NULL,
  `doctor_referral_id` int(11) NOT NULL,
  `pat_item_issue_id` int(11) NOT NULL,
  `patient_id` int(11) NOT NULL,
  `date_time` varchar(25) NOT NULL
) ENGINE=InnoDB DEFAULT CHARSET=utf8mb4 COLLATE=utf8mb4_unicode_ci;

-- --------------------------------------------------------

--
-- Table structure for table `email_template`
--

CREATE TABLE `email_template` (
  `email_template_id` int(11) NOT NULL,
  `task` longtext DEFAULT NULL,
  `subject` longtext DEFAULT NULL,
  `body` longtext DEFAULT NULL,
  `instruction` longtext DEFAULT NULL
) ENGINE=InnoDB DEFAULT CHARSET=utf8mb3 COLLATE=utf8mb3_unicode_ci;

-- --------------------------------------------------------

--
-- Table structure for table `expense`
--

CREATE TABLE `expense` (
  `exp_id` int(11) NOT NULL,
  `expense_head_id` varchar(11) DEFAULT NULL,
  `name` varchar(50) DEFAULT NULL,
  `invoice_no` varchar(200) DEFAULT NULL,
  `date` date DEFAULT NULL,
  `amount` decimal(15,2) DEFAULT NULL,
  `document` varchar(255) DEFAULT NULL,
  `description` text DEFAULT NULL
) ENGINE=InnoDB DEFAULT CHARSET=utf8mb4 COLLATE=utf8mb4_general_ci;

-- --------------------------------------------------------

--
-- Table structure for table `expense_head`
--

CREATE TABLE `expense_head` (
  `expense_id` int(11) NOT NULL,
  `expense_head_name` varchar(255) DEFAULT NULL,
  `description` varchar(255) DEFAULT NULL
) ENGINE=InnoDB DEFAULT CHARSET=utf8mb4 COLLATE=utf8mb4_general_ci;

--
-- Dumping data for table `expense_head`
--

INSERT INTO `expense_head` (`expense_id`, `expense_head_name`, `description`) VALUES
(1, 'Staff Salaries and Benefits', 'This expense head includes the salaries, wages, and benefits paid to audiologists, speech-language pathologists, support staff, and other employees working in the clinic.'),
(2, 'Diagnostic Equipment', 'Expenses related to the purchase, maintenance, and calibration of diagnostic equipment used for hearing and speech assessments, such as audiometers, tympanometers, speech perception tools, and software.'),
(3, 'Rent or Lease', 'Expenses associated with renting or leasing the clinic space where the services are provided, including monthly rental payments or lease agreements'),
(4, 'Training and Education', 'Expenses for training programs, workshops, seminars, and continuing education for hospital staff to enhance their skills and knowledge.'),
(5, 'Office Supplies and Consumables', 'Expenses for office supplies, stationery, printing materials, and other consumables used in the administrative and clinical operations of the clinic.'),
(6, 'Therapy Materials and Resources', 'Costs for acquiring and maintaining therapy materials, such as speech therapy software, workbooks, assessment tools, speech-language evaluation materials, and therapy supplies'),
(7, 'Marketing and Advertising', 'Expenditures related to marketing initiatives, website development, online advertising, printed materials, and promotional activities to attract clients and promote the clinic\'s services'),
(8, 'Maintenance and Repairs', 'Costs for maintaining and repairing clinic equipment, furniture, fixtures, and facilities to ensure proper functioning and a conducive environment for clients.'),
(9, 'Telecommunication Expenses', 'Costs for telephone systems, internet services, video conferencing tools, and other communication technologies used for virtual consultations or telepractice services.'),
(10, 'Professional Memberships and Licensing Fees', 'Payments for professional memberships in relevant associations, licensing fees, and certifications required for audiologists and speech-language pathologists.');

-- --------------------------------------------------------

--
-- Table structure for table `facility`
--

CREATE TABLE `facility` (
  `facility_id` int(11) NOT NULL,
  `department_id` int(11) DEFAULT NULL,
  `title` text DEFAULT NULL,
  `description` text DEFAULT NULL
) ENGINE=InnoDB DEFAULT CHARSET=utf8mb3 COLLATE=utf8mb3_unicode_ci;

-- --------------------------------------------------------

--
-- Table structure for table `follow_up`
--

CREATE TABLE `follow_up` (
  `id` int(11) NOT NULL,
  `days` varchar(100) NOT NULL,
  `datetime` date NOT NULL DEFAULT current_timestamp()
) ENGINE=InnoDB DEFAULT CHARSET=utf8mb4 COLLATE=utf8mb4_unicode_ci;

-- --------------------------------------------------------

--
-- Table structure for table `form_element`
--

CREATE TABLE `form_element` (
  `form_element_id` int(11) NOT NULL,
  `type` longtext DEFAULT NULL,
  `html` longtext DEFAULT NULL
) ENGINE=InnoDB DEFAULT CHARSET=utf8mb3 COLLATE=utf8mb3_unicode_ci;

-- --------------------------------------------------------

--
-- Table structure for table `frontend_blog`
--

CREATE TABLE `frontend_blog` (
  `frontend_blog_id` int(11) NOT NULL,
  `title` text DEFAULT NULL,
  `short_description` text DEFAULT NULL,
  `blog_post` longtext DEFAULT NULL,
  `posted_by` varchar(50) DEFAULT NULL,
  `timestamp` int(11) DEFAULT NULL,
  `published` int(11) NOT NULL DEFAULT 0
) ENGINE=InnoDB DEFAULT CHARSET=utf8mb3 COLLATE=utf8mb3_unicode_ci;

--
-- Dumping data for table `frontend_blog`
--

INSERT INTO `frontend_blog` (`frontend_blog_id`, `title`, `short_description`, `blog_post`, `posted_by`, `timestamp`, `published`) VALUES
(1, 'For a Longer Life and Happier Gut, Eat More Fiber', 'The scientific lowdown on fiber  |  Get more fiber  |  The verdict on fiber', 'Its easy to get caught up in counting calories and grams of added sugars, fats, proteins, and carbs when youre trying to eat well. But theres one nutrient that too often gets thrown to the wayside: dietary fiber. Scientists have long known that eating fiber is good for health. Decades ago, Irish physician (and fiber enthusiast) Denis Burkitt proclaimed, America is a constipated nation if you pass small stools, you have to have large hospitals. And yet, years later, many of us are still ignoring our fiber intake.&nbsp;<span>American adults are only eating an average of 15 grams of fiber on any given day, despite the daily recommendations from the&nbsp;<a href=\"http://www.eatright.org/resource/food/vitamins-and-supplements/types-of-vitamins-and-nutrients/ways-to-boost-fiber\" target=\"_blank\" rel=\"noopener noreferrer\">Academy of Nutrition and Dietetics</a>&nbsp;being:</span><ul><li>25 grams for women, or 21 grams if over 50 years old</li><li>38 grams for men, or 30 grams if over 50</li></ul><span>Recently, however, fiber has popped up in headlines thanks to people like journalist Megyn Kelly and model Molly Sims, who have both credited their physiques on mainlining roughage. And more importantly, new research has been shedding more light on&nbsp;how&nbsp;fiber helps our bodies. This nutrient has been linked to&nbsp;<a href=\"https://www.healthline.com/health/food-nutrition/how-much-fiber-per-day\" target=\"\" rel=\"\">fending off disease</a>&nbsp;and reducing the risk of a range of conditions, including&nbsp;<a href=\"http://onlinelibrary.wiley.com/doi/10.1111/jdi.12376/full\" target=\"_blank\" rel=\"noopener noreferrer\">type 2 diabetesTrusted Source</a>,&nbsp;<a href=\"http://www.cell.com/cell-reports/fulltext/S2211-1247(16)30630-1\" target=\"_blank\" rel=\"noopener noreferrer\">food allergiesTrusted Source</a>, and even&nbsp;<a href=\"http://ard.bmj.com/content/early/2017/05/04/annrheumdis-2016-210810\" target=\"_blank\" rel=\"noopener noreferrer\">knee arthritis</a>.&nbsp;</span><span>Star-studded endorsements aside, its not about eating a&nbsp;<a href=\"https://www.healthline.com/nutrition/22-high-fiber-foods\" target=\"\" rel=\"\">high-fiber diet</a>&nbsp;as much as its simply this: Eat more fiber. Fiber does more than contributing to weight loss and reducing the risk of disease.&nbsp;</span>Losing out on those recommended fiber grams per day may significantly change the way your gut functions. It could even make a difference between weight loss or none, and longer life or not.', 'admin-1', 1685923200, 1);

-- --------------------------------------------------------

--
-- Table structure for table `frontend_settings`
--

CREATE TABLE `frontend_settings` (
  `frontend_settings_id` int(11) NOT NULL,
  `type` varchar(255) DEFAULT NULL,
  `description` longtext DEFAULT NULL
) ENGINE=InnoDB DEFAULT CHARSET=utf8mb3 COLLATE=utf8mb3_unicode_ci;

--
-- Dumping data for table `frontend_settings`
--

INSERT INTO `frontend_settings` (`frontend_settings_id`, `type`, `description`) VALUES
(1, 'theme', 'default'),
(2, 'hospital_name', 'Orange Wheels'),
(3, 'emergency_contact', '+91 9078697222 <br> +91 8658892333'),
(4, 'opening_hours', '[{\"monday_friday\":\"10.00-21.00\",\"saturday\":\"10.00-18.00\",\"sunday\":\"11.00-17.00\"}]'),
(5, 'social_links', '[{\"facebook\":\"http:\\/\\/facebook.com\",\"twitter\":\"https:\\/\\/twitter.com\",\"google_plus\":\"https:\\/\\/google.com\",\"youtube\":\"https:\\/\\/youtube.com\"}]'),
(6, 'email', 'info@3sdsolutions.com'),
(7, 'copyright_text', 'copyright@3sdsolutions | 2023'),
(8, 'slider', '[{\"title\":\"Your Hearing, Our Passion\",\"description\":\"As pioneers in the field of audiology, we are dedicated to pushing the boundaries of innovation and revolutionizing hearing healthcare.\",\"image\":\"slider1.jpg\"},{\"title\":\"Experience Unparalleled Hearing Care\",\"description\":\"Step into a world of cutting-edge audiology care, where our skilled experts provide personalized solutions for all your hearing needs.\",\"image\":\"slider2.jpg\"},{\"title\":\"Where Hearing Care Meets Exceptional Service\",\"description\":\"Experience a new standard of audiology care where professionalism and patient satisfaction are paramount.\",\"image\":\"slider3.jpg\"}]'),
(9, 'homepage_welcome_section', '[{\"title\":\"Welcome To Orange Wheels\",\"description\":\"Welcome to Orange Wheels Clinic, where your health and well-being are our top priorities. We are delighted to have you visit our website and explore the comprehensive healthcare services we offer.\\r\\n\\r\\nAt Orange Wheels Clinic, we value the importance of communication and patient education. We aim to empower our patients by providing them with the knowledge and information they need to make informed decisions about their health. Our team will guide you through your diagnosis, treatment options, and any necessary lifestyle changes, ensuring that you are an active participant in your healthcare journey.\",\"image\":\"welcome.png\"}]'),
(10, 'service_section', '[{\"title\":\"Our World Class Services\",\"description\":\"we provided services which are not directly  related to patient care but ,indirectly contribute in patient management.\"}]'),
(11, 'about_us', 'Welcome to <b>Orange Wheels</b> Audiology Clinic, where your hearing health and well-being are our top priorities. We are thrilled to have you visit our website and discover the comprehensive audiology services we offer.\r\n<br>\r\nAt Orange Wheels, we believe in delivering exceptional hearing care with a personalized approach. Our team of dedicated audiology professionals is committed to providing the highest standard of treatment and ensuring your comfort throughout your journey with us. Equipped with state-of-the-art facilities and cutting-edge technology, we strive to offer accurate assessments, effective treatments, and optimal outcomes for our patients.\r\n<br>\r\nWhether you require preventive care, diagnostic evaluations, or specialized treatments, our experienced audiologists and staff are here to guide you every step of the way. We understand that each individual\'s hearing needs are unique, and we tailor our approach to meet your specific requirements. Our compassionate team takes the time to listen to your concerns, answer your questions, and develop customized treatment plans that align with your goals and preferences.\r\n<br>\r\nYour hearing health and satisfaction are at the core of everything we do. We invite you to explore our website to learn more about our services, meet our team of experts, and access valuable resources for your hearing well-being. If you have any questions or would like to schedule an appointment, please don\'t hesitate to contact us. We look forward to welcoming you to Orange Wheels Audiology Clinic and being your trusted partner in your journey towards optimal hearing health.\r\n<br>\r\nThank you for considering Orange Wheels Audiology Clinic for your hearing needs. We are here to provide exceptional care and support you on your path to better hearing.'),
(12, 'recaptcha', '[{\"site_key\":\"6LePbzgUAAAAA\",\"secret_key\":\"6LePbzgUAAAAADb\"}]');

-- --------------------------------------------------------

--
-- Table structure for table `hr`
--

CREATE TABLE `hr` (
  `hr_id` int(11) NOT NULL,
  `staff_id` varchar(100) CHARACTER SET latin1 COLLATE latin1_swedish_ci NOT NULL,
  `name` longtext CHARACTER SET latin1 COLLATE latin1_swedish_ci DEFAULT NULL,
  `email` longtext CHARACTER SET latin1 COLLATE latin1_swedish_ci DEFAULT NULL,
  `password` longtext CHARACTER SET latin1 COLLATE latin1_swedish_ci DEFAULT NULL,
  `phone` longtext CHARACTER SET latin1 COLLATE latin1_swedish_ci DEFAULT NULL,
  `gender` varchar(100) CHARACTER SET latin1 COLLATE latin1_swedish_ci DEFAULT NULL,
  `blood_group` int(11) DEFAULT NULL,
  `current_address` longtext CHARACTER SET latin1 COLLATE latin1_swedish_ci DEFAULT NULL,
  `permanent_address` longtext CHARACTER SET latin1 COLLATE latin1_swedish_ci DEFAULT NULL,
  `dob` varchar(100) CHARACTER SET latin1 COLLATE latin1_swedish_ci DEFAULT NULL,
  `doj` varchar(100) CHARACTER SET latin1 COLLATE latin1_swedish_ci DEFAULT NULL,
  `basic_salary` varchar(255) CHARACTER SET latin1 COLLATE latin1_swedish_ci DEFAULT NULL,
  `aadhar_card` varchar(255) CHARACTER SET latin1 COLLATE latin1_swedish_ci DEFAULT NULL,
  `pan_card` varchar(255) CHARACTER SET latin1 COLLATE latin1_swedish_ci DEFAULT NULL,
  `existing_pfno` varchar(255) CHARACTER SET latin1 COLLATE latin1_swedish_ci DEFAULT NULL,
  `father_name` varchar(255) CHARACTER SET latin1 COLLATE latin1_swedish_ci DEFAULT NULL,
  `mother_name` varchar(255) CHARACTER SET latin1 COLLATE latin1_swedish_ci DEFAULT NULL,
  `department_id` int(11) DEFAULT NULL,
  `profile` longtext CHARACTER SET latin1 COLLATE latin1_swedish_ci DEFAULT NULL,
  `social_links` longtext CHARACTER SET latin1 COLLATE latin1_swedish_ci DEFAULT NULL,
  `date_time` varchar(255) CHARACTER SET latin1 COLLATE latin1_swedish_ci NOT NULL DEFAULT current_timestamp()
) ENGINE=InnoDB DEFAULT CHARSET=utf8mb4 COLLATE=utf8mb4_general_ci;

-- --------------------------------------------------------

--
-- Table structure for table `income`
--

CREATE TABLE `income` (
  `inc_id` int(11) NOT NULL,
  `income_head_id` varchar(11) DEFAULT NULL,
  `name` varchar(50) DEFAULT NULL,
  `invoice_no` varchar(200) DEFAULT NULL,
  `date` date DEFAULT NULL,
  `amount` decimal(15,2) DEFAULT NULL,
  `document` varchar(255) DEFAULT NULL,
  `description` text DEFAULT NULL
) ENGINE=InnoDB DEFAULT CHARSET=utf8mb4 COLLATE=utf8mb4_general_ci;

--
-- Dumping data for table `income`
--

INSERT INTO `income` (`inc_id`, `income_head_id`, `name`, `invoice_no`, `date`, `amount`, `document`, `description`) VALUES
(1, '5', 'K.KASHI BISWANTH PATRA', 'OWIPL/23-24/11/1002', '2024-02-26', 30151.20, 'invoice of kashinath_page-0001.jpg', NULL),
(2, '5', 'SARDAR BEGUM', 'OWIPL/23-24/11/1004', '2024-02-26', 56990.00, 'SARDAR BEGUM INVOICE_page-0001.jpg', NULL),
(3, '3', 'MANORAMA ROUT', 'OWIPL/23-24/12/1005', '2024-02-26', 30.60, 'MANORAMA INVOICE_page-0001.jpg', NULL),
(4, '5', 'PITAMBAR PRADHAN ', 'OWIPL/24-25/02/1007', '2024-02-26', 11000.00, 'Item Sale Invoice PITAMBAR PRADHAN_page-0001.jpg', NULL);

-- --------------------------------------------------------

--
-- Table structure for table `income_head`
--

CREATE TABLE `income_head` (
  `income_id` int(11) NOT NULL,
  `income_head_name` varchar(255) DEFAULT NULL,
  `description` varchar(255) DEFAULT NULL
) ENGINE=InnoDB DEFAULT CHARSET=utf8mb4 COLLATE=utf8mb4_general_ci;

--
-- Dumping data for table `income_head`
--

INSERT INTO `income_head` (`income_id`, `income_head_name`, `description`) VALUES
(1, 'Consultation Fees', 'This income head includes the fees charged for medical consultations with doctors or specialists.'),
(2, 'Medical Equipment Rental', 'Income generated from renting out medical equipment or devices to patients or other healthcare facilities.'),
(3, 'Diagnostic Assessments', 'Income generated from conducting diagnostic assessments for hearing and speech disorders. This can include assessments for hearing loss, auditory processing disorders, speech delays, language disorders, and other communication-related evaluations.'),
(4, 'Therapy Sessions', 'Income from providing therapy sessions to clients with hearing and speech disorders. This can include individual therapy sessions, group therapy, speech-language intervention, auditory training, and other therapy programs'),
(5, 'Hearing Aid Sales', 'Income from the sale of hearing aids and assistive listening devices to individuals with hearing loss. This can include the cost of the devices, fitting services, and follow-up appointments for adjustments and maintenance'),
(6, 'Cochlear Implant Services', 'Income from providing cochlear implant evaluation, programming, mapping, and rehabilitation services to individuals with severe to profound hearing loss.');

-- --------------------------------------------------------

--
-- Table structure for table `invoice`
--

CREATE TABLE `invoice` (
  `invoice_id` int(11) NOT NULL,
  `invoice_number` longtext DEFAULT NULL,
  `patient_id` int(11) DEFAULT NULL,
  `title` longtext DEFAULT NULL,
  `invoice_entries` longtext DEFAULT NULL,
  `creation_timestamp` longtext DEFAULT NULL,
  `due_timestamp` longtext DEFAULT NULL,
  `status` longtext DEFAULT NULL,
  `vat_percentage` longtext DEFAULT NULL,
  `discount_amount` longtext DEFAULT NULL,
  `date_time` varchar(255) NOT NULL DEFAULT current_timestamp()
) ENGINE=MyISAM DEFAULT CHARSET=utf8mb3 COLLATE=utf8mb3_unicode_ci;

--
-- Dumping data for table `invoice`
--

INSERT INTO `invoice` (`invoice_id`, `invoice_number`, `patient_id`, `title`, `invoice_entries`, `creation_timestamp`, `due_timestamp`, `status`, `vat_percentage`, `discount_amount`, `date_time`) VALUES
(2, '75149', 74, 'ADVANCE PAYMENT', '[{\"description\":\"PROMPT P (1 PAIR)\",\"amount\":\"5000\"}]', '07/24/2024', '07/24/2024', 'paid', NULL, NULL, '2024-07-24 04:50:11'),
(3, '28606', 76, 'Advance Payment Receipt', '[{\"description\":\"Motion C&G 1X SP\",\"amount\":\"20000\"}]', '07/26/2024', '07/26/2024', 'paid', NULL, NULL, '2024-07-26 08:44:55'),
(5, '30421', 80, 'DIAGNOSIS', '[{\"description\":\"PTA\",\"amount\":\"600\"}]', '07/31/2024', NULL, 'paid', NULL, '100', '2024-07-31 05:34:26'),
(6, '22228', 114, 'OW/24-25/180', '[{\"description\":\"PROMPT P BG\",\"amount\":\"30000\"}]', '10/03/2024', NULL, 'paid', NULL, NULL, '2024-10-03 08:04:06');

-- --------------------------------------------------------

--
-- Table structure for table `item`
--

CREATE TABLE `item` (
  `id` int(11) NOT NULL,
  `serial_no` varchar(255) NOT NULL,
  `model` varchar(500) NOT NULL,
  `hearing_accessories` int(11) NOT NULL DEFAULT 0,
  `hearing_aid` int(100) NOT NULL DEFAULT 0,
  `demo` int(11) NOT NULL DEFAULT 0,
  `item_category_id` int(11) NOT NULL,
  `item_sub_category_id` int(11) DEFAULT NULL,
  `type` varchar(255) DEFAULT NULL,
  `channel` varchar(255) DEFAULT NULL,
  `fitting_range` varchar(255) DEFAULT NULL,
  `warranty_id` int(11) DEFAULT NULL,
  `unit` int(11) NOT NULL,
  `unit_price` decimal(15,2) NOT NULL,
  `new_price` decimal(15,2) NOT NULL,
  `lr` varchar(50) DEFAULT NULL,
  `quantity` int(11) NOT NULL,
  `additional_name` varchar(255) DEFAULT NULL,
  `hsn_code` varchar(50) NOT NULL,
  `batch_no` varchar(100) DEFAULT NULL,
  `gst` int(100) DEFAULT NULL,
  `created_at` timestamp NOT NULL DEFAULT current_timestamp() ON UPDATE current_timestamp(),
  `is_active` enum('Y','N') NOT NULL DEFAULT 'Y'
) ENGINE=InnoDB DEFAULT CHARSET=utf8mb3 COLLATE=utf8mb3_general_ci;

--
-- Dumping data for table `item`
--

INSERT INTO `item` (`id`, `serial_no`, `model`, `hearing_accessories`, `hearing_aid`, `demo`, `item_category_id`, `item_sub_category_id`, `type`, `channel`, `fitting_range`, `warranty_id`, `unit`, `unit_price`, `new_price`, `lr`, `quantity`, `additional_name`, `hsn_code`, `batch_no`, `gst`, `created_at`, `is_active`) VALUES
(2, '1', 'Kit Styletto 7AX', 1, 0, 0, 1, 1, 'Slim-RIC', '48', '10-110', 3, 1, 649990.00, 0.00, 'KIT', 0, NULL, '', NULL, NULL, '2024-04-16 08:02:51', 'Y'),
(3, '2', 'Kit Styletto 5AX', 1, 0, 0, 1, 1, 'Slim-RIC', '32', '10-110', 3, 1, 424990.00, 0.00, NULL, 0, NULL, '', NULL, NULL, '2024-04-16 08:06:15', 'Y'),
(4, '3', 'Kit Styletto 3AX', 1, 0, 0, 1, 1, 'Slim-RIC', '24', '10-110', 2, 1, 309990.00, 0.00, NULL, 0, NULL, '', NULL, NULL, '2024-04-16 08:06:21', 'Y'),
(5, '4', 'Kit Styletto 2AX', 1, 0, 0, 1, 1, 'Slim-RIC', '16', '10-110', 2, 1, 129990.00, 0.00, NULL, 0, NULL, '', NULL, NULL, '2024-04-16 08:06:25', 'Y'),
(6, '5', 'Kit Styletto 1AX', 1, 0, 0, 1, 1, 'Slim-RIC', '16', '10-110', 2, 1, 0.00, 0.00, 'KIT', -1, '', '', '', 0, '2024-06-18 08:59:41', 'Y'),
(7, '6', 'Kit Pure C&G 7AX /T 7AX', 1, 0, 0, 1, 2, 'RIC', '48', '10-115', 3, 1, 709990.00, 0.00, NULL, 0, NULL, '', NULL, NULL, '2024-04-16 08:06:32', 'Y'),
(8, '7', 'Kit Pure C&G 5AX /T 5AX', 1, 0, 0, 1, 2, 'RIC', '32', '10-115', 3, 1, 441990.00, 0.00, NULL, 0, NULL, '', NULL, NULL, '2024-04-16 08:06:35', 'Y'),
(9, '8', 'Kit Pure C&G 3AX /T 3AX', 1, 0, 0, 1, 2, 'RIC', '24', '10-115', 2, 1, 319990.00, 0.00, NULL, 0, NULL, '', NULL, NULL, '2024-04-16 08:06:41', 'Y'),
(10, '9', 'Kit Pure C&G 2AX /T 2AX', 1, 0, 0, 1, 2, 'RIC', '16', '10-115', 2, 1, 149990.00, 0.00, NULL, 0, NULL, '', NULL, NULL, '2024-04-16 08:06:44', 'Y'),
(11, '10', 'Kit Pure C&G 1AX /T 1AX', 1, 0, 0, 1, 2, 'RIC', '16', '10-115', 2, 1, 113990.00, 0.00, NULL, 0, NULL, '', NULL, NULL, '2024-04-16 08:03:49', 'Y'),
(12, '11', 'Pure C&G 7AX /T 7AX', 1, 0, 0, 1, 3, 'RIC', '48', '10-115', 3, 1, 361990.00, 0.00, NULL, 0, NULL, '', NULL, NULL, '2024-04-16 08:05:31', 'Y'),
(13, '12', 'Pure C&G 5AX /T 5AX', 1, 0, 0, 1, 3, 'RIC', '32', '10-115', 3, 1, 227990.00, 0.00, NULL, 0, NULL, '', NULL, NULL, '2024-04-16 08:05:36', 'Y'),
(14, '13', 'Pure C&G 3AX /T 3AX', 1, 0, 0, 1, 3, 'RIC', '24', '10-115', 2, 1, 166990.00, 0.00, NULL, 0, NULL, '', NULL, NULL, '2024-04-16 08:05:39', 'Y'),
(15, '14', 'Pure C&G 2AX /T 2AX', 1, 0, 0, 1, 3, 'RIC', '16', '10-115', 2, 1, 81990.00, 0.00, NULL, 0, NULL, '', NULL, NULL, '2024-04-16 08:05:45', 'Y'),
(16, '15', 'Pure C&G 1AX /T 1AX', 1, 0, 0, 1, 3, 'RIC', '16', '10-115', 2, 1, 63990.00, 0.00, NULL, 0, NULL, '', NULL, NULL, '2024-04-16 08:05:49', 'Y'),
(17, '16', 'Pure 312 7AX', 1, 0, 0, 1, 4, 'RIC', '48', '10-115', 3, 1, 314990.00, 0.00, NULL, 0, NULL, '', NULL, NULL, '2024-04-16 08:05:53', 'Y'),
(18, '17', 'Pure 312 5AX', 1, 0, 0, 1, 4, 'RIC', '32', '10-115', 3, 1, 199990.00, 0.00, NULL, 0, NULL, '', NULL, NULL, '2024-04-16 08:05:56', 'Y'),
(19, '18', 'Pure 312 3AX', 1, 0, 0, 1, 4, 'RIC', '24', '10-115', 2, 1, 141990.00, 0.00, NULL, 0, NULL, '', NULL, NULL, '2024-04-16 08:06:00', 'Y'),
(20, '19', 'Pure 312 2AX', 1, 0, 0, 1, 4, 'RIC', '16', '10-115', 2, 1, 64990.00, 0.00, NULL, 0, NULL, '', NULL, NULL, '2024-04-16 08:06:03', 'Y'),
(21, '20', 'Pure 312 1AX', 1, 0, 0, 1, 4, 'RIC', '16', '10-115', 2, 1, 46990.00, 0.00, NULL, 0, NULL, '', NULL, NULL, '2024-04-16 08:09:30', 'Y'),
(22, '21', 'Kit Insio C&G 7AX', 1, 0, 0, 1, 5, 'ITC/ITE', '48', '10-110', 3, 1, 709990.00, 0.00, NULL, 0, NULL, '', NULL, NULL, '2024-04-16 08:09:30', 'Y'),
(23, '22', 'Kit Insio C&G 5AX', 1, 0, 0, 1, 5, 'ITC/ITE', '32', '10-110', 3, 1, 441990.00, 0.00, NULL, 0, NULL, '', NULL, NULL, '2024-04-16 08:09:30', 'Y'),
(24, '23', 'Kit Insio C&G 3AX', 1, 0, 0, 1, 5, 'ITC/ITE', '24', '10-110', 2, 1, 319990.00, 0.00, NULL, 0, NULL, '', NULL, NULL, '2024-04-16 08:09:30', 'Y'),
(25, '24', 'Kit Insio C&G 2AX', 1, 0, 0, 1, 5, 'ITC/ITE', '16', '10-110', 2, 1, 149990.00, 0.00, 'left', 0, NULL, '123456', NULL, 5, '2024-04-16 08:09:30', 'Y'),
(26, '25', 'Kit Insio C&G 1AX', 1, 0, 0, 1, 5, 'ITC/ITE', '16', '10-110', 2, 1, 113990.00, 0.00, NULL, 0, NULL, '', NULL, NULL, '2024-04-16 08:09:30', 'Y'),
(27, '26', 'Insio C&G 7AX', 1, 0, 0, 1, 6, 'ITC/ITE', '48', '10-110', 3, 1, 361990.00, 0.00, NULL, 0, NULL, '', NULL, NULL, '2024-04-16 08:09:30', 'Y'),
(28, '27', 'Insio C&G 5AX', 1, 0, 0, 1, 6, 'ITC/ITE', '32', '10-110', 3, 1, 227990.00, 0.00, NULL, 0, NULL, '', NULL, NULL, '2024-04-16 08:09:30', 'Y'),
(29, '28', 'Insio C&G 3AX', 1, 0, 0, 1, 6, 'ITC/ITE', '24', '10-110', 2, 1, 166990.00, 0.00, NULL, 0, NULL, '', NULL, NULL, '2024-04-16 08:09:30', 'Y'),
(30, '29', 'Insio C&G 2AX', 1, 0, 0, 1, 6, 'ITC/ITE', '16', '10-110', 2, 1, 81990.00, 0.00, NULL, 0, NULL, '', NULL, NULL, '2024-04-16 08:09:30', 'Y'),
(31, '30', 'Insio C&G 1AX', 1, 0, 0, 1, 6, 'ITC/ITE', '16', '10-110', 2, 1, 63990.00, 0.00, NULL, 0, NULL, '', NULL, NULL, '2024-04-16 08:09:30', 'Y'),
(32, '31', 'Intuis 4.2(SP/P/M)', 1, 0, 0, 1, 7, 'BTE', '16', '10-120', 2, 1, 41990.00, 0.00, NULL, 0, NULL, '', NULL, NULL, '2024-04-16 08:09:30', 'Y'),
(33, '32', 'Intuis 4.1(SP/P/M)', 1, 0, 0, 1, 7, 'BTE', '16', '10-120', 2, 1, 35990.00, 0.00, NULL, 0, NULL, '', NULL, NULL, '2024-04-16 08:09:30', 'Y'),
(34, '33', 'Intuis 4.0(SP/P/M)', 1, 0, 0, 1, 7, 'BTE', '12', '10-120', 2, 1, 28990.00, 0.00, NULL, 0, NULL, '', NULL, NULL, '2024-04-16 08:09:30', 'Y'),
(35, '34', 'Active Pro', 1, 0, 0, 2, 24, 'ITE', '48', '10-80', 3, 1, 299990.00, 0.00, NULL, 0, NULL, '', NULL, NULL, '2024-04-16 08:09:30', 'Y'),
(36, '35', 'Active ', 0, 1, 0, 2, 24, 'ITE', '16', '10-80', 2, 1, 0.00, 0.00, '', 0, '', '', '', 0, '2024-06-18 09:02:06', 'Y'),
(37, '36', 'Kit Styletto 7X', 1, 0, 0, 2, 25, 'RIC', '48', '10-110', 3, 1, 647990.00, 0.00, NULL, 0, NULL, '', NULL, NULL, '2024-04-16 08:09:30', 'Y'),
(38, '37', 'Kit Styletto 5X', 1, 0, 0, 2, 25, 'RIC', '32', '10-110', 3, 1, 416990.00, 0.00, NULL, 0, NULL, '', NULL, NULL, '2024-04-16 08:09:30', 'Y'),
(39, '38', 'Kit Styletto 3X', 1, 0, 0, 2, 25, 'RIC', '24', '10-110', 2, 1, 300990.00, 0.00, NULL, 0, NULL, '', NULL, NULL, '2024-04-16 08:09:30', 'Y'),
(40, '39', 'Kit Styletto 2X', 1, 0, 0, 2, 25, 'RIC', '16', '10-110', 2, 1, 129990.00, 0.00, NULL, 0, NULL, '', NULL, NULL, '2024-04-16 08:09:30', 'Y'),
(41, '40', 'Kit Styletto 1X', 1, 0, 0, 2, 25, 'RIC', '16', '10-110', 2, 1, 99990.00, 0.00, NULL, 0, NULL, '', NULL, NULL, '2024-04-16 08:09:30', 'Y'),
(42, '41', 'Kit Motion C&G 7X /P 7X/SP 7X', 1, 0, 0, 2, 26, 'BTE', '48/48/34', '10-120', 3, 1, 619990.00, 0.00, NULL, 0, NULL, '', NULL, NULL, '2024-04-16 08:09:30', 'Y'),
(43, '42', 'Kit Motion C&G 5X /P 5X/SP 5X', 1, 0, 0, 2, 26, 'BTE', '32/32/32', '10-120', 3, 1, 389990.00, 0.00, NULL, 0, NULL, '', NULL, NULL, '2024-04-16 08:09:30', 'Y'),
(44, '43', 'Kit Motion C&G 3X /P 3X/SP 3X', 1, 0, 0, 2, 26, 'BTE', '24/24/24', '10-120', 2, 1, 219990.00, 0.00, NULL, 0, NULL, '', NULL, NULL, '2024-04-16 08:09:30', 'Y'),
(45, '44', 'Kit Motion C&G 2X /P 2X/SP 2X', 1, 0, 0, 2, 26, 'BTE', '16/16/16', '10-120', 2, 1, 129990.00, 0.00, NULL, 0, NULL, '', NULL, NULL, '2024-04-16 08:09:30', 'Y'),
(46, '45', 'Kit Motion C&G 1X /P 1X/SP 1X', 1, 0, 0, 2, 26, 'BTE', '16/16/16', '10-120', 2, 1, 99990.00, 0.00, NULL, 0, NULL, '', NULL, NULL, '2024-04-16 08:09:30', 'Y'),
(47, '46', 'Motion C&G 7X /P 7X/SP 7X', 1, 0, 0, 2, 27, 'BTE', '48/48/34', '10-120', 3, 1, 316990.00, 0.00, NULL, 0, NULL, '', NULL, NULL, '2024-04-16 08:09:30', 'Y'),
(48, '47', 'Motion C&G 5X /P 5X/SP 5X', 1, 0, 0, 2, 27, 'BTE', '32/32/32', '10-120', 3, 1, 201990.00, 0.00, NULL, 0, NULL, '', NULL, NULL, '2024-04-16 08:09:30', 'Y'),
(49, '48', 'Motion C&G 3X /P 3X/SP 3X', 1, 0, 0, 2, 27, 'BTE', '24/24/24', '10-120', 2, 1, 112990.00, 0.00, NULL, 0, NULL, '', NULL, NULL, '2024-04-16 08:09:30', 'Y'),
(50, '49', 'Motion C&G 2X /P 2X/SP 2X', 1, 0, 0, 2, 27, 'BTE', '16/16/16', '10-120', 2, 1, 71990.00, 0.00, NULL, 0, NULL, '', NULL, NULL, '2024-04-16 08:09:30', 'Y'),
(51, '50', 'Motion C&G 1X /P 1X/SP 1X', 1, 0, 0, 2, 27, 'BTE', '16/16/16', '10-120', 2, 1, 56990.00, 0.00, NULL, 0, NULL, '', NULL, NULL, '2024-04-16 08:09:30', 'Y'),
(52, '51', 'Kit Pure C&G 7X', 1, 0, 0, 2, 9, 'RIC', '48', '10-110', 3, 1, 649990.00, 0.00, NULL, 0, NULL, '', NULL, NULL, '2024-04-16 08:09:30', 'Y'),
(53, '52', 'Kit Pure C&G 5X', 1, 0, 0, 2, 9, 'RIC', '32', '10-110', 3, 1, 399990.00, 0.00, NULL, 0, NULL, '', NULL, NULL, '2024-04-16 08:09:30', 'Y'),
(54, '53', 'Kit Pure C&G 3X', 1, 0, 0, 2, 9, 'RIC', '24', '10-110', 2, 1, 291990.00, 0.00, NULL, 0, NULL, '', NULL, NULL, '2024-04-16 08:09:30', 'Y'),
(55, '54', 'Kit Pure C&G 2X', 1, 0, 0, 2, 9, 'RIC', '16', '10-110', 2, 1, 103990.00, 0.00, NULL, 0, NULL, '', NULL, NULL, '2024-04-16 08:09:30', 'Y'),
(56, '55', 'Kit Pure C&G 1X', 1, 0, 0, 2, 9, 'RIC', '16', '10-110', 2, 1, 83990.00, 0.00, NULL, 0, NULL, '', NULL, NULL, '2024-04-16 08:09:30', 'Y'),
(57, '56', 'Pure C&G 7X', 1, 0, 0, 2, 10, 'RIC', '48', '10-110', 3, 1, 331990.00, 0.00, NULL, 0, NULL, '', NULL, NULL, '2024-04-16 08:09:30', 'Y'),
(58, '57', 'Pure C&G 5X', 1, 0, 0, 2, 10, 'RIC', '32', '10-110', 3, 1, 206990.00, 0.00, NULL, 0, NULL, '', NULL, NULL, '2024-04-16 08:09:30', 'Y'),
(59, '58', 'Pure C&G 3X', 1, 0, 0, 2, 10, 'RIC', '24', '10-110', 2, 1, 152990.00, 0.00, NULL, 0, NULL, '', NULL, NULL, '2024-04-16 08:09:30', 'Y'),
(60, '59', 'Pure C&G 2X', 1, 0, 0, 2, 10, 'RIC', '16', '10-110', 2, 1, 54990.00, 0.00, NULL, 0, NULL, '', NULL, NULL, '2024-04-16 08:09:30', 'Y'),
(61, '60', 'Pure C&G 1X', 1, 0, 0, 2, 10, 'RIC', '16', '10-110', 2, 1, 44990.00, 0.00, NULL, 0, NULL, '', NULL, NULL, '2024-04-16 08:09:30', 'Y'),
(62, '61', 'Pure 312 7X', 1, 0, 0, 2, 11, 'RIC', '48', '10-115', 3, 1, 299990.00, 0.00, NULL, 0, NULL, '', NULL, NULL, '2024-04-16 08:09:30', 'Y'),
(63, '62', 'Pure 312 5X', 1, 0, 0, 2, 11, 'RIC', '32', '10-115', 3, 1, 179990.00, 0.00, NULL, 0, NULL, '', NULL, NULL, '2024-04-16 08:09:30', 'Y'),
(64, '63', 'Pure 312 3X', 1, 0, 0, 2, 11, 'RIC', '24', '10-115', 2, 1, 129990.00, 0.00, NULL, 0, NULL, '', NULL, NULL, '2024-04-16 08:09:30', 'Y'),
(65, '64', 'Pure 312 2X', 1, 0, 0, 2, 11, 'RIC', '16', '10-115', 2, 1, 45990.00, 0.00, NULL, 0, NULL, '', NULL, NULL, '2024-04-16 08:09:30', 'Y'),
(66, '65', 'Pure 312 1X', 1, 0, 0, 2, 11, 'RIC', '16', '10-115', 2, 1, 38990.00, 0.00, NULL, 0, NULL, '', NULL, NULL, '2024-04-16 08:09:30', 'Y'),
(67, '66', 'Silk 7X', 1, 0, 0, 2, 12, 'CIC', '48', '10-80', 3, 1, 299990.00, 0.00, NULL, 0, NULL, '', NULL, NULL, '2024-04-16 08:09:30', 'Y'),
(68, '67', 'Silk 5X', 1, 0, 0, 2, 12, 'CIC', '32', '10-80', 3, 1, 179990.00, 0.00, NULL, 0, NULL, '', NULL, NULL, '2024-04-16 08:09:30', 'Y'),
(69, '68', 'Silk 3X', 1, 0, 0, 2, 12, 'CIC', '24', '10-80', 2, 1, 129990.00, 0.00, NULL, 0, NULL, '', NULL, NULL, '2024-04-16 08:09:30', 'Y'),
(70, '69', 'Silk 2X', 1, 0, 0, 2, 12, 'CIC', '16', '10-80', 2, 1, 59990.00, 0.00, NULL, 0, NULL, '', NULL, NULL, '2024-04-16 08:09:30', 'Y'),
(71, '70', 'Silk 1X', 1, 0, 0, 2, 12, 'CIC', '16', '10-80', 2, 1, 43990.00, 0.00, NULL, 0, NULL, '', NULL, NULL, '2024-04-16 08:09:30', 'Y'),
(72, '71', 'CROS/BiCROS Pure Charge & Go X Transmitter', 0, 0, 0, 2, 13, 'RIC', NULL, NULL, 1, 1, 35990.00, 0.00, NULL, 0, NULL, '', NULL, NULL, '2024-03-29 07:04:01', 'Y'),
(73, '72', 'CROS/BiCROS Pure 312 X Transmitter', 0, 0, 0, 2, 13, 'RIC', NULL, NULL, 1, 1, 29490.00, 0.00, NULL, 0, NULL, '', NULL, NULL, '2024-03-29 07:04:01', 'Y'),
(74, '73', 'CROS/BiCROS silk XTransmitter', 0, 0, 0, 2, 13, 'RIC', NULL, NULL, 1, 1, 29490.00, 0.00, NULL, 0, NULL, '', NULL, NULL, '2024-03-29 07:04:01', 'Y'),
(75, '74', 'Insio 7Nx', 1, 0, 0, 3, 14, 'ITE/ITC/CIC/IIC', '48', '10-110', 3, 1, 299990.00, 0.00, NULL, 0, NULL, '', NULL, NULL, '2024-04-16 08:11:04', 'Y'),
(76, '75', 'Insio 5Nx', 1, 0, 0, 3, 14, 'ITE/ITC/CIC/IIC', '32', '10-110', 3, 1, 179990.00, 0.00, NULL, 0, NULL, '', NULL, NULL, '2024-04-16 08:11:04', 'Y'),
(77, '76', 'Insio 3Nx', 1, 0, 0, 3, 14, 'ITE/ITC/CIC/IIC', '24', '10-110', 2, 1, 104990.00, 0.00, NULL, 0, NULL, '', NULL, NULL, '2024-04-16 08:11:04', 'Y'),
(78, '77', 'Insio 2Nx', 1, 0, 0, 3, 14, 'ITE/ITC/CIC/IIC', '16', '10-110', 2, 1, 57990.00, 0.00, NULL, 0, NULL, '', NULL, NULL, '2024-04-16 08:11:04', 'Y'),
(79, '78', 'Insio 1Nx', 1, 0, 0, 3, 14, 'ITE/ITC/CIC/IIC', '16', '10-110', 2, 1, 41990.00, 0.00, NULL, 0, NULL, '', NULL, NULL, '2024-04-16 08:11:04', 'Y'),
(80, '79', 'CROS/BiCROS(Pure 312 NxTransmitter)', 0, 0, 0, 3, 15, 'RIC', NULL, NULL, 1, 1, 29490.00, 0.00, NULL, 0, NULL, '', NULL, NULL, '2024-03-29 07:04:01', 'Y'),
(81, '80', 'CROS/BiCROS(Silk Nx Transmitter)', 0, 0, 0, 3, 15, 'CIC', NULL, NULL, 1, 1, 29990.00, 0.00, NULL, 0, NULL, '', NULL, NULL, '2024-03-29 07:04:01', 'Y'),
(82, '81', 'Motion SP/P 7px', 1, 0, 0, 4, 16, 'BTE', '24/48', '10-120', 2, 1, 249990.00, 0.00, NULL, 0, NULL, '', NULL, NULL, '2024-04-16 08:10:39', 'Y'),
(83, '82', 'Motion SP/P 5px', 1, 0, 0, 4, 16, 'BTE', '24/32', '10-120', 2, 1, 154990.00, 0.00, NULL, 0, NULL, '', NULL, NULL, '2024-04-16 08:10:39', 'Y'),
(84, '83', 'Motion SP/P 3px', 1, 0, 0, 4, 16, 'BTE', '24/24', '10-120', 2, 1, 44990.00, 0.00, NULL, 0, NULL, '', NULL, NULL, '2024-04-16 08:10:39', 'Y'),
(85, '84', 'Motion SP/P 2px', 1, 0, 0, 4, 16, 'BTE', '16/16', '10-120', 2, 1, 39990.00, 0.00, NULL, 0, NULL, '', NULL, NULL, '2024-04-16 08:10:39', 'Y'),
(86, '85', 'Motion SP/P 1px', 1, 0, 0, 4, 16, 'BTE', '16/16', '10-120', 2, 1, 32990.00, 0.00, NULL, 0, NULL, '', NULL, NULL, '2024-04-16 08:10:39', 'Y'),
(87, '86', 'Pure 3px', 1, 0, 0, 4, 17, 'RIC', '24', '10-115', 2, 1, 44990.00, 0.00, NULL, 0, NULL, '', NULL, NULL, '2024-04-16 08:10:39', 'Y'),
(88, '87', 'Pure 2px', 1, 0, 0, 4, 17, 'RIC', '16', '10-115', 2, 1, 39990.00, 0.00, NULL, 0, NULL, '', NULL, NULL, '2024-04-16 08:10:39', 'Y'),
(89, '88', 'Pure 1px', 1, 0, 0, 4, 17, 'RIC', '16', '10-115', 2, 1, 32990.00, 0.00, NULL, 0, NULL, '', NULL, NULL, '2024-04-16 08:10:39', 'Y'),
(90, '89', 'Insio 3px', 1, 0, 0, 4, 19, 'CIC & ITC/ITE', '24', '10-110', 2, 1, 44990.00, 0.00, NULL, 0, NULL, '', NULL, NULL, '2024-04-16 08:10:39', 'Y'),
(91, '90', 'Insio 2px', 1, 0, 0, 4, 19, 'CIC & ITC/ITE', '16', '10-110', 2, 1, 39990.00, 0.00, NULL, 0, NULL, '', NULL, NULL, '2024-04-16 08:10:39', 'Y'),
(92, '91', 'Insio 1px', 1, 0, 0, 4, 19, 'CIC & ITC/ITE', '16', '10-110', 2, 1, 32990.00, 0.00, NULL, 0, NULL, '', NULL, NULL, '2024-04-16 08:10:39', 'Y'),
(93, '92', 'Silk 3px', 1, 0, 0, 4, 18, 'Click CIC', '24', '10-80', 2, 1, 44990.00, 0.00, NULL, 0, NULL, '', NULL, NULL, '2024-04-16 08:10:39', 'Y'),
(94, '93', 'Silk 2px', 1, 0, 0, 4, 18, 'Click CIC', '16', '10-80', 2, 1, 39990.00, 0.00, NULL, 0, NULL, '', NULL, NULL, '2024-04-16 08:10:39', 'Y'),
(95, '94', 'Silk 1px', 1, 0, 0, 4, 18, 'Click CIC', '16', '10-80', 2, 1, 32990.00, 0.00, NULL, 0, NULL, '', NULL, NULL, '2024-04-16 08:10:39', 'Y'),
(96, '95', 'CROS/BiCROS Pure px Transmitter', 1, 0, 0, 4, 20, 'RIC', NULL, NULL, 1, 1, 24490.00, 0.00, NULL, 0, NULL, '', NULL, NULL, '2024-04-16 08:10:39', 'Y'),
(97, '96', 'Intuis 3 RIC 312', 1, 0, 0, 4, 21, 'RIC', '12', '10-115', 2, 1, 24990.00, 0.00, NULL, 0, NULL, '', NULL, NULL, '2024-04-16 08:10:39', 'Y'),
(98, '97', 'Intuis 3 SP', 1, 0, 0, 4, 21, 'BTE', '12', '20-120', 2, 1, 24990.00, 0.00, NULL, 0, NULL, '', NULL, NULL, '2024-04-16 08:10:39', 'Y'),
(99, '98', 'Intuis 3 P', 1, 0, 0, 4, 21, 'BTE', '12', '10-110', 2, 1, 24990.00, 0.00, NULL, 0, NULL, '', NULL, NULL, '2024-04-16 08:10:39', 'Y'),
(100, '99', 'Intuis 3 M', 1, 0, 0, 4, 21, 'BTE', '12', '10-90', 2, 1, 24990.00, 0.00, NULL, 0, NULL, '', NULL, NULL, '2024-04-16 08:10:39', 'Y'),
(101, '100', 'Intuis 3 S', 1, 0, 0, 4, 21, 'BTE', '12', '0-80', 2, 1, 24990.00, 0.00, NULL, 0, NULL, '', NULL, NULL, '2024-04-16 08:04:00', 'Y'),
(102, '101', 'Intuis 3 Custom', 1, 0, 0, 4, 21, 'ITE/ITC/CIC', '12', '10-110', 2, 1, 24990.00, 0.00, NULL, 0, NULL, '', NULL, NULL, '2024-04-16 08:04:18', 'Y'),
(103, '102', 'Intuis 3 Click', 1, 0, 0, 4, 21, 'ITC/CIC', '12', '10-90', 2, 1, 24990.00, 0.00, NULL, 0, NULL, '', NULL, NULL, '2024-04-16 08:04:22', 'Y'),
(104, '103', 'Prompt SP', 1, 0, 0, 4, 22, 'BTE', '8', '20-120', 2, 1, 18490.00, 0.00, NULL, 0, NULL, '', NULL, NULL, '2024-04-16 08:04:26', 'Y'),
(105, '104', 'Prompt P', 1, 0, 0, 4, 22, 'BTE', '8', '10-90', 2, 1, 18490.00, 0.00, NULL, 0, NULL, '', NULL, NULL, '2024-04-16 08:04:29', 'Y'),
(106, '105', 'Prompt S', 1, 0, 0, 4, 22, 'BTE', '8', '0-80', 2, 1, 18490.00, 0.00, NULL, 0, NULL, '', NULL, NULL, '2024-04-16 08:04:34', 'Y'),
(107, '106', 'Prompt Custom', 1, 0, 0, 4, 22, 'ITC/CIC', '8', '10-110', 2, 1, 18490.00, 0.00, NULL, 0, NULL, '', NULL, NULL, '2024-04-16 08:04:37', 'Y'),
(108, '107', 'Prompt Click', 1, 0, 0, 4, 22, 'ITC/CIC', '8', '10-90', 2, 1, 18490.00, 0.00, NULL, 0, NULL, '', NULL, NULL, '2024-04-16 08:04:42', 'Y'),
(109, '108', 'Run SP', 1, 0, 0, 4, 22, 'BTE', '8', '20-120', 2, 1, 15490.00, 0.00, NULL, 0, NULL, '', NULL, NULL, '2024-04-16 08:04:45', 'Y'),
(110, '109', 'Run P', 1, 0, 0, 4, 22, 'BTE', '8', '20-120', 2, 1, 15490.00, 0.00, NULL, 0, NULL, '', NULL, NULL, '2024-04-16 08:04:51', 'Y'),
(111, '110', 'Run S', 1, 0, 0, 4, 22, 'BTE', '8', '10-90', 2, 1, 15490.00, 0.00, NULL, 0, NULL, '', NULL, NULL, '2024-04-16 08:04:55', 'Y'),
(112, '111', 'Run Click', 1, 0, 0, 4, 21, 'ITC/CIC', '8', '10-90', 2, 1, 16990.00, 0.00, NULL, 0, NULL, '', NULL, NULL, '2024-04-16 08:05:00', 'Y'),
(113, '112', 'Fun SP', 1, 0, 0, 4, 22, 'BTE', '6', '20-120', 2, 1, 11990.00, 0.00, NULL, 0, NULL, '', NULL, NULL, '2024-04-16 08:05:04', 'Y'),
(114, '113', 'Fun P', 1, 0, 0, 4, 22, 'BTE', '6', '10-90', 2, 1, 10990.00, 0.00, NULL, 0, NULL, '', NULL, NULL, '2024-04-16 08:05:07', 'Y'),
(115, '114', 'Fast P', 1, 0, 0, 4, 22, 'BTE', '4', '10-80', 2, 1, 9990.00, 0.00, NULL, 0, NULL, '', NULL, NULL, '2024-04-16 08:05:11', 'Y'),
(116, '115', '675 Battery', 0, 0, 0, 5, 23, NULL, NULL, NULL, 1, 1, 51.00, 0.00, NULL, 0, 'Mercury Free', '', NULL, NULL, '2024-03-29 07:04:01', 'Y'),
(117, '116', '13 Battery', 0, 0, 0, 5, 23, NULL, NULL, NULL, 1, 1, 51.00, 0.00, NULL, 0, 'Mercury Free', '', NULL, NULL, '2024-03-29 07:04:01', 'Y'),
(118, '117', '312 Battery', 0, 0, 0, 5, 23, NULL, NULL, NULL, 1, 1, 51.00, 0.00, NULL, 0, 'Mercury Free', '', NULL, NULL, '2024-03-29 07:04:01', 'Y'),
(119, '118', '10 Battery', 0, 0, 0, 5, 23, NULL, NULL, NULL, 1, 1, 51.00, 0.00, NULL, 0, 'Mercury Free', '', NULL, NULL, '2024-03-29 07:04:01', 'Y'),
(120, '119', 'Styletto CROS Kit 7AX', 1, 0, 0, 1, 8, 'RIC', NULL, NULL, 4, 1, 360990.00, 0.00, NULL, 0, NULL, '', NULL, NULL, '2024-04-16 08:15:25', 'Y'),
(121, '119', 'Styletto CROS Kit 7AX', 1, 0, 0, 1, 8, 'RIC', NULL, NULL, 4, 1, 248490.00, 0.00, NULL, 0, NULL, '', NULL, NULL, '2024-04-16 08:15:29', 'Y'),
(122, '120', 'Styletto CROS Kit 3AX', 1, 0, 0, 1, 8, 'RIC', NULL, NULL, 5, 1, 190990.00, 0.00, NULL, 0, NULL, '', NULL, NULL, '2024-04-16 08:15:34', 'Y'),
(123, '121', 'Styletto CROS Kit 2AX', 1, 0, 0, 1, 8, 'RIC', NULL, NULL, 5, 1, 100990.00, 0.00, NULL, 0, NULL, '', NULL, NULL, '2024-04-16 08:15:38', 'Y'),
(124, '121', 'Styletto CROS Kit 1AX', 1, 0, 0, 1, 8, 'RIC', NULL, NULL, 5, 1, 85990.00, 0.00, NULL, 0, NULL, '', NULL, NULL, '2024-04-16 08:15:42', 'Y'),
(125, '', 'Styletto AX Charger Case', 0, 0, 0, 0, NULL, NULL, NULL, NULL, 1, 1, 11990.00, 0.00, NULL, 0, NULL, '', NULL, NULL, '2024-03-29 07:11:04', 'Y'),
(126, '', 'Styletto Dry&Clean Charger', 0, 0, 0, 0, NULL, NULL, NULL, NULL, 1, 1, 11990.00, 0.00, NULL, 0, NULL, '', NULL, NULL, '2024-03-29 07:04:01', 'Y'),
(127, '', 'Insio AX Charger Case', 0, 0, 0, 0, NULL, NULL, NULL, NULL, 1, 1, 11990.00, 0.00, NULL, 0, NULL, '', NULL, NULL, '2024-03-29 07:04:01', 'Y'),
(128, '', 'Dry & Clean Charger RIC', 0, 0, 0, 0, NULL, NULL, NULL, NULL, 1, 1, 11990.00, 0.00, NULL, 0, NULL, '', NULL, NULL, '2024-03-29 07:04:01', 'Y'),
(129, '', 'Portable Charger RIC', 0, 0, 0, 0, NULL, NULL, NULL, NULL, 1, 1, 7990.00, 0.00, NULL, 0, NULL, '', NULL, NULL, '2024-03-29 07:04:01', 'Y'),
(130, '', 'Standard Charger RIC', 0, 0, 0, 0, NULL, NULL, NULL, NULL, 1, 1, 5990.00, 0.00, NULL, 0, NULL, '', NULL, NULL, '2024-03-29 07:04:01', 'Y'),
(131, '', 'Styletto X Charger Case', 0, 0, 0, 0, NULL, NULL, NULL, NULL, 1, 1, 11990.00, 0.00, NULL, 0, NULL, '', NULL, NULL, '2024-03-29 07:04:01', 'Y'),
(132, '', 'Inductive Charger ||(Pure C&G X and Motion C&G X)-7,5,3', 0, 0, 0, 0, NULL, NULL, NULL, NULL, 1, 1, 11990.00, 0.00, NULL, 0, NULL, '', NULL, NULL, '2024-03-29 07:04:01', 'Y'),
(133, '', 'Active Charger Case', 0, 0, 0, 0, NULL, NULL, NULL, NULL, 1, 1, 11990.00, 0.00, NULL, 0, NULL, '', NULL, NULL, '2024-03-29 07:04:01', 'Y'),
(134, '', 'Dry&Clean Charger(Motion C&G X) (P/SP)', 0, 0, 0, 0, NULL, NULL, NULL, NULL, 1, 1, 11990.00, 0.00, NULL, 0, NULL, '', NULL, NULL, '2024-03-29 07:04:01', 'Y'),
(135, '', 'Inductive Charger E(Pure C&G X and Motion C&G X)-2,1', 0, 0, 0, 0, NULL, NULL, NULL, NULL, 1, 1, 9990.00, 0.00, NULL, 0, NULL, '', NULL, NULL, '2024-03-29 07:04:01', 'Y'),
(136, '', 'Standard Charger (Motion C&G X) (P/SP)', 0, 0, 0, 0, NULL, NULL, NULL, NULL, 1, 1, 5990.00, 0.00, NULL, 0, NULL, '', NULL, NULL, '2024-03-29 07:04:01', 'Y'),
(140, 'DDT4248', 'SET CROS STYLETTO AX BLK SLV ', 1, 0, 0, 1, 8, NULL, NULL, NULL, 4, 1, 35990.00, 0.00, NULL, 0, NULL, '90219010', NULL, 18, '2024-04-16 08:15:57', 'Y'),
(141, 'LTN22SC4W006313K', 'SET STYLETTO AX CHARGER IN', 0, 0, 0, 1, 8, NULL, NULL, NULL, 1, 1, 10000.00, 0.00, NULL, 0, NULL, '90219010', NULL, 18, '2024-03-29 07:04:01', 'Y'),
(142, 'DEMO', 'SLEEVE 3.0 VENTED S CXX ', 0, 0, 0, 1, 8, NULL, NULL, NULL, 1, 1, 1000.00, 0.00, NULL, 0, NULL, '90219010', NULL, 18, '2024-03-29 07:04:01', 'Y'),
(143, 'DEMO', 'SLEEVE 3.0 CLOSED S CXX ', 0, 0, 0, 1, 8, NULL, NULL, NULL, 1, 1, 1000.00, 0.00, NULL, 0, NULL, '90219010', NULL, 18, '2024-03-29 07:04:01', 'Y'),
(144, '238205105', 'MINIREC. 3.0 2R S', 0, 0, 0, 1, 8, NULL, NULL, NULL, 1, 1, 8000.00, 0.00, NULL, 0, NULL, '90219010', NULL, 18, '2024-03-29 07:04:01', 'Y'),
(145, '204304172', 'MINIREC. 3.0 2L S ', 0, 0, 0, 1, 8, NULL, NULL, NULL, 1, 1, 8000.00, 0.00, NULL, 0, NULL, '90219010', NULL, 18, '2024-03-29 07:07:43', 'Y'),
(147, '(21)FDT5072', 'STYLETTO sDEMO dax', 0, 0, 1, 1, 1, '', '', '', 2, 1, 0.00, 0.00, '', -7, '', '', '', 0, '2024-05-03 05:28:24', 'Y'),
(148, 'JDS1726', 'KIT STYLETTO 1AX', 1, 0, 0, 1, 1, '', '', '', 3, 1, 99990.00, 0.00, 'KIT', 0, '', '', '', 0, '2024-05-03 05:58:19', 'N'),
(149, 'JDS1726', 'KIT STYLETTO 1AX', 1, 0, 0, 1, 0, '', '', '', 3, 1, 99990.00, 0.00, 'KIT', 4, '', '', '', 0, '2024-05-03 05:59:02', 'N'),
(150, 'WEM9582', 'PURE C&G 3AX', 0, 1, 0, 1, 0, '', '', '', 3, 1, 319990.00, 0.00, '', 1, '', '', '', 0, '2024-05-13 10:23:35', 'Y'),
(151, 'WEM9573', 'PURE C&G 3AX', 0, 1, 0, 1, 3, '', '', '', 3, 1, 319990.00, 0.00, '', 1, '', '', '', 0, '2024-05-13 10:26:59', 'Y'),
(152, 'WEM9582', 'PURE C&G 3AX', 0, 1, 0, 1, 3, '', '', '', 3, 1, 319990.00, 0.00, '', 1, '', '', '', 0, '2024-05-13 10:30:11', 'Y'),
(153, '1', 'BTE HARD MOULD UNILATERAL', 0, 1, 0, 5, 28, '', '', '', 1, 1, 1000.00, 0.00, '', 2, '', '', '', 0, '2024-05-13 12:39:10', 'Y'),
(154, '1', 'BTE HARD MOULD BILATERAL', 0, 1, 0, 5, 28, '', '', '', 1, 1, 1800.00, 0.00, '', 2, '', '', '', 0, '2024-05-13 12:40:29', 'Y'),
(155, '1', 'BTE SOFT MOULD UNILATERAL', 0, 1, 0, 5, 28, '', '', '', 1, 1, 1200.00, 0.00, '', 2, '', '', '', 0, '2024-05-13 12:42:25', 'Y'),
(156, '1', 'BTE SOFT MOULD BILATERAL', 0, 1, 0, 5, 28, '', '', '', 1, 1, 2000.00, 0.00, '', 2, '', '', '', 0, '2024-05-13 12:45:01', 'Y'),
(157, '1', 'RIC SLIM TIP MOULD UNILATERAL', 0, 1, 0, 5, 28, '', '', '', 1, 1, 0.00, 0.00, '', 2, '', '', '', 0, '2024-05-13 12:47:50', 'Y'),
(158, '1', 'RIC SLIM TIP MOULD BILATERAL', 0, 1, 0, 5, 28, '', '', '', 1, 1, 2000.00, 0.00, '', 2, '', '', '', 0, '2024-05-13 12:49:18', 'Y'),
(159, '1', 'RIC C-SHELL MOULD UNILATERAL', 0, 1, 0, 5, 28, '', '', '', 1, 1, 1200.00, 0.00, '', 2, '', '', '', 0, '2024-05-13 12:51:15', 'Y'),
(160, '1', 'RIC C-SHELL MOULD BILATERAL', 0, 1, 0, 5, 28, '', '', '', 1, 1, 2000.00, 0.00, '', 2, '', '', '', 0, '2024-05-13 12:52:18', 'Y'),
(161, '1', 'RIC C-SHELL MOULD BILATERAL', 0, 1, 0, 5, 28, '', '', '', 1, 1, 2000.00, 0.00, '', 2, '', '', '', 0, '2024-05-13 12:57:00', 'N'),
(162, 'JCQ7480', 'INTUIS4.0 SP ', 0, 1, 0, 1, 0, '', '', '', 2, 1, 28990.00, 0.00, '', 1, '', '', '', 0, '2024-06-14 06:11:11', 'Y'),
(163, 'JCQ7496', 'INTUIS4.0 SP ', 0, 1, 0, 1, 0, '', '', '', 2, 1, 28990.00, 0.00, '', 1, '', '', '', 0, '2024-06-14 06:14:16', 'Y'),
(164, '(21)CGA3045', 'SILK C&G ', 0, 0, 1, 6, 0, '', '', '', 2, 1, 299990.00, 0.00, 'KIT', 1, '', '', '', 0, '2024-06-26 05:56:34', 'Y'),
(165, '(21)MCQ2636', 'INTUIS 3P', 0, 1, 0, 4, 21, '', '', '', 2, 1, 24990.00, 0.00, 'KIT', 1, '', '', '', 0, '2024-07-16 09:22:37', 'Y'),
(166, 'DEQ5410', 'Prompt P BG', 0, 0, 0, 4, 22, '', '', '', 2, 1, 30000.00, 0.00, '', 2, '', '', '', 0, '2024-10-03 08:11:46', 'Y');

-- --------------------------------------------------------

--
-- Table structure for table `item_category`
--

CREATE TABLE `item_category` (
  `id` int(255) NOT NULL,
  `item_category` varchar(155) NOT NULL,
  `is_active` enum('Y','N') NOT NULL DEFAULT 'Y',
  `description` text DEFAULT NULL,
  `created_at` timestamp NOT NULL DEFAULT current_timestamp() ON UPDATE current_timestamp()
) ENGINE=InnoDB DEFAULT CHARSET=utf8mb3 COLLATE=utf8mb3_general_ci;

--
-- Dumping data for table `item_category`
--

INSERT INTO `item_category` (`id`, `item_category`, `is_active`, `description`, `created_at`) VALUES
(1, 'Augmented Xperience (AX)', 'Y', NULL, '2023-06-21 12:54:00'),
(2, 'Xperience (X)', 'Y', NULL, '2023-06-21 12:54:40'),
(3, 'Natural Experience (NX)', 'Y', NULL, '2023-06-21 12:55:33'),
(4, 'Primax (PX)', 'Y', NULL, '2023-06-21 12:55:26'),
(5, 'Accessories', 'Y', NULL, '2023-06-21 12:55:19'),
(6, 'Integrated Xperience (IX)', 'Y', NULL, '2024-06-26 05:53:54');

-- --------------------------------------------------------

--
-- Table structure for table `item_issue`
--

CREATE TABLE `item_issue` (
  `id` int(11) NOT NULL,
  `issue_to` int(11) NOT NULL,
  `issue_by` varchar(100) NOT NULL,
  `issue_date` date NOT NULL,
  `return_date` date DEFAULT NULL,
  `item_id` int(11) NOT NULL,
  `quantity` int(10) NOT NULL,
  `note` text DEFAULT NULL,
  `is_returned` int(2) NOT NULL DEFAULT 0,
  `created_at` timestamp NOT NULL DEFAULT current_timestamp(),
  `is_active` enum('Y','N') NOT NULL DEFAULT 'Y'
) ENGINE=InnoDB DEFAULT CHARSET=utf8mb3 COLLATE=utf8mb3_general_ci;

-- --------------------------------------------------------

--
-- Table structure for table `item_price_details`
--

CREATE TABLE `item_price_details` (
  `id` int(11) NOT NULL,
  `item_id` int(11) NOT NULL,
  `sl_no` varchar(25) NOT NULL,
  `quantity` int(11) NOT NULL,
  `unit_price` decimal(15,2) NOT NULL,
  `date_time` varchar(255) NOT NULL
) ENGINE=InnoDB DEFAULT CHARSET=utf8mb4 COLLATE=utf8mb4_unicode_ci;

--
-- Dumping data for table `item_price_details`
--

INSERT INTO `item_price_details` (`id`, `item_id`, `sl_no`, `quantity`, `unit_price`, `date_time`) VALUES
(1, 2, '1', 0, 649990.00, ''),
(2, 3, '2', 0, 424990.00, ''),
(3, 4, '3', 0, 309990.00, ''),
(4, 5, '4', 0, 129990.00, ''),
(5, 6, '5', 0, 99990.00, ''),
(6, 7, '6', 0, 709990.00, ''),
(7, 8, '7', 0, 441990.00, ''),
(8, 9, '8', 0, 319990.00, ''),
(9, 10, '9', 0, 149990.00, ''),
(10, 11, '10', 0, 113990.00, ''),
(11, 12, '11', 0, 361990.00, ''),
(12, 13, '12', 0, 227990.00, ''),
(13, 14, '13', 0, 166990.00, ''),
(14, 15, '14', 0, 81990.00, ''),
(15, 16, '15', 0, 63990.00, ''),
(16, 17, '16', 0, 314990.00, ''),
(17, 18, '17', 0, 199990.00, ''),
(18, 19, '18', 0, 141990.00, ''),
(19, 20, '19', 0, 64990.00, ''),
(20, 21, '20', 0, 46990.00, ''),
(21, 22, '21', 0, 709990.00, ''),
(22, 23, '22', 0, 441990.00, ''),
(23, 24, '23', 0, 319990.00, ''),
(24, 25, '24', 0, 149990.00, ''),
(25, 26, '25', 0, 113990.00, ''),
(26, 27, '26', 0, 361990.00, ''),
(27, 28, '27', 0, 227990.00, ''),
(28, 29, '28', 0, 166990.00, ''),
(29, 30, '29', 0, 81990.00, ''),
(30, 31, '30', 0, 63990.00, ''),
(31, 32, '31', 0, 41990.00, ''),
(32, 33, '32', 0, 35990.00, ''),
(33, 34, '33', 0, 28990.00, ''),
(34, 35, '34', 0, 299990.00, ''),
(35, 36, '35', 0, 149990.00, ''),
(36, 37, '36', 0, 647990.00, ''),
(37, 38, '37', 0, 416990.00, ''),
(38, 39, '38', 0, 300990.00, ''),
(39, 40, '39', 0, 129990.00, ''),
(40, 41, '40', 0, 99990.00, ''),
(41, 42, '41', 0, 619990.00, ''),
(42, 43, '42', 0, 389990.00, ''),
(43, 44, '43', 0, 219990.00, ''),
(44, 45, '44', 0, 129990.00, ''),
(45, 46, '45', 0, 99990.00, ''),
(46, 47, '46', 0, 316990.00, ''),
(47, 48, '47', 0, 201990.00, ''),
(48, 49, '48', 0, 112990.00, ''),
(49, 50, '49', 0, 71990.00, ''),
(50, 51, '50', 0, 56990.00, ''),
(51, 52, '51', 0, 649990.00, ''),
(52, 53, '52', 0, 399990.00, ''),
(53, 54, '53', 0, 291990.00, ''),
(54, 55, '54', 0, 103990.00, ''),
(55, 56, '55', 0, 83990.00, ''),
(56, 57, '56', 0, 331990.00, ''),
(57, 58, '57', 0, 206990.00, ''),
(58, 59, '58', 0, 152990.00, ''),
(59, 60, '59', 0, 54990.00, ''),
(60, 61, '60', 0, 44990.00, ''),
(61, 62, '61', 0, 299990.00, ''),
(62, 63, '62', 0, 179990.00, ''),
(63, 64, '63', 0, 129990.00, ''),
(64, 65, '64', 0, 45990.00, ''),
(65, 66, '65', 0, 38990.00, ''),
(66, 67, '66', 0, 299990.00, ''),
(67, 68, '67', 0, 179990.00, ''),
(68, 69, '68', 0, 129990.00, ''),
(69, 70, '69', 0, 59990.00, ''),
(70, 71, '70', 0, 43990.00, ''),
(71, 72, '71', 0, 35990.00, ''),
(72, 73, '72', 0, 29490.00, ''),
(73, 74, '73', 0, 29490.00, ''),
(74, 75, '74', 0, 299990.00, ''),
(75, 76, '75', 0, 179990.00, ''),
(76, 77, '76', 0, 104990.00, ''),
(77, 78, '77', 0, 57990.00, ''),
(78, 79, '78', 0, 41990.00, ''),
(79, 80, '79', 0, 29490.00, ''),
(80, 81, '80', 0, 29990.00, ''),
(81, 82, '81', 0, 249990.00, ''),
(82, 83, '82', 0, 154990.00, ''),
(83, 84, '83', 0, 44990.00, ''),
(84, 85, '84', 0, 39990.00, ''),
(85, 86, '85', 0, 32990.00, ''),
(86, 87, '86', 0, 44990.00, ''),
(87, 88, '87', 0, 39990.00, ''),
(88, 89, '88', 0, 32990.00, ''),
(89, 90, '89', 0, 44990.00, ''),
(90, 91, '90', 0, 39990.00, ''),
(91, 92, '91', 0, 32990.00, ''),
(92, 93, '92', 0, 44990.00, ''),
(93, 94, '93', 0, 39990.00, ''),
(94, 95, '94', 0, 32990.00, ''),
(95, 96, '95', 0, 24490.00, ''),
(96, 97, '96', 0, 24990.00, ''),
(97, 98, '97', 0, 24990.00, ''),
(98, 99, '98', 0, 24990.00, ''),
(99, 100, '99', 0, 24990.00, ''),
(100, 101, '100', 0, 24990.00, ''),
(101, 102, '101', 0, 24990.00, ''),
(102, 103, '102', 0, 24990.00, ''),
(103, 104, '103', 0, 18490.00, ''),
(104, 105, '104', 0, 18490.00, ''),
(105, 106, '105', 0, 18490.00, ''),
(106, 107, '106', 0, 18490.00, ''),
(107, 108, '107', 0, 18490.00, ''),
(108, 109, '108', 0, 15490.00, ''),
(109, 110, '109', 0, 15490.00, ''),
(110, 111, '110', 0, 15490.00, ''),
(111, 112, '111', 0, 16990.00, ''),
(112, 113, '112', 0, 11990.00, ''),
(113, 114, '113', 0, 10990.00, ''),
(114, 115, '114', 0, 9990.00, ''),
(115, 116, '115', 0, 51.00, ''),
(116, 117, '116', 0, 51.00, ''),
(117, 118, '117', 0, 51.00, ''),
(118, 119, '118', 1, 51.00, '14-08-2024'),
(119, 120, '119', 0, 360990.00, ''),
(120, 121, '119', 0, 248490.00, ''),
(121, 122, '120', 0, 190990.00, ''),
(122, 123, '121', 0, 100990.00, ''),
(123, 124, '121', 0, 85990.00, ''),
(124, 125, '', 0, 11990.00, ''),
(125, 126, '', 0, 11990.00, ''),
(126, 127, '', 0, 11990.00, ''),
(127, 128, '', 0, 11990.00, ''),
(128, 129, '', 0, 7990.00, ''),
(129, 130, '', 0, 5990.00, ''),
(130, 131, '', 0, 11990.00, ''),
(131, 132, '', 0, 11990.00, ''),
(132, 133, '', 0, 11990.00, ''),
(133, 134, '', 0, 11990.00, ''),
(134, 135, '', 0, 9990.00, ''),
(135, 136, '', 0, 5990.00, ''),
(136, 140, 'DDT4248', 0, 35990.00, ''),
(137, 141, 'LTN22SC4W006313K', 0, 10000.00, ''),
(138, 142, 'DEMO', 0, 1000.00, ''),
(139, 143, 'DEMO', 0, 1000.00, ''),
(140, 144, '238205105', 0, 8000.00, ''),
(141, 145, '204304172', 0, 8000.00, ''),
(256, 147, '(21)FDT5072', 1, 0.00, '25-04-2024'),
(257, 148, 'JDS1726', 1, 99990.00, '25-04-2024'),
(258, 149, 'JDS1726', 4, 99990.00, '03-05-2024'),
(259, 6, 'JDS1726 ', 0, 99990.00, '03-05-2024'),
(260, 150, 'WEM9582', 1, 319990.00, '13-05-2024'),
(261, 151, 'WEM9573', 1, 319990.00, '13-05-2024'),
(262, 152, 'WEM9582', 1, 319990.00, '13-05-2024'),
(263, 153, '1', 2, 1000.00, '13-05-2024'),
(264, 154, '1', 2, 1800.00, '13-05-2024'),
(265, 155, '1', 2, 1200.00, '13-05-2024'),
(266, 156, '1', 2, 2000.00, '13-05-2024'),
(267, 157, '1', 2, 1200.00, '13-05-2024'),
(268, 158, '1', 2, 2000.00, '13-05-2024'),
(269, 159, '1', 2, 1200.00, '13-05-2024'),
(270, 160, '1', 2, 2000.00, '13-05-2024'),
(271, 161, '1', 2, 2000.00, '13-05-2024'),
(272, 162, 'JCQ7480', 1, 28990.00, '14-06-2024'),
(273, 163, 'JCQ7496', 1, 28990.00, '14-06-2024'),
(274, 164, '(21)CGA3045', 0, 299990.00, '26-06-2024'),
(275, 165, '(21)MCQ2636', 1, 24990.00, '16-07-2024'),
(276, 119, '119', 1, 60.00, '14-08-2024'),
(277, 6, 'GFS0286,GFS0281', 1, 93000.00, '29-08-2024'),
(279, 46, 'JGJ2190,JGJ2181', 1, 70000.00, '29-08-2024'),
(280, 166, 'DEQ5410', 0, 15000.00, '03-10-2024'),
(281, 166, 'G3B9316', 0, 15000.00, '03-10-2024');

-- --------------------------------------------------------

--
-- Table structure for table `item_stock`
--

CREATE TABLE `item_stock` (
  `id` int(11) NOT NULL,
  `item_id` int(11) NOT NULL,
  `supplier_id` int(11) NOT NULL,
  `symbol` varchar(10) NOT NULL DEFAULT '+',
  `store_id` int(11) NOT NULL,
  `quantity` int(11) NOT NULL,
  `purchase_price` decimal(15,2) NOT NULL,
  `rate` decimal(15,2) NOT NULL,
  `date` date NOT NULL,
  `attachment` varchar(250) DEFAULT NULL,
  `file_name` varchar(255) DEFAULT NULL,
  `upload_name` varchar(100) DEFAULT NULL,
  `description` text DEFAULT NULL,
  `is_active` enum('Y','N') NOT NULL DEFAULT 'Y',
  `created_at` timestamp NOT NULL DEFAULT current_timestamp()
) ENGINE=InnoDB DEFAULT CHARSET=utf8mb3 COLLATE=utf8mb3_general_ci;

-- --------------------------------------------------------

--
-- Table structure for table `item_store`
--

CREATE TABLE `item_store` (
  `id` int(255) NOT NULL,
  `item_store` varchar(155) NOT NULL,
  `store_code` varchar(50) DEFAULT NULL,
  `is_active` enum('Y','N') NOT NULL DEFAULT 'Y',
  `description` text DEFAULT NULL,
  `created_at` timestamp NOT NULL DEFAULT current_timestamp() ON UPDATE current_timestamp()
) ENGINE=InnoDB DEFAULT CHARSET=utf8mb3 COLLATE=utf8mb3_general_ci;

-- --------------------------------------------------------

--
-- Table structure for table `item_subcategory`
--

CREATE TABLE `item_subcategory` (
  `item_id` int(11) NOT NULL,
  `item_category` int(11) DEFAULT NULL,
  `item_subcategory` varchar(255) DEFAULT NULL
) ENGINE=InnoDB DEFAULT CHARSET=utf8mb4 COLLATE=utf8mb4_general_ci;

--
-- Dumping data for table `item_subcategory`
--

INSERT INTO `item_subcategory` (`item_id`, `item_category`, `item_subcategory`) VALUES
(1, 1, 'KIT STYLETTO AX'),
(2, 1, 'KIT PURE C&G AX/KIT PURE C&G T AX'),
(3, 1, 'PURE C&G AX/PURE C&G T AX'),
(4, 1, 'PURE 312 AX'),
(5, 1, 'KIT INSIO C&G AX'),
(6, 1, 'INSIO C&G AX'),
(7, 1, 'INTUIS 4'),
(8, 1, 'CROS/BiCROS'),
(9, 2, 'KIT PURE C&G X'),
(10, 2, 'PURE C&G X'),
(11, 2, 'PURE 312 X'),
(12, 2, 'SILK X'),
(13, 2, 'CROS/BiCROS'),
(14, 3, 'INSIO Nx'),
(15, 3, 'CROS/BiCROS'),
(16, 4, 'MOTION P/SP px'),
(17, 4, 'PURE px'),
(18, 4, 'SILK px'),
(19, 4, 'INSIO px'),
(20, 4, 'CROS/BiCROS'),
(21, 4, 'ESSENTIAL'),
(22, 4, 'BASIC'),
(23, 5, 'Hearing Aid Zinc Air Batteries'),
(24, 2, 'KIT ACTIVE'),
(25, 2, 'KIT STYLETTO X'),
(26, 2, 'KIT MOTION C&G X/KIT MOTION C&G P X/KIT MOTION C&G SP X'),
(27, 2, 'MOTION C&G X/MOTION C&G P X/MOTION C&G SP X'),
(28, 5, 'MOULD');

-- --------------------------------------------------------

--
-- Table structure for table `item_supplier`
--

CREATE TABLE `item_supplier` (
  `id` int(11) NOT NULL,
  `item_supplier` varchar(255) NOT NULL,
  `supplier_code` varchar(50) DEFAULT NULL,
  `phone` varchar(50) NOT NULL,
  `email` varchar(100) DEFAULT NULL,
  `gst_no` varchar(255) NOT NULL,
  `dl_no` varchar(255) NOT NULL,
  `address` varchar(255) DEFAULT NULL,
  `contact_person_name` varchar(255) DEFAULT NULL,
  `contact_person_phone` varchar(50) DEFAULT NULL,
  `contact_person_email` varchar(100) DEFAULT NULL,
  `description` text DEFAULT NULL,
  `is_active` enum('Y','N') NOT NULL DEFAULT 'Y'
) ENGINE=InnoDB DEFAULT CHARSET=utf8mb3 COLLATE=utf8mb3_general_ci;

--
-- Dumping data for table `item_supplier`
--

INSERT INTO `item_supplier` (`id`, `item_supplier`, `supplier_code`, `phone`, `email`, `gst_no`, `dl_no`, `address`, `contact_person_name`, `contact_person_phone`, `contact_person_email`, `description`, `is_active`) VALUES
(1, 'saumya rout', 'sp1001', '9776236509', 'saumyarout229@gmail.com', 'gst123', 'dl1234', 'sangrampur', 'srr', '7381899624', 'saumyajiku229@gmail.com', 'ok', 'N'),
(2, 'ORANGE WHEELS INDIA PVT LTD', 'OWIPL', '9937083366', 'orangewheelsindia20@gmail.com', '21AACDO1260E1Z5', '', 'Archid Central, District Center, 3rd Floor, \r\nPlot No-315, Flat No-302, Chandrasekharpur, \r\nBhubaneswar - 751016', 'Sidhant Acharya', '9338499007', NULL, NULL, 'Y');

-- --------------------------------------------------------

--
-- Table structure for table `laboratorist`
--

CREATE TABLE `laboratorist` (
  `laboratorist_id` int(11) NOT NULL,
  `staff_id` varchar(100) NOT NULL,
  `name` longtext DEFAULT NULL,
  `email` longtext DEFAULT NULL,
  `password` longtext DEFAULT NULL,
  `phone` longtext DEFAULT NULL,
  `gender` varchar(100) NOT NULL,
  `blood_group` int(100) NOT NULL,
  `current_address` longtext NOT NULL,
  `permanent_address` longtext NOT NULL,
  `dob` varchar(100) NOT NULL,
  `doj` varchar(100) NOT NULL,
  `basic_salary` varchar(255) NOT NULL,
  `aadhar_card` varchar(255) DEFAULT NULL,
  `pan_card` varchar(255) DEFAULT NULL,
  `existing_pfno` varchar(255) DEFAULT NULL,
  `father_name` varchar(255) DEFAULT NULL,
  `mother_name` varchar(255) DEFAULT NULL,
  `date_time` varchar(255) NOT NULL DEFAULT current_timestamp()
) ENGINE=MyISAM DEFAULT CHARSET=latin1 COLLATE=latin1_swedish_ci;

--
-- Dumping data for table `laboratorist`
--

INSERT INTO `laboratorist` (`laboratorist_id`, `staff_id`, `name`, `email`, `password`, `phone`, `gender`, `blood_group`, `current_address`, `permanent_address`, `dob`, `doj`, `basic_salary`, `aadhar_card`, `pan_card`, `existing_pfno`, `father_name`, `mother_name`, `date_time`) VALUES
(1, '673', 'Laboratorist', 'laboratorist@gmail.com', '09e7ccdc42723210904b1d1d1834ada570ab859f', '7008696554', '', 0, '', '', '', '', '', NULL, NULL, NULL, NULL, NULL, '2023-06-05 06:04:13');

-- --------------------------------------------------------

--
-- Table structure for table `language`
--

CREATE TABLE `language` (
  `phrase_id` int(11) NOT NULL,
  `phrase` longtext DEFAULT NULL,
  `english` longtext DEFAULT NULL,
  `bengali` longtext DEFAULT NULL,
  `spanish` longtext DEFAULT NULL,
  `arabic` longtext DEFAULT NULL,
  `dutch` longtext DEFAULT NULL,
  `polish` longtext DEFAULT NULL,
  `german` longtext DEFAULT NULL,
  `french` longtext DEFAULT NULL,
  `italian` longtext DEFAULT NULL,
  `russian` longtext DEFAULT NULL,
  `portugese` longtext DEFAULT NULL
) ENGINE=MyISAM DEFAULT CHARSET=utf8mb3 COLLATE=utf8mb3_unicode_ci;

--
-- Dumping data for table `language`
--

INSERT INTO `language` (`phrase_id`, `phrase`, `english`, `bengali`, `spanish`, `arabic`, `dutch`, `polish`, `german`, `french`, `italian`, `russian`, `portugese`) VALUES
(1, 'login', 'Login', '', 'Iniciar Sesin', ' ', 'Login', 'Login', 'Einloggen', 'S\'identifier', 'Login', '', 'Conecte-Se'),
(2, 'forgot_password', 'Forgot Password', '  ', 'Has Olvidado Tu Contrasea', '   ', 'Wachtwoord vergeten', 'Nie pamitam hasa', 'Passwort Vergessen', 'Mot De Passe Oubli', 'Ha Dimenticato La Password', ' ', 'Esqueceu Sua Senha'),
(3, 'reset_password', 'Reset Password', ' ', 'Restablecer contrasea', '   ', 'Reset Password', 'Resetowanie hasa', 'Kennwort zurcksetzen', 'Rinitialiser mot de passe', 'Ripristino password', ' ', 'Reset Password'),
(4, 'return_to_login_page', 'Return To Login Page', '  ', 'Volver a inicio pgina', '    ', 'Keer terug naar Inlogpagina', 'Powrt do logowania Page', 'Zurck zur Anmeldeseite Seite', 'Return to Login page', 'Torna a Login Pagina', '   ', 'Retornar  pgina de login'),
(5, 'admin_dashboard', 'Admin Dashboard', ' ', 'Dashboard de administracin', ' ', 'Admin Dashboard', 'Panel administratora', 'Admin-Dashboard', 'Admin Dashboard', 'Admin Dashboard', ' ', 'Admin Dashboard'),
(6, 'welcome', 'Welcome', '', 'Bienvenida', '', 'Welkom', 'Powitanie', 'Willkommen', 'Bienvenue', 'Benvenuto', ' ', 'Bem-vindo'),
(7, 'edit_profile', 'Edit Profile', '  ', 'Editar Perfil', '  ', 'Profiel Bewerken', 'Edytuj Profil', 'Profil bearbeiten', 'Modifier le profil', 'Modifica profilo', ' ', 'Editar Perfil'),
(8, 'change_password', 'Change Password', '  ', 'Cambiar la contrasea', '  ', 'Wachtwoord wijzigen', 'Zmie haso', 'Kennwort ndern', 'Changer le mot de passe', 'Cambiare la password', ' ', 'Alterar a senha'),
(9, 'dashboard', 'Dashboard', '', 'Salpicadero', ' ', 'Dashboard', 'Tablica rozdzielcza', 'Armaturenbrett', 'Tableau de bord', 'Cruscotto', ' ', 'Painel de instrumentos'),
(10, 'department', 'Department', '', 'Departamento', '', 'Afdeling', 'Dzia', 'Abteilung', 'Dpartement', 'Reparto', '', 'Departamento'),
(11, 'doctor', 'Doctor', '', 'Mdico', '', 'Dokter', 'Lekarz', 'Arzt', 'Mdecin', 'Medico', '', 'Mdico'),
(12, 'patient', 'Patient', '', 'Paciente', '', 'Patint', 'Pacjent', 'Patient', 'Patient', 'Paziente', '', 'Paciente'),
(13, 'nurse', 'Nurse', '', 'Enfermera', '', 'Verpleegster', 'Pielgniarka', 'Krankenschwester', 'Infirmire', 'Infermiera', '', 'Enfermeira'),
(14, 'pharmacist', 'Pharmacist', '', 'Farmacutico', '', 'Apotheker', 'Farmaceuta', 'Apotheker', 'Pharmacien', 'Farmacista', '', 'Farmacutico'),
(15, 'laboratorist', 'Laboratorist', 'Laboratorist', 'Laboratorio Unidad', 'Laboratorist', 'Laboratorist', 'Laboratorist', 'Laboratorist', 'Laboratorist', 'Laboratorist', 'Laboratorist', 'Laboratorista'),
(16, 'accountant', 'Accountant', '', 'Contador', '', 'Accountant', 'Ksigowy', 'Buchhalter', 'Comptable', 'Ragioniere', '', 'Contador'),
(17, 'monitor_hospital', 'Monitor Hospital', ' ', 'Hospital de monitor', ' ', 'Monitor Ziekenhuis', 'Szpital monitora', 'Monitor-Krankenhaus', 'Hpital Moniteur', 'Monitor Ospedale', ' Monitor', 'Hospital do Monitor'),
(18, 'payment_history', 'Payment History', '  ', 'Historial de pagos', ' ', 'Betaalgeschiedenis', 'Historia patnoci', 'Zahlungsverlauf', 'Historique des paiements', 'Cronologia pagamenti', ' ', 'Histrico de pagamentos'),
(19, 'bed_allotment', 'Bed Allotment', '  ', 'Asignacin de cama', ' ', 'Bed Toewijzing', 'ko Przydziau', 'Bed Zuteilung', 'Chambres surallocation', 'Bed Allotment', ' ', 'Bed Loteamento'),
(20, 'blood_bank', 'Blood Bank', '', 'Banco de sangre', ' ', 'Bloedbank', 'Bank Krwi', 'Blutbank', 'Banque de sang', 'Banca del Sangue', ' ', 'Banco de sangue'),
(21, 'blood_donor', 'Blood Donor', ' ', 'Donante de sangre', ' ', 'Blood Donor', 'Dawcw Krwi', 'Blutspender', 'don de sang', 'Donatori di sangue', ' ', 'Doador de sangue'),
(22, 'medicine', 'Medicine', '', 'Medicina', '', 'Geneeskunde', 'Medycyna', 'Medizin', 'Mdecine', 'Medicina', '', 'Medicina'),
(23, 'operation_report', 'Operation Report', ' ', 'Operacin Reportar', ' ', 'Operatie Report', 'Operacja Zgo', 'Betriebsbericht', 'Rapport d\'opration', 'Rapporto Operazione', ' ', 'Relatrio de Operao'),
(24, 'birth_report', 'Birth Report', ' ', 'Informe Nacimiento', ' ', 'Geboorte Report', 'Zgo urodzenia', 'Geburt Bericht', 'Naissance Rapport', 'Nascita Rapporto', '  ', 'Relatrio Nascimento'),
(25, 'death_report', 'Death Report', ' ', 'Informe de la Muerte', ' ', 'Dood Report', 'mier Zgo', 'Tod Bericht', 'Rapport mort', 'Morte Relazione', ' ', 'Relatrio Morte'),
(26, 'settings', 'Settings', '', 'Ajustes', '', 'Instellingen', 'Ustawienia', 'Einstellungen', 'Paramtres', 'Impostazioni', '', 'Definies'),
(27, 'system_settings', 'System Settings', ' ', 'Configuracin del sistema', ' ', 'Systeeminstellingen', 'Ustawienia systemowe', 'Systemeinstellungen', 'Paramtres systme', 'Impostazioni di sistema', ' ', 'Configuraes do sistema'),
(28, 'language_settings', 'Language Settings', ' ', 'Configuracin de idioma', ' ', 'Taalinstellingen', 'Ustawienia jzyka', 'Spracheinstellungen', 'Paramtres de langue', 'Impostazioni lingua', ' ', 'Definies de idioma'),
(29, 'account', 'Account', '', 'Cuenta', '', 'Rekening', 'Konto', 'Konto', 'Compte', 'Conto', '', 'Conta'),
(30, 'payment', 'Payment', '', 'Pago', '', 'Betaling', 'Patno', 'Bezahlung', 'Paiement', 'Pagamento', '', 'Pagamento'),
(31, 'delete', 'Delete', ' ', 'Borrar', '', 'Verwijderen', 'Usun', 'Lschen', 'Effacer', 'Cancellare', '', 'Excluir'),
(32, 'cancel', 'Cancel', '', 'Cancelar', '', 'Annuleren', 'Anulowa', 'Stornieren', 'Annuler', 'Cancellare', '', 'Cancelar'),
(33, 'add_department', 'Add Department', '  ', 'Aadir Departamento', ' ', 'Toevoegen afdeling', 'Dodaj Dziaem', 'In Abteilung', 'Ajouter Dpartement', 'Aggiungere Dipartimento', '  ', 'Adicionar Departamento'),
(34, 'name', 'Name', '', 'Nombre', '', 'Naam', 'Nazwa', 'Name', 'Nom', 'Nome', '', 'Nome'),
(35, 'description', 'Description', '', 'Descripcin', '', 'Beschrijving', 'Opis', 'Beschreibung', 'Description', 'Descrizione', '', 'Descrio'),
(36, 'options', 'Options', '', 'Opciones', '', 'Opties', 'Opcje', 'Optionen', 'Options', 'Opzioni', '', 'Opes'),
(37, 'add_doctor', 'Add Doctor', '  ', 'Aadir Mdico', ' ', 'Voeg Doctor', 'Dodaj Doctor', 'Fgen Doktor', 'Ajouter Docteur', 'Aggiungi Dottore', ' ', 'Adicionar Doctor'),
(38, 'image', 'Image', '', 'Imagen', '', 'Afbeelding', 'Obraz', 'Bild', 'Image', 'Immagine', '', 'Imagem'),
(39, 'email', 'Email', '', 'Correo electrnico', ' ', 'E-mail', 'E-mail', 'E-Mail', 'Email', 'Email', 'Email', 'Email'),
(40, 'address', 'Address', '', 'Direccin', '', 'Adres', 'Adres', 'Anschrift', 'Adresse', 'Indirizzo', '', 'Endereo'),
(41, 'phone', 'Phone', '', 'Telfono', '', 'Telefoon', 'Telefon', 'Telefon', 'Tlphone', 'Telefono', '', 'Telefone'),
(42, 'profile', 'Profile', '', 'Perfil', ' ', 'Profiel', 'Profil', 'Profil', 'Profil', 'Profilo', '', 'Perfil'),
(43, 'edit_department', 'Edit Department', '  ', 'Editar Departamento', ' ', 'Afdeling bewerken', 'Edycja Wydzia', 'Abteilung bearbeiten', 'Modifier Dpartement', 'Modifica Dipartimento', ' ', 'Editar Departamento'),
(44, 'password', 'Password', '', 'Contrasea', ' ', 'Wachtwoord', 'Haso', 'Passwort', 'Mot de passe', 'Password', '', 'Senha'),
(45, 'select_department', 'Select Department', ' ', 'Seleccione Departamento', ' ', 'Afdeling Select', 'Wybierz Wydzia', 'Whlen Sie die Abteilung', 'Slectionnez Dpartement', 'Selezionare Dipartimento', ' ', 'Selecionar Departamento'),
(46, 'edit_doctor', 'Edit Doctor', '  ', 'Editar Mdico', ' ', 'Bewerk Doctor', 'Edycja Doktor', 'Bearbeiten Doktor', 'Modifier Docteur', 'Modifica Dottore', ' ', 'Editar Doctor'),
(47, 'add_patient', 'Add Patient', '  ', 'Aadir Paciente', ' ', 'Patient toevoegen', 'Dodaj pacjenta', 'Patient hinzufgen', 'Ajouter des patients', 'Aggiungi Paziente', ' ', 'Adicionar Patient'),
(48, 'sex', 'Sex', '', 'Sexo', '', 'Geslacht', 'Seks', 'Sex', 'Sexe', 'Sesso', '', 'Sexo'),
(49, 'birth_date', 'Birth Date', ' ', 'Fecha de nacimiento', ' ', 'Geboortedatum', 'Data urodzenia', 'Geburtsdatum', 'Date de naissance', 'Data di nascita', ' ', 'Data de nascimento'),
(50, 'age', 'Age', '', 'Edad', '', 'Leeftijd', 'Wiek', 'Alter', 'ge', 'Et', '', 'Idade'),
(51, 'blood_group', 'Blood Group', ' ', 'Grupo sanguneo', ' ', 'Bloedgroep', 'Grupa krwi', 'Blutgruppe', 'Groupe sanguin', 'Gruppo sanguigno', ' ', 'Grupo sanguneo'),
(52, 'select_sex', 'Select Sex', ' ', 'Seleccionar sexo', ' ', 'Selecteer Sex', 'Wybierz Seks', 'Whlen Sex', 'Choisir le sexe', 'Seleziona Sex', ' ', 'Select Sex'),
(53, 'male', 'Male', '', 'Masculino', '', 'Mannelijk', 'Mczyzna', 'Mnnlich', 'Mle', 'Maschio', '', 'Masculino'),
(54, 'female', 'Female', '', 'Femenino', '', 'Vrouwelijk', 'eski', 'Weiblich', 'Femelle', 'Femminile', '', 'Feminino'),
(55, 'select_blood_group', 'Select Blood Group', '   ', 'Seleccionar grupo sanguneo', '  ', 'Selecteer Blood Group', 'Wybierz grup krwi', 'Whlen Sie Blutgruppe', 'Slectionnez Groupe sanguin', 'Selezionare gruppo sanguigno', '  ', 'Selecione Grupo Sanguneo'),
(56, 'edit_patient', 'Edit Patient', '  ', 'Editar paciente', ' ', 'Patint bewerken', 'Edycja pacjenta', 'Patient bearbeiten', 'Modifier des patients', 'Modifica paziente', ' ', 'Editar Patient'),
(57, 'add_nurse', 'Add Nurse', '  ', 'Aadir Enfermera', ' ', 'Nurse Toevoegen', 'Dodaj Pielgniarka', 'Nurse hinzufgen', 'Ajouter infirmire', 'Aggiungi Nurse', ' ', 'Adicionar Nurse'),
(58, 'edit_nurse', 'Edit Nurse', '  ', 'Editar Enfermera', ' ', 'Verpleegster bewerken', 'Edycja Pielgniarka', 'Nurse bearbeiten', 'Modifier infirmire', 'Modifica Nurse', ' ', 'Editar Nurse'),
(59, 'add_pharmacist', 'Add Pharmacist', '  ', 'Aadir Farmacutico', ' ', 'Voeg Apotheker', 'Dodaj Farmaceuty', 'Fgen Apotheker', 'Ajouter Pharmacien', 'Aggiungi Farmacista', ' ', 'Adicionar Farmacutico'),
(60, 'edit_pharmacist', 'Edit Pharmacist', '  ', 'Editar Farmacutico', ' ', 'Bewerk Apotheker', 'Edycja Farmaceuta', 'Bearbeiten Apotheker', 'Modifier Pharmacien', 'Modifica Farmacista', ' ', 'Editar Farmacutico'),
(61, 'add_laboratorist', 'Add Laboratorist', 'Laboratorist  ', 'Aadir Laboratorio Unidad', ' Laboratorist', 'Voeg Laboratorist', 'Dodaj Laboratorist', 'Fgen Laboratorist', 'Ajouter Laboratorist', 'Aggiungi Laboratorist', ' Laboratorist', 'Adicionar laboratorista'),
(62, 'edit_laboratorist', 'Edit Laboratorist', '  Laboratorist', 'Edicin de Laboratorio', ' Laboratorist', 'Bewerk Laboratorist', 'Edycja Laboratorist', 'Bearbeiten Laboratorist', 'Modifier Laboratorist', 'Modifica Laboratorist', ' Laboratorist', 'Editar laboratorista'),
(63, 'add_accountant', 'Add Accountant', '  ', 'Aadir Contador', ' ', 'Voeg Accountant', 'Dodaj Accountant', 'Fgen Accountant', 'Ajouter comptable', 'Aggiungi Accountant', ' ', 'Adicionar Contador'),
(64, 'edit_accountant', 'Edit Accountant', '  ', 'Editar Contador', ' ', 'Bewerk Accountant', 'Edycja Ksigowy', 'Bearbeiten Accountant', 'Modifier comptable', 'Modifica Accountant', ' ', 'Editar Contador'),
(65, 'invoice_number', 'Invoice Number', ' ', 'Nmero de factura', ' ', 'Factuurnummer', 'Numer faktury', 'Rechnungsnummer', 'Numro de facture', 'Numero fattura', ' ', 'Nmero da Fatura'),
(66, 'title', 'Title', '', 'Ttulo', '', 'Titel', 'Tytu', 'Titel', 'Titre', 'Titolo', '', 'Ttulo'),
(67, 'creation_date', 'Creation Date', ' ', 'Fecha de creacin', ' ', 'Creation Date', 'Data utworzenia', 'Erstellungsdatum', 'Date de cration', 'Data di creazione', ' ', 'Data de Criao'),
(68, 'due_date', 'Due Date', ' ', 'Fecha de vencimiento', ' ', 'Vervaldag', 'Due Date', 'Flligkeitsdatum', 'Date d\'chance', 'Scadenza', ' ', 'Data de vencimento'),
(69, 'vat_percentage', 'Vat Percentage', ' ', 'Vat Porcentaje', '    ', 'Vat Percentage', 'Procentowy vat', 'Mehrwertsteuersatz', 'Vat Pourcentage', 'Iva Percentuale', '  ', 'Vat Percentual'),
(70, 'discount_amount', 'Discount Amount', ' ', 'Cantidad de Descuento', ' ', 'Korting Bedrag', 'Kwota z rabatem', 'Rabatt Menge', 'Montant de la remise', 'Importo Sconto', ' ', 'Quantidade de desconto'),
(71, 'status', 'Status', '', 'Estado', '', 'Toestand', 'Status', 'Status', 'Statut', 'Stato', '', 'Estado'),
(72, 'bed_number', 'Bed Number', '  ', 'Nmero de cama', ' ', 'Bed Aantal', 'Ilo ko', 'Bed Anzahl', 'Nombre de lit', 'Number Bed', ' ', 'Nmero Bed'),
(73, 'bed_type', 'Bed Type', '  ', 'Tipo Bed', ' ', 'Bed Type', 'Rodzaj ka', 'Bettentyp', 'Type de lit', 'Tipo di letto', ' ', 'Tipo de cama'),
(74, 'allotment_time', 'Allotment Time', ' ', 'Asignacin Tiempo', ' ', 'Toewijzing Tijd', 'Przydzia czasu', 'Zuteilungszeit', 'Lotissement Temps', 'Allotment Tempo', ' ', 'Loteamento Tempo'),
(75, 'discharge_time', 'Discharge Time', '  ', 'Tiempo de descarga', ' ', 'Kwijting Tijd', 'Czas rozadowania', 'Entladezeit', 'Temps de dcharge', 'Scarico Tempo', ' ', 'Quitao Tempo'),
(76, 'issue_date', 'Issue Date', ' ', 'Fecha de asunto', ' ', 'Uitgiftedatum', 'Data wydania', 'Ausgabetag', 'Date d\'mission', 'Data di emissione', ' ', 'Data de emisso'),
(77, 'payment_to', 'Payment To', '', 'Pago Para', ' ', 'Betaling aan', 'Patno Do', 'Zahlung Um', 'Pour le paiement', 'Pagamento A', ' ', 'Pagamento Para'),
(78, 'bill_to', 'Bill To', '', 'Cobrar a', '  ', 'Bill Om', 'Bill', 'Gesetzesentwurf fr', 'Facturer', 'Disegno di legge per', '', 'Projeto de lei para'),
(79, 'invoice_entries', 'Invoice Entries', ' ', 'Entradas Factura', ' ', 'Factuur Entries', 'Faktura Wpisy', 'Rechnungs Eintrge', 'Entres facture', 'Voci della fattura', '- ', 'Fatura Entries'),
(80, 'entry', 'Entry', '', 'Entrada', '', 'Binnenkomst', 'Wejcie', 'Eintrag', 'Entre', 'Ingresso', '', 'Entrada'),
(81, 'price', 'Price', '', 'Precio', '', 'Prijs', 'Cena', 'Preis', 'Prix', 'Prezzo', '', 'Preo'),
(82, 'sub_total', 'Sub Total', ' ', 'Sub Total', ' ', 'Subtotaal', 'Sub Razem', 'Zwischensumme', 'Sous-total', 'Sub Total', ' ', 'Subtotal'),
(83, 'discount', 'Discount', '', 'Descuento', '', 'Korting', 'Znika', 'Rabatt', 'Rabais', 'Sconto', '', 'Desconto'),
(84, 'grand_total', 'Grand Total', '', 'Gran Total', ' ', 'Algemeen totaal', 'Suma cakowita', 'Gesamtsumme', 'Total', 'Somma totale', ' ', 'Total Geral'),
(85, 'date', 'Date', '', 'Fecha', '', 'Datum', 'Data', 'Datum', 'Date', 'Data', '', 'Data'),
(86, 'amount', 'Amount', '', 'Cantidad', '', 'Bedrag', 'Ilo', 'Hhe', 'Montant', 'Importo', '', 'Quantidade'),
(87, 'method', 'Method', '', 'Mtodo', '', 'Methode', 'Metoda', 'Verfahren', 'Mthode', 'Metodo', '', 'Mtodo'),
(88, 'last_donation_date', 'Last Donation Date', '  ', 'ltima Donacin Fecha', '   ', 'Laatste Donatie Date', 'Ostatni Darowizna Data', 'Letzte Donation Datum', 'Dernire date don', 'Ultimo Donazione Data', '  ', 'ltima Doao Data'),
(89, 'medicine_category', 'Medicine Category', ' ', 'Medicina Categora', ' ', 'Geneeskunde Categorie', 'Medycyna Kategoria', 'Medizin Kategorie', 'Mdecine Catgorie', 'Medicina Categoria', ' ', 'Medicina Categoria'),
(90, 'manufacturing_company', 'Manufacturing Company', ' ', 'Empresa de Produccion', ' ', 'Manufacturing Company', 'Firma Produkcyjna', 'Manufacturing Company', 'Socit de fabrication', 'Azienda manifatturiera', ' ', 'Manufacturing Company'),
(91, 'system_name', 'System Name', ' ', 'Nombre del sistema', ' ', 'System Name', 'Name System', 'System Name', 'Name System', 'Nome Sistema', 'Name System', 'Name System'),
(92, 'system_title', 'System Title', ' ', 'Sistema Ttulo', ' ', 'Systeem Titel', 'Tytu systemu', 'System-Titel', 'Systme Titre', 'Sistema Titolo', ' ', 'Sistema de Ttulo'),
(93, 'paypal_email', 'Paypal Email', 'PayPal  ', 'PayPal Correo electrnico', '   ', 'Paypal E-mail', 'Paypal email', 'Paypal E-Mail', 'Paypal Email', 'Paypal Email', 'Paypal Email', 'Paypal Email'),
(94, 'currency', 'Currency', '', 'Moneda', '', 'Valuta', 'Waluta', 'Whrung', 'Monnaie', 'Valuta', '', 'Moeda'),
(95, 'system_email', 'System Email', ' ', 'Sistema electrnico', '  ', 'Systeem E-mail', 'System E-mail', 'System-E-Mail', 'Systme Email', 'Sistema Email', ' E-mail', 'Sistema de E-mail'),
(96, 'buyer', 'Buyer', '', 'Comprador', '', 'Koper', 'Kupujcy', 'Kufer', 'Acheteur', 'Compratore', '', 'Comprador'),
(97, 'value_required', 'Value Required', ' ', 'Valor Obligatorio', ' ', 'Value Required', 'Warto Wymagany', 'Wert Erforderlich', 'Valeur Obligatoire', 'Valore Obbligatorio', ' ', 'Valor Obrigatrio'),
(98, 'purchase_code', 'Purchase Code', ' ', 'Cdigo de Compra', ' ', 'Aankoop Code', 'Zakup Code', 'Kauf-Code', 'Code d\'Achat', 'Codice di acquisto', ' ', 'Cdigo de Compra'),
(99, 'language', 'Language', '', 'Idioma', '', 'Taal', 'Jzyk', 'Sprache', 'Langue', 'Lingua', '', 'Lngua'),
(100, 'text_align', 'Text Align', ' ', 'Texto Alinear', ' ', 'Tekst uitlijnen', 'Tekst Wyrwnaj', 'Text Align', 'Text Align', 'Testo Allinea', 'Text Align', 'Texto Align'),
(101, 'save', 'Save', ' ', 'Guardar', '', 'Opslaan', 'Zapisz', 'Speichern', 'Enregistrer', 'Salva', '', 'Salvar'),
(102, 'manage_language', 'Manage Language', ' ', 'Administrar Idioma', ' ', 'Beheer Taal', 'Zarzdzaj jzyk', 'Sprache verwalten', 'Grer Langue', 'Gestisci Lingua', ' ', 'Gerenciar Idioma'),
(103, 'phrase_list', 'Phrase List', ' ', 'Lista Frase', ' ', 'Uitdrukking Lijst', 'Lista zdanie', 'Phrasenliste', 'Liste phrase', 'Lista Frase', ' ', 'Lista Frase'),
(104, 'add_phrase', 'Add Phrase', '  ', 'Aadir Frase', ' ', 'Uitdrukking toe te voegen', 'Dodaj wyraenie', 'Ausdruck hinzufgen', 'Ajouter Phrase', 'Aggiungi Frase', ' ', 'Adicionar Frase'),
(105, 'add_language', 'Add Language', '  ', 'Agregar idioma', ' ', 'Voeg Taal', 'Dodaj jzyk', 'Sprache hinzufgen', 'Ajouter une langue', 'Aggiungi lingua', ' ', 'Adicionar idioma'),
(106, 'option', 'Option', '', 'Opcin', '', 'Optie', 'Opcja', 'Option', 'Option', 'Opzione', '', 'Opo'),
(107, 'edit_phrase', 'Edit Phrase', '  ', 'Editar Frase', ' ', 'Phrase bewerken', 'Edycja wyraenie', 'Phrase bearbeiten', 'Modifier Phrase', 'Modifica Frase', ' ', 'Editar Frase'),
(108, 'delete_language', 'Delete Language', '  ', 'Eliminar Idioma', ' ', 'Verwijderen Taal', 'Usu jzyk', 'Sprache lschen', 'Supprimer Langue', 'Elimina Lingua', ' ', 'Excluir Idioma'),
(109, 'phrase', 'Phrase', '', 'Frase', '', 'Uitdrukking', 'Zwrot', 'Ausdruck', 'Phrase', 'Frase', '', 'Frase'),
(110, 'update_phrase', 'Update Phrase', ' ', 'Actualizacin Frase', ' ', 'Phrase-update', 'Aktualizacja wyraenie', 'Update-Satz', 'Mise  jour Phrase', 'Aggiornamento Frase', ' ', 'Atualizao Frase'),
(111, 'manage_profile', 'Manage Profile', '', 'Administrar perfil', ' ', 'Profiel beheren', 'Zarzdzaj profilu', 'Profil verwalten', 'Grer le profil', 'Gestisci profilo', ' ', 'Gerenciar perfil'),
(112, 'update_profile', 'Update Profile', '  ', 'Perfil de actualizacin', '  ', 'Profiel bijwerken', 'Aktualizacja profilu', 'Profil aktualisieren', 'Mise  jour le profil', 'Aggiorna profilo', ' ', 'Atualizar Perfil'),
(113, 'current_password', 'Current Password', ' ', 'Contrasea Actual', '  ', 'Huidig wachtwoord', 'Aktualny Haso', 'Aktuelles Passwort', 'Mot de passe actuel', 'Password attuale', ' ', 'Senha atual'),
(114, 'new_password', 'New Password', ' ', 'Nueva contrasea', '  ', 'Nieuw wachtwoord', 'Nowe haso', 'Neues Passwort', 'Nouveau mot de passe', 'Nuova password', ' ', 'Nova Senha'),
(115, 'confirm_new_password', 'Confirm New Password', '', 'Confirmar nueva contrasea', '   ', 'Nieuw wachtwoord bevestigen', 'Potwierd nowe haso', 'Neues Passwort besttigen', 'Confirmer le nouveau mot de passe', 'Conferma nuova password', '  ', 'Confirmar nova senha'),
(116, 'update_password', 'Update Password', ' ', 'Actualizar contrasea', '  ', 'Wachtwoord bijwerken', 'Zaktualizuj haso', 'Passwort aktualisieren', 'Mise  jour le mot de passe', 'Aggiorna password', ' ', 'Atualizar Senha'),
(117, 'profile_info_updated_successfuly', 'Profile Info Updated Successfuly', '     Successfuly', 'Informacin del Perfil Actualizado exitosamente', '    ', 'Profiel Info Bijgewerkt Successfuly', 'Informacje o profilu Updated powodzeniem', 'Profil-Information aktualisiert Erfolgreicher', 'Info Profil Mise  jour avec succs', 'Profilo Info Aggiornato con successo', '   ', 'Informaes do Perfil Atualizado com sucesso'),
(118, 'doctor_dashboard', 'Doctor Dashboard', ' ', 'Mdico Dashboard', ' ', 'Arts Dashboard', 'Doktor Dashboard', 'Doktor-Dashboard', 'Docteur Dashboard', 'Dottore Dashboard', ' Dashboard', 'Doctor Painel'),
(119, 'appointment', 'Appointment', '', 'Nombramiento', '', 'Afspraak', 'Powoanie', 'Ernennung', 'Rendez-vous', 'Appuntamento', '', 'Nomeao'),
(120, 'prescription', 'Prescription', '', 'Receta', ' ', 'Recept', 'Recepta', 'Verschreibung', 'Prescription', 'Prescrizione', '', 'Prescrio'),
(121, 'report', 'Report', '', 'Informe', '', 'Rapport', 'Raport', 'Bericht', 'Rapport', 'Relazione', '', 'Relatrio'),
(122, 'appointment_schedule', 'Appointment Schedule', ' ', 'Programar una cita', ' ', 'Afspraak Schedule', 'Powoanie Harmonogram', 'Terminvereinbarung', 'Horaire de rendez-vous', 'Schedule Appuntamento', ' ', 'Marcar Nomeao'),
(123, 'add_appointment', 'Add Appointment', '  ', 'Aadir cita', ' ', 'Afspraak toevoegen', 'Dodaj Powoywanie', 'Neuer Termin', 'Ajouter Nomination', 'Aggiungi Appuntamento', ' ', 'Adicionar Nomeao'),
(124, 'event_schedule', 'Event Schedule', ' ', 'Calendario de eventos', ' ', 'Evenementenschema', 'Harmonogram zdarze', 'Veranstaltungstermine', 'Horaire de l\'vnement', 'Programma dell\'evento', ' ', 'Agenda de Eventos'),
(125, 'select_patient', 'Select Patient', ' ', 'Seleccionar paciente', ' ', 'Selecteer Patient', 'Wybierz pacjenta', 'Whlen Patient', 'Slectionner un patient', 'Selezionare Paziente', ' ', 'Select Patient'),
(126, 'edit_appointment', 'Edit Appointment', '  ', 'Modificar cita', ' ', 'Afspraak bewerken', 'Edycja Powoanie', 'Termin bearbeiten', 'Modifier Nomination', 'Modifica appuntamento', ' ', 'Editar compromisso'),
(127, 'add_prescription', 'Add Prescription', '  ', 'Agregar Receta', '  ', 'Prescription toevoegen', 'Dodaj Prescription', 'Rezept hinzufgen', 'Ajouter Prescription', 'Aggiungi Ricetta', ' ', 'Adicionar Prescription'),
(128, 'case_history', 'Case History', '  ', 'Case History', ' ', 'Case History', 'Sprawa Historia', 'Anamnese', 'Histoire Case', 'Case History', ' ', 'Case History'),
(129, 'medication', 'Medication', '', 'Medicacin', '', 'Geneesmiddel', 'Lek', 'Medikation', 'Mdicament', 'Medicazione', '', 'Medicao'),
(130, 'note', 'Note', '', 'Nota', '', 'Notitie', 'Uwaga', 'Hinweis', 'Remarque', 'Nota', '', 'Nota'),
(131, 'edit_prescription', 'Edit Prescription', '  ', 'Editar Prescription', '  ', 'Prescription bewerken', 'Edycja recept', 'Rezept bearbeiten', 'Modifier Prescription', 'Modifica prescrizione', ' ', 'Editar Prescription'),
(132, 'report_type', 'Report Type', ' ', 'Tipo de informe', ' ', 'Type rapport', 'Zgo Rodzaj', 'Berichtstyp', 'Type de rapport', 'Tipo di rapporto', ' ', 'Tipo de relatrio'),
(133, 'document_type', 'Document Type', ' ', 'Tipo de Documento', ' ', 'Soort document', 'Rodzaj dokumentu', 'Dokumenttyp', 'Type de document', 'Tipo di documento', ' ', 'Tipo de Documento'),
(134, 'download', 'Download', ' ', 'Descargar', '', 'Download', 'Pobierz', 'Herunterladen', 'Tlcharger', 'Scarica', '', 'Baixar'),
(135, 'add_diagnosis_report', 'Add Diagnosis Report', '    ', 'Aadir Informe de Diagnstico', '  ', 'Voeg Diagnose Rapport', 'Dodaj raport Diagnosis', 'Fgen Diagnose Bericht', 'Ajouter un rapport de diagnostic', 'Aggiungi Diagnosi Relazione', '  ', 'Adicionar Relatrio de Diagnstico'),
(136, 'select_report_type', 'Select Report Type', '   ', 'Seleccione el tipo de informe', '  ', 'Rapport selecteren Type', 'Wybierz Typ raportu', 'Whlen Sie die Art des Berichts', 'Slectionnez le type de rapport', 'Selezionare Tipo di rapporto', '  ', 'Escolha um tipo de relatrio'),
(137, 'xray', 'Xray', 'Xray', 'Radiografa', ' ', 'Xray', 'Xray', 'Xray', 'Xray', 'Xray', 'Xray', 'Raio X'),
(138, 'blood_test', 'Blood Test', ' ', 'Anlisis de sangre', ' ', 'Bloedonderzoek', 'Badanie krwi', 'Bluttest', 'Blood Test', 'Esame del sangue', ' ', 'Teste de sangue'),
(139, 'document', 'Document', '', 'Documento', '', 'Document', 'Dokument', 'Dokument', 'Document', 'Documento', '', 'Documento'),
(140, 'select_document_type', 'Select Document Type', '   ', 'Seleccionar tipo de documento', '  ', 'Selecteer Document Type', 'Wybierz typ dokumentu', 'Whlen Sie Dokumenttyp', 'Slectionnez le type de document', 'Seleziona tipo di documento', '  ', 'Selecione Tipo de Documento'),
(141, 'doc', 'Doc', '', 'Doctor', '', 'Dokter', 'Doc', 'Doc', 'Doc', 'Doc', '', 'Doutor'),
(142, 'pdf', 'Pdf', '', 'Pdf', '  ', 'Pdf', 'Pdf', 'Pdf', 'Pdf', 'Pdf', 'Pdf', 'Pdf'),
(143, 'excel', 'Excel', '  ', 'Sobresalir', '', 'Uitmunten', 'Przewysza', 'bertreffen', 'Exceller', 'Eccellere', '', 'Sobressair'),
(144, 'other', 'Other', '', 'Otro', '', 'Ander', 'Inny', 'Andere', 'Autre', 'Altro', '', 'Outro'),
(145, 'add_bed_allotment', 'Add Bed Allotment', '    ', 'Aadir Asignacin Cama', '  ', 'Voeg Bed Toewijzing', 'Dodaj Bed Przydziau', 'In Bed Zuteilung', 'Ajouter Bed surallocation', 'Aggiungi Bed Allotment', '  ', 'Adicionar Bed Loteamento'),
(146, 'select_bed_number', 'Select Bed Number', '   ', 'Seleccione un nmero de cama', '  ', 'Select Bed Aantal', 'Wybierz Ilo Bed', 'Whlen Bed Anzahl', 'Slectionnez Nombre de lit', 'Selezionare Numero Bed', '  ', 'Selecione Nmero Bed'),
(147, 'edit_bed_allotment', 'Edit Bed Allotment', '    ', 'Editar Bed Loteo', '  ', 'Bed bewerken Toewijzing', 'Edycja Przydzia B', 'Bearbeiten Bed Zuteilung', 'Modifier Bed surallocation', 'Modifica Bed Allotment', '  ', 'Editar Bed Loteamento'),
(148, 'blood_donor_list', 'Blood Donor List', '  ', 'Lista de Donacin de Sangre', '  ', 'Blood Donor List', 'Lista Dawcw Krwi', 'Blutspendeliste', 'Liste des donneurs de sang', 'Sangue lista dei donatori', '  ', 'Lista do Doador de Sangue'),
(149, 'blood_bank_status', 'Blood Bank Status', '  ', 'Estado del Banco de Sangre', '  ', 'Bloedbank Status', 'Stan Banku Krwi', 'Blutbank-Status', 'Statut de la Banque de Sang', 'Stato Banca del Sangue', '  ', 'Status de Banco de Sangue'),
(150, 'add_report', 'Add Report', '  ', 'Aadir Reportar', ' ', 'Rapport toevoegen', 'Dodaj raport', 'Bericht hinzufgen', 'Ajouter un rapport', 'Aggiungi relazione', ' ', 'Adicionar relatrio'),
(151, 'operation', 'Operation', '', 'Operacin', '', 'Operatie', 'Operacja', 'Betrieb', 'Opration', 'Operazione', '', 'Operao'),
(152, 'birth', 'Birth', '', 'Nacimiento', '', 'Geboorte', 'Narodziny', 'Geburt', 'Naissance', 'Nascita', '', 'Nascimento'),
(153, 'death', 'Death', '', 'Muerte', '', 'Dood', 'mier', 'Tod', 'Mort', 'Morte', '', 'Morte'),
(154, 'type', 'Type', '', 'Tipo', '', 'Type', 'Typ', 'Art', 'Type', 'Tipo', '', 'Tipo'),
(155, 'select_type', 'Select Type', ' ', 'Seleccionar tipo', ' ', 'Kies een type', 'Wybierz typ', 'Whlen Sie Art', 'Slectionner le type', 'Seleziona tipo', ' ', 'Selecionar Tipo'),
(156, 'edit_report', 'Edit Report', '   ', 'Editar informe', ' ', 'Rapport bewerken', 'Edycja Zgo', 'Bericht bearbeiten', 'Modifier le rapport', 'Modifica report', ' ', 'Editar relatrio'),
(157, 'old_password', 'Old Password', ' ', 'Contrasea anterior', '  ', 'Oud wachtwoord', 'Stare haso', 'Altes Passwort', 'Ancien mot de passe', 'Vecchia password', ' ', 'Senha Antiga'),
(158, 'patient_dashboard', 'Patient Dashboard', ' ', 'Dashboard Paciente', ' ', 'Patint Dashboard', 'Panel Pacjenta', 'Patient-Dashboard', 'Tableau de bord des patients', 'Dashboard paziente', 'Dashboard ', 'Painel Patient'),
(159, 'admit_history', 'Admit History', ' ', 'Admitir Historia', ' ', 'Toegeven Geschiedenis', 'Przyznaj Historia', 'Zugeben Geschichte', 'Admettez Histoire', 'Ammettere Storia', ' ', 'Admita Histria'),
(160, 'operation_history', 'Operation History', ' ', 'Historia Operacin', ' ', 'Operatie Geschiedenis', 'Historia operacji', 'Betriebsgeschichte', 'Opration Histoire', 'Storia Funzionamento', ' ', 'Operao Histria'),
(161, 'invoice', 'Invoice', '', 'Factura', '', 'Factuur', 'Faktura', 'Rechnung', 'Facture', 'Fattura', '-', 'Fatura'),
(162, 'nurse_dashboard', 'Nurse Dashboard', ' ', 'Dashboard Enfermera', ' ', 'Verpleegkundige Dashboard', 'Pielgniarka Dashboard', 'Krankenschwester-Dashboard', 'Infirmire Dashboard', 'Nurse Dashboard', ' Dashboard', 'Painel Nurse'),
(163, 'bed_/_ward', 'Bed / Ward', ' / ', 'Cama / sala', ' / ', 'Bed / Ward', 'ko / Ward', 'Bed / Ward', 'Chambres / Ward', 'Letto / Ward', ' / Ward', 'Cama / Ward'),
(164, 'manage_bed', 'Manage Bed', '  ', 'Administrar Cama', ' ', 'Beheerder bent van Bed', 'Zarzdzaj Bed', 'Bed verwalten', 'Grer Chambres', 'Gestisci Bed', ' ', 'Gerenciar Bed'),
(165, 'manage_blood_bank', 'Manage Blood Bank', '  ', 'Administrar el Banco de Sangre', '  ', 'Beheer Bloedbank', 'Zarzdzaj Bank Krwi', 'Verwalten Blutbank', 'Grer banque de sang', 'Gestisci Blood Bank', '  ', 'Gerenciar Banco de Sangue'),
(166, 'bed', 'Bed', '', 'Cama', '', 'Bed', 'ko', 'Bett', 'Lit', 'Letto', '', 'Cama'),
(167, 'add_bed', 'Add Bed', '   ', 'Aadir Cama', ' ', 'Bed voegen', 'Dodaj Bed', 'In Bed', 'Ajouter Chambres', 'Aggiungi Bed', ' Bed', 'Adicionar Bed'),
(168, 'ward', 'Ward', '', 'Sala', '', 'Afdeling', 'Wychowanek', 'Station', 'Quartier', 'Reparto', '', 'Enfermaria'),
(169, 'cabin', 'Cabin', '', 'Cabina', '', 'Cabine', 'Kabina', 'Kabine', 'Cabine', 'Cabina', '', 'Cabine'),
(170, 'icu', 'Icu', 'ICU', 'Icu', '  ', 'Icu', 'Icu', 'Icu', 'Icu', 'Icu', 'Icu', 'Icu'),
(171, 'edit_bed', 'Edit Bed', '   ', 'Editar Cama', ' ', 'Bewerk Bed', 'Edycja B', 'Bed bearbeiten', 'Modifier Chambres', 'Modifica Bed', ' ', 'Editar Bed'),
(172, 'edit_blood_bank', 'Edit Blood Bank', '   ', 'Editar Banco de Sangre', '  ', 'Bewerk Bloedbank', 'Edycja Bank Krwi', 'Bearbeiten Blutbank', 'Modifier banque de sang', 'Modifica Banca del Sangue', '  ', 'Editar Banco de Sangue'),
(173, 'add_blood_donor', 'Add Blood Donor', '   ', 'Aadir Donante de Sangre', '  ', 'Voeg Blood Donor', 'Dodaj dawcw krwi', 'In der Blutspender', 'Ajouter don de sang', 'Aggiungi Blood Donor', '  ', 'Adicionar Doador de Sangue'),
(174, 'edit_blood_donor', 'Edit Blood Donor', '   ', 'Edicin del Donante de Sangre', '  ', 'Bewerk Blood Donor', 'Edycja Dawcw Krwi', 'Bearbeiten-Blutspender', 'Modifier don de sang', 'Modifica Blood Donor', '  ', 'Editar do Doador de Sangue'),
(175, 'select_doctor', 'Select Doctor', ' ', 'Seleccionar Mdico', ' ', 'Selecteer Doctor', 'Wybierz Doktor', 'Whlen Doktor', 'Slectionnez Docteur', 'Seleziona Dottore', ' ', 'Select Doctor'),
(176, 'pharmacist_dashboard', 'Pharmacist Dashboard', ' ', 'Dashboard Farmacutico', ' ', 'Apotheker Dashboard', 'Farmaceuta Dashboard', 'Apotheker-Dashboard', 'Dashboard Pharmacien', 'Dashboard Farmacista', ' Dashboard', 'Painel Farmacutico'),
(177, 'add_medicine', 'Add Medicine', '  ', 'Aadir Medicina', ' ', 'Medicine', 'Dodaj Medycyna', 'Medizin hinzufgen', 'Ajouter mdecine', 'Aggiungi Medicina', ' ', 'Adicionar Medicina'),
(178, 'select_medicine_category', 'Select Medicine Category', '   ', 'Seleccione Medicina Categora', '  ', 'Selecteer Geneeskunde Categorie', 'Wybierz kategori Medycyna', 'Whlen Sie Kategorie Medizin', 'Slectionnez mdecine Catgorie', 'Seleziona Medicine Categoria', '  ', 'Selecione Medicine Categoria'),
(179, 'select_status', 'Select Status', ' ', 'Seleccione Estado', ' ', 'Selecteer Status', 'Wybierz status', 'Whlen Sie Status', 'Slectionnez tat', 'Selezionare Stato', ' ', 'Selecione Status'),
(180, 'available', 'Available', ' ', 'Disponible', '', 'Beschikbaar', 'Dostpny', 'Verfgbar', 'Disponible', 'Disponibile', '', 'Disponvel'),
(181, 'unavailable', 'Unavailable', '', 'Indisponible', ' ', 'Niet beschikbaar', 'Niedostpny', 'Nicht verfgbar', 'Indisponible', 'Non disponibile', '', 'Indisponvel'),
(182, 'edit_medicine', 'Edit Medicine', '  ', 'Editar Medicina', ' ', 'Geneeskunde bewerken', 'Edycja Medycyna', 'Bearbeiten Medizin', 'Modifier Mdecine', 'Modifica Medicine', ' ', 'Editar Medicina'),
(183, 'add_medicine_category', 'Add Medicine Category', '   ', 'Aadir Medicina Categora', '  ', 'Voeg Geneeskunde Categorie', 'Dodaj Medicine Kategoria', 'In Medizin Kategorie', 'Ajouter mdecine Catgorie', 'Aggiungi Medicine Categoria', '  ', 'Adicionar Medicine Categoria'),
(184, 'edit_medicine_category', 'Edit Medicine Category', '   ', 'Editar Medicina Categora', '  ', 'Geneeskunde Categorie bewerken', 'Edycja Medycyna Kategoria', 'Bearbeiten Medizin Kategorie', 'Modifier mdecine Catgorie', 'Modifica Medicine Categoria', '  ', 'Editar Medicine Categoria'),
(185, 'laboratorist_dashboard', 'Laboratorist Dashboard', 'Laboratorist ', 'Dashboard de Laboratorio', ' Laboratorist', 'Laboratorist Dashboard', 'Laboratorist Dashboard', 'Laboratorist Armaturenbrett', 'Dashboard Laboratorist', 'Dashboard Laboratorist', 'Laboratorist Dashboard', 'Painel laboratorista'),
(186, 'accountant_dashboard', 'Accountant Dashboard', ' ', 'Dashboard Contador', ' ', 'Accountant Dashboard', 'Ksigowy Dashboard', 'Accountant-Dashboard', 'Dashboard comptable', 'Dashboard Accountant', ' Dashboard', 'Painel Accountant'),
(187, 'add_invoice', 'Add Invoice', '  ', 'Aadir Factura', ' ', 'Voeg Factuur', 'Dodaj faktury', 'In Rechnung', 'Ajouter Facture', 'Aggiungi Fattura', ' -', 'Adicionar Invoice'),
(188, 'manage_invoice', 'Manage Invoice', ' ', 'Administrar Factura', ' ', 'Beheer Factuur', 'Zarzdzaj faktury', 'Rechnung verwalten', 'Grer facture', 'Gestisci Fattura', ' ', 'Gerenciar Invoice'),
(189, 'invoice_title', 'Invoice Title', ' ', 'Factura Ttulo', ' ', 'Factuur Titel', 'Faktura Tytu', 'Rechnungs Titel', 'Titre facture', 'Titolo Fattura', ' ', 'Ttulo Invoice'),
(190, 'select_a_patient', 'Select A Patient', '   ', 'Seleccione un paciente', ' ', 'Selecteer een Patint', 'Wybierz pacjenta', 'Whlen Sie einen Patienten', 'Slectionner un patient', 'Selezionare un paziente', ' ', 'Seleccione um paciente'),
(191, 'payment_status', 'Payment Status', ' ', 'El estado del pedido', ' ', 'Betaling Status', 'Patno status', 'Payment Status', 'Statut de paiement', 'Pagamento Stato', ' ', 'Situao do pagamento'),
(192, 'select_a_status', 'Select A Status', '   ', 'Seleccione un Estado', ' ', 'Selecteer A Status', 'Wybierz status', 'Whlen Sie einen Status', 'Slectionnez un tat', 'Selezionare uno stato', ' ', 'Selecione um status'),
(193, 'paid', 'Paid', '', 'Pagado', '', 'Betaald', 'Patny', 'Bezahlt', 'Pay', 'Pagato', '', 'Pago'),
(194, 'unpaid', 'Unpaid', '', 'No pagado', ' ', 'Onbetaald', 'Niezapacone', 'Unbezahlt', 'Non rmunr', 'Non pagato', '', 'No remunerado'),
(195, 'invoice_entry', 'Invoice Entry', ' ', 'Entrada de facturas', ' ', 'Factuur Entry', 'Faktura Wejcie', 'Rechnungserfassung', 'Saisie des factures', 'Fattura Entry', ' ', 'Nota Fiscal de Entrada'),
(196, 'add_invoice_entry', 'Add Invoice Entry', '   ', 'Aadir entrada Factura', '  ', 'Voeg Factuur Entry', 'Dodaj wpis faktury', 'Fgen Rechnungserfassung', 'Ajouter Saisie des factures', 'Aggiungi Fattura Entry', ' - ', 'Adicionar Nota Fiscal de Entrada'),
(197, 'create_new_invoice', 'Create New Invoice', '   ', 'Crear Nueva factura', '  ', 'Maak Nieuwe factuur', 'Utwrz now faktur', 'Neues Rechnungs', 'Crer une nouvelle facture', 'Crea nuova fattura', '  ', 'Criar Nova Fatura'),
(198, 'edit_invoice', 'Edit Invoice', '  ', 'Editar Factura', ' ', 'Bewerk Factuur', 'Edycja faktury', 'Bearbeiten Rechnung', 'Modifier facture', 'Modifica fattura', ' ', 'Editar Invoice'),
(199, 'update_invoice', 'Update Invoice', ' ', 'Actualizacin Factura', ' ', 'Bijwerken Factuur', 'Aktualizacja Faktura', 'Update-Rechnung', 'Mise  jour des factures', 'Aggiornamento Fattura', ' ', 'Atualizao Invoice'),
(200, 'receptionist', NULL, NULL, NULL, NULL, NULL, NULL, NULL, NULL, NULL, NULL, NULL),
(201, 'payroll', NULL, NULL, NULL, NULL, NULL, NULL, NULL, NULL, NULL, NULL, NULL),
(202, 'create_payroll', NULL, NULL, NULL, NULL, NULL, NULL, NULL, NULL, NULL, NULL, NULL),
(203, 'payroll_list', NULL, NULL, NULL, NULL, NULL, NULL, NULL, NULL, NULL, NULL, NULL),
(204, 'noticeboard', NULL, NULL, NULL, NULL, NULL, NULL, NULL, NULL, NULL, NULL, NULL),
(205, 'sms_settings', NULL, NULL, NULL, NULL, NULL, NULL, NULL, NULL, NULL, NULL, NULL),
(206, 'frontend', NULL, NULL, NULL, NULL, NULL, NULL, NULL, NULL, NULL, NULL, NULL),
(207, 'contact_emails', NULL, NULL, NULL, NULL, NULL, NULL, NULL, NULL, NULL, NULL, NULL),
(208, 'website', NULL, NULL, NULL, NULL, NULL, NULL, NULL, NULL, NULL, NULL, NULL),
(209, 'logout', NULL, NULL, NULL, NULL, NULL, NULL, NULL, NULL, NULL, NULL, NULL),
(210, 'icon', NULL, NULL, NULL, NULL, NULL, NULL, NULL, NULL, NULL, NULL, NULL),
(211, 'manage_facilities', NULL, NULL, NULL, NULL, NULL, NULL, NULL, NULL, NULL, NULL, NULL),
(212, 'edit', NULL, NULL, NULL, NULL, NULL, NULL, NULL, NULL, NULL, NULL, NULL),
(213, 'enter_department_name', NULL, NULL, NULL, NULL, NULL, NULL, NULL, NULL, NULL, NULL, NULL),
(214, 'select_image', NULL, NULL, NULL, NULL, NULL, NULL, NULL, NULL, NULL, NULL, NULL),
(215, 'change', NULL, NULL, NULL, NULL, NULL, NULL, NULL, NULL, NULL, NULL, NULL),
(216, 'remove', NULL, NULL, NULL, NULL, NULL, NULL, NULL, NULL, NULL, NULL, NULL),
(217, 'department_facilities', NULL, NULL, NULL, NULL, NULL, NULL, NULL, NULL, NULL, NULL, NULL),
(218, 'add_department_facility', NULL, NULL, NULL, NULL, NULL, NULL, NULL, NULL, NULL, NULL, NULL),
(219, 'edit_facility', NULL, NULL, NULL, NULL, NULL, NULL, NULL, NULL, NULL, NULL, NULL),
(220, 'update', NULL, NULL, NULL, NULL, NULL, NULL, NULL, NULL, NULL, NULL, NULL),
(221, 'employee', NULL, NULL, NULL, NULL, NULL, NULL, NULL, NULL, NULL, NULL, NULL),
(222, 'select_an_employee', NULL, NULL, NULL, NULL, NULL, NULL, NULL, NULL, NULL, NULL, NULL),
(223, 'month', NULL, NULL, NULL, NULL, NULL, NULL, NULL, NULL, NULL, NULL, NULL),
(224, 'select_a_month', NULL, NULL, NULL, NULL, NULL, NULL, NULL, NULL, NULL, NULL, NULL),
(225, 'january', NULL, NULL, NULL, NULL, NULL, NULL, NULL, NULL, NULL, NULL, NULL),
(226, 'february', NULL, NULL, NULL, NULL, NULL, NULL, NULL, NULL, NULL, NULL, NULL),
(227, 'march', NULL, NULL, NULL, NULL, NULL, NULL, NULL, NULL, NULL, NULL, NULL),
(228, 'april', NULL, NULL, NULL, NULL, NULL, NULL, NULL, NULL, NULL, NULL, NULL),
(229, 'may', NULL, NULL, NULL, NULL, NULL, NULL, NULL, NULL, NULL, NULL, NULL),
(230, 'june', NULL, NULL, NULL, NULL, NULL, NULL, NULL, NULL, NULL, NULL, NULL),
(231, 'july', NULL, NULL, NULL, NULL, NULL, NULL, NULL, NULL, NULL, NULL, NULL),
(232, 'august', NULL, NULL, NULL, NULL, NULL, NULL, NULL, NULL, NULL, NULL, NULL),
(233, 'september', NULL, NULL, NULL, NULL, NULL, NULL, NULL, NULL, NULL, NULL, NULL),
(234, 'october', NULL, NULL, NULL, NULL, NULL, NULL, NULL, NULL, NULL, NULL, NULL),
(235, 'november', NULL, NULL, NULL, NULL, NULL, NULL, NULL, NULL, NULL, NULL, NULL),
(236, 'december', NULL, NULL, NULL, NULL, NULL, NULL, NULL, NULL, NULL, NULL, NULL),
(237, 'year', NULL, NULL, NULL, NULL, NULL, NULL, NULL, NULL, NULL, NULL, NULL),
(238, 'select_a_year', NULL, NULL, NULL, NULL, NULL, NULL, NULL, NULL, NULL, NULL, NULL),
(239, 'generate_payslip', NULL, NULL, NULL, NULL, NULL, NULL, NULL, NULL, NULL, NULL, NULL),
(240, 'account_type', NULL, NULL, NULL, NULL, NULL, NULL, NULL, NULL, NULL, NULL, NULL),
(241, 'summary', NULL, NULL, NULL, NULL, NULL, NULL, NULL, NULL, NULL, NULL, NULL),
(242, 'basic_salary', NULL, NULL, NULL, NULL, NULL, NULL, NULL, NULL, NULL, NULL, NULL),
(243, 'total_allowance', NULL, NULL, NULL, NULL, NULL, NULL, NULL, NULL, NULL, NULL, NULL),
(244, 'total_deduction', NULL, NULL, NULL, NULL, NULL, NULL, NULL, NULL, NULL, NULL, NULL),
(245, 'net_salary', NULL, NULL, NULL, NULL, NULL, NULL, NULL, NULL, NULL, NULL, NULL),
(246, 'view_payroll_details', NULL, NULL, NULL, NULL, NULL, NULL, NULL, NULL, NULL, NULL, NULL),
(247, 'mark_as_paid', NULL, NULL, NULL, NULL, NULL, NULL, NULL, NULL, NULL, NULL, NULL),
(248, 'add_notice', NULL, NULL, NULL, NULL, NULL, NULL, NULL, NULL, NULL, NULL, NULL),
(249, 'start_date', NULL, NULL, NULL, NULL, NULL, NULL, NULL, NULL, NULL, NULL, NULL),
(250, 'end_date', NULL, NULL, NULL, NULL, NULL, NULL, NULL, NULL, NULL, NULL, NULL),
(251, 'edit_notice', NULL, NULL, NULL, NULL, NULL, NULL, NULL, NULL, NULL, NULL, NULL),
(252, 'event_start_date', NULL, NULL, NULL, NULL, NULL, NULL, NULL, NULL, NULL, NULL, NULL),
(253, 'event_end_date', NULL, NULL, NULL, NULL, NULL, NULL, NULL, NULL, NULL, NULL, NULL),
(254, 'forgot_your_password', NULL, NULL, NULL, NULL, NULL, NULL, NULL, NULL, NULL, NULL, NULL),
(255, 'enter_your_email', NULL, NULL, NULL, NULL, NULL, NULL, NULL, NULL, NULL, NULL, NULL),
(256, 'back_to_login', NULL, NULL, NULL, NULL, NULL, NULL, NULL, NULL, NULL, NULL, NULL),
(257, 'home', NULL, NULL, NULL, NULL, NULL, NULL, NULL, NULL, NULL, NULL, NULL),
(258, 'departments', NULL, NULL, NULL, NULL, NULL, NULL, NULL, NULL, NULL, NULL, NULL),
(259, 'doctors', NULL, NULL, NULL, NULL, NULL, NULL, NULL, NULL, NULL, NULL, NULL),
(260, 'about_us', NULL, NULL, NULL, NULL, NULL, NULL, NULL, NULL, NULL, NULL, NULL),
(261, 'blog', NULL, NULL, NULL, NULL, NULL, NULL, NULL, NULL, NULL, NULL, NULL),
(262, 'contact_us', NULL, NULL, NULL, NULL, NULL, NULL, NULL, NULL, NULL, NULL, NULL),
(263, 'book_appointment', NULL, NULL, NULL, NULL, NULL, NULL, NULL, NULL, NULL, NULL, NULL),
(264, 'for_emergency_contact', NULL, NULL, NULL, NULL, NULL, NULL, NULL, NULL, NULL, NULL, NULL),
(265, 'awesome_doctors_of', NULL, NULL, NULL, NULL, NULL, NULL, NULL, NULL, NULL, NULL, NULL),
(266, 'get_in_touch_with_our_specialists', NULL, NULL, NULL, NULL, NULL, NULL, NULL, NULL, NULL, NULL, NULL),
(267, 'main_menu', NULL, NULL, NULL, NULL, NULL, NULL, NULL, NULL, NULL, NULL, NULL),
(268, 'make_an_appointment', NULL, NULL, NULL, NULL, NULL, NULL, NULL, NULL, NULL, NULL, NULL),
(269, 'help_and_support', NULL, NULL, NULL, NULL, NULL, NULL, NULL, NULL, NULL, NULL, NULL),
(270, 'emergency_contact', NULL, NULL, NULL, NULL, NULL, NULL, NULL, NULL, NULL, NULL, NULL),
(271, 'doctor_appointment', NULL, NULL, NULL, NULL, NULL, NULL, NULL, NULL, NULL, NULL, NULL),
(272, 'book_an_appointment', NULL, NULL, NULL, NULL, NULL, NULL, NULL, NULL, NULL, NULL, NULL),
(273, 'opening_hours', NULL, NULL, NULL, NULL, NULL, NULL, NULL, NULL, NULL, NULL, NULL),
(274, 'monday', NULL, NULL, NULL, NULL, NULL, NULL, NULL, NULL, NULL, NULL, NULL),
(275, 'friday', NULL, NULL, NULL, NULL, NULL, NULL, NULL, NULL, NULL, NULL, NULL),
(276, 'saturday', NULL, NULL, NULL, NULL, NULL, NULL, NULL, NULL, NULL, NULL, NULL),
(277, 'sunday', NULL, NULL, NULL, NULL, NULL, NULL, NULL, NULL, NULL, NULL, NULL),
(278, 'our_awesome_doctors', NULL, NULL, NULL, NULL, NULL, NULL, NULL, NULL, NULL, NULL, NULL),
(279, 'view_details', NULL, NULL, NULL, NULL, NULL, NULL, NULL, NULL, NULL, NULL, NULL),
(280, 'get_in_touch_with_our_professionals', NULL, NULL, NULL, NULL, NULL, NULL, NULL, NULL, NULL, NULL, NULL),
(281, 'doctors_of_all_departments', NULL, NULL, NULL, NULL, NULL, NULL, NULL, NULL, NULL, NULL, NULL),
(282, 'doctors_of', NULL, NULL, NULL, NULL, NULL, NULL, NULL, NULL, NULL, NULL, NULL),
(283, 'all_departments', NULL, NULL, NULL, NULL, NULL, NULL, NULL, NULL, NULL, NULL, NULL),
(284, 'about', NULL, NULL, NULL, NULL, NULL, NULL, NULL, NULL, NULL, NULL, NULL),
(285, 'new_patient', NULL, NULL, NULL, NULL, NULL, NULL, NULL, NULL, NULL, NULL, NULL),
(286, 'old_patient', NULL, NULL, NULL, NULL, NULL, NULL, NULL, NULL, NULL, NULL, NULL),
(287, 'patient_code', NULL, NULL, NULL, NULL, NULL, NULL, NULL, NULL, NULL, NULL, NULL);
INSERT INTO `language` (`phrase_id`, `phrase`, `english`, `bengali`, `spanish`, `arabic`, `dutch`, `polish`, `german`, `french`, `italian`, `russian`, `portugese`) VALUES
(288, 'invalid_patient_code', NULL, NULL, NULL, NULL, NULL, NULL, NULL, NULL, NULL, NULL, NULL),
(289, 'log_in_to_patient_account_to_see_your_code', NULL, NULL, NULL, NULL, NULL, NULL, NULL, NULL, NULL, NULL, NULL),
(290, 'select_a_department', NULL, NULL, NULL, NULL, NULL, NULL, NULL, NULL, NULL, NULL, NULL),
(291, 'select_a_department_first', NULL, NULL, NULL, NULL, NULL, NULL, NULL, NULL, NULL, NULL, NULL),
(292, 'message', NULL, NULL, NULL, NULL, NULL, NULL, NULL, NULL, NULL, NULL, NULL),
(293, 'your_message_to_the_doctor', NULL, NULL, NULL, NULL, NULL, NULL, NULL, NULL, NULL, NULL, NULL),
(294, 'book_now', NULL, NULL, NULL, NULL, NULL, NULL, NULL, NULL, NULL, NULL, NULL),
(295, 'read_more', NULL, NULL, NULL, NULL, NULL, NULL, NULL, NULL, NULL, NULL, NULL),
(296, 'blog_details', NULL, NULL, NULL, NULL, NULL, NULL, NULL, NULL, NULL, NULL, NULL),
(297, 'contact_us_for_help', NULL, NULL, NULL, NULL, NULL, NULL, NULL, NULL, NULL, NULL, NULL),
(298, 'please_call_us_or_complete_the_form_below_and_we_will_get_to_you_shortly', NULL, NULL, NULL, NULL, NULL, NULL, NULL, NULL, NULL, NULL, NULL),
(299, 'your_name', NULL, NULL, NULL, NULL, NULL, NULL, NULL, NULL, NULL, NULL, NULL),
(300, 'your_email', NULL, NULL, NULL, NULL, NULL, NULL, NULL, NULL, NULL, NULL, NULL),
(301, 'send_message', NULL, NULL, NULL, NULL, NULL, NULL, NULL, NULL, NULL, NULL, NULL),
(302, 'degrees', NULL, NULL, NULL, NULL, NULL, NULL, NULL, NULL, NULL, NULL, NULL),
(303, 'general_settings', NULL, NULL, NULL, NULL, NULL, NULL, NULL, NULL, NULL, NULL, NULL),
(304, 'update_application', NULL, NULL, NULL, NULL, NULL, NULL, NULL, NULL, NULL, NULL, NULL),
(305, 'choose_update_file', NULL, NULL, NULL, NULL, NULL, NULL, NULL, NULL, NULL, NULL, NULL),
(306, 'install_update', NULL, NULL, NULL, NULL, NULL, NULL, NULL, NULL, NULL, NULL, NULL),
(307, 'logo', NULL, NULL, NULL, NULL, NULL, NULL, NULL, NULL, NULL, NULL, NULL),
(308, 'settings_updated', NULL, NULL, NULL, NULL, NULL, NULL, NULL, NULL, NULL, NULL, NULL),
(309, 'contact', NULL, NULL, NULL, NULL, NULL, NULL, NULL, NULL, NULL, NULL, NULL),
(310, 'social_links', NULL, NULL, NULL, NULL, NULL, NULL, NULL, NULL, NULL, NULL, NULL),
(311, 'facebook_profile_link', NULL, NULL, NULL, NULL, NULL, NULL, NULL, NULL, NULL, NULL, NULL),
(312, 'twitter_profile_link', NULL, NULL, NULL, NULL, NULL, NULL, NULL, NULL, NULL, NULL, NULL),
(313, 'google_plus_link', NULL, NULL, NULL, NULL, NULL, NULL, NULL, NULL, NULL, NULL, NULL),
(314, 'linkedin_profile_link', NULL, NULL, NULL, NULL, NULL, NULL, NULL, NULL, NULL, NULL, NULL);

-- --------------------------------------------------------

--
-- Table structure for table `medicine`
--

CREATE TABLE `medicine` (
  `medicine_id` int(11) NOT NULL,
  `name` longtext DEFAULT NULL,
  `medicine_category_id` int(11) DEFAULT NULL,
  `unit_id` int(11) DEFAULT NULL,
  `description` longtext DEFAULT NULL,
  `price` int(11) DEFAULT NULL,
  `manufacturing_company` longtext DEFAULT NULL,
  `total_quantity` int(11) DEFAULT NULL,
  `alert_quantity` int(11) NOT NULL,
  `sold_quantity` int(11) DEFAULT NULL,
  `date_time` varchar(255) NOT NULL DEFAULT current_timestamp()
) ENGINE=MyISAM DEFAULT CHARSET=utf8mb3 COLLATE=utf8mb3_unicode_ci;

-- --------------------------------------------------------

--
-- Table structure for table `medicine_category`
--

CREATE TABLE `medicine_category` (
  `medicine_category_id` int(11) NOT NULL,
  `name` longtext DEFAULT NULL,
  `description` longtext DEFAULT NULL,
  `date_time` varchar(255) NOT NULL DEFAULT current_timestamp()
) ENGINE=MyISAM DEFAULT CHARSET=utf8mb3 COLLATE=utf8mb3_unicode_ci;

-- --------------------------------------------------------

--
-- Table structure for table `medicine_sale`
--

CREATE TABLE `medicine_sale` (
  `medicine_sale_id` int(11) NOT NULL,
  `bill_no` varchar(25) NOT NULL,
  `patient_id` int(11) DEFAULT NULL,
  `medicines` longtext DEFAULT NULL,
  `total_amount` int(11) DEFAULT NULL,
  `payment_status` varchar(30) DEFAULT NULL,
  `payment_mode_id` int(11) DEFAULT NULL,
  `date_time` varchar(255) NOT NULL DEFAULT current_timestamp()
) ENGINE=InnoDB DEFAULT CHARSET=utf8mb3 COLLATE=utf8mb3_unicode_ci;

-- --------------------------------------------------------

--
-- Table structure for table `message`
--

CREATE TABLE `message` (
  `message_id` int(11) NOT NULL,
  `message_thread_code` longtext DEFAULT NULL,
  `message` longtext DEFAULT NULL,
  `sender` longtext DEFAULT NULL,
  `timestamp` longtext DEFAULT NULL,
  `read_status` int(11) DEFAULT NULL
) ENGINE=MyISAM DEFAULT CHARSET=latin1 COLLATE=latin1_swedish_ci;

-- --------------------------------------------------------

--
-- Table structure for table `message_thread`
--

CREATE TABLE `message_thread` (
  `message_thread_id` int(11) NOT NULL,
  `message_thread_code` longtext DEFAULT NULL,
  `sender` longtext DEFAULT NULL,
  `reciever` longtext DEFAULT NULL,
  `last_message_timestamp` longtext DEFAULT NULL
) ENGINE=InnoDB DEFAULT CHARSET=utf8mb3 COLLATE=utf8mb3_unicode_ci;

-- --------------------------------------------------------

--
-- Table structure for table `next_followup`
--

CREATE TABLE `next_followup` (
  `id` int(11) NOT NULL,
  `item_issue_id` int(11) NOT NULL,
  `call_by` varchar(25) NOT NULL,
  `call_phone` varchar(12) NOT NULL,
  `call_duration` varchar(25) NOT NULL,
  `created_date` date NOT NULL,
  `next_followup_date` date NOT NULL,
  `note` longtext NOT NULL
) ENGINE=InnoDB DEFAULT CHARSET=utf8mb4 COLLATE=utf8mb4_unicode_ci;

--
-- Dumping data for table `next_followup`
--

INSERT INTO `next_followup` (`id`, `item_issue_id`, `call_by`, `call_phone`, `call_duration`, `created_date`, `next_followup_date`, `note`) VALUES
(1, 20, 'KALPANA', '8658892333', '1.29MIN', '2024-04-22', '2024-04-26', '<div>HE SAID HA IS WORKING WELL ,AND THE PATIENT SAID HE WANT TO VISIT AFTER 2 MONTHS FOR HIS OWN SATISFACTION FEEDBACK FOR US .THNAK YOU</div>');

-- --------------------------------------------------------

--
-- Table structure for table `note`
--

CREATE TABLE `note` (
  `note_id` int(11) NOT NULL,
  `note` longtext DEFAULT NULL,
  `user_type` longtext DEFAULT NULL,
  `user_id` int(11) DEFAULT NULL,
  `color` longtext DEFAULT NULL,
  `timestamp_create` longtext DEFAULT NULL,
  `timestamp_last_update` longtext DEFAULT NULL
) ENGINE=MyISAM DEFAULT CHARSET=utf8mb3 COLLATE=utf8mb3_unicode_ci;

-- --------------------------------------------------------

--
-- Table structure for table `notice`
--

CREATE TABLE `notice` (
  `notice_id` int(11) NOT NULL,
  `title` longtext DEFAULT NULL,
  `description` longtext DEFAULT NULL,
  `start_timestamp` longtext DEFAULT NULL,
  `end_timestamp` longtext DEFAULT NULL
) ENGINE=MyISAM DEFAULT CHARSET=utf8mb3 COLLATE=utf8mb3_unicode_ci;

-- --------------------------------------------------------

--
-- Table structure for table `noticeboard`
--

CREATE TABLE `noticeboard` (
  `notice_id` int(11) NOT NULL,
  `notice_title` longtext DEFAULT NULL,
  `notice` longtext DEFAULT NULL,
  `create_timestamp` int(11) DEFAULT NULL
) ENGINE=MyISAM DEFAULT CHARSET=utf8mb3 COLLATE=utf8mb3_unicode_ci;

-- --------------------------------------------------------

--
-- Table structure for table `nurse`
--

CREATE TABLE `nurse` (
  `nurse_id` int(11) NOT NULL,
  `staff_id` varchar(100) NOT NULL,
  `name` longtext DEFAULT NULL,
  `email` longtext DEFAULT NULL,
  `password` longtext DEFAULT NULL,
  `phone` longtext DEFAULT NULL,
  `gender` varchar(100) NOT NULL,
  `blood_group` int(100) NOT NULL,
  `dob` varchar(100) NOT NULL,
  `doj` varchar(100) NOT NULL,
  `current_address` longtext NOT NULL,
  `permanent_address` longtext NOT NULL,
  `basic_salary` varchar(255) NOT NULL,
  `aadhar_card` varchar(255) DEFAULT NULL,
  `pan_card` varchar(255) DEFAULT NULL,
  `existing_pfno` varchar(255) DEFAULT NULL,
  `father_name` varchar(255) DEFAULT NULL,
  `mother_name` varchar(255) DEFAULT NULL,
  `date_time` varchar(255) NOT NULL DEFAULT current_timestamp()
) ENGINE=MyISAM DEFAULT CHARSET=latin1 COLLATE=latin1_swedish_ci;

-- --------------------------------------------------------

--
-- Table structure for table `pathology_patient_report`
--

CREATE TABLE `pathology_patient_report` (
  `id` int(11) NOT NULL,
  `pathology_test_id` int(11) NOT NULL,
  `patient_id` int(11) NOT NULL,
  `doctor_id` int(11) NOT NULL,
  `date` date NOT NULL,
  `description` text DEFAULT NULL,
  `attachment` varchar(255) DEFAULT NULL,
  `upload_name` varchar(50) DEFAULT NULL,
  `file_name` varchar(255) DEFAULT NULL,
  `charge` decimal(15,2) NOT NULL,
  `created_at` timestamp NOT NULL DEFAULT current_timestamp(),
  `payment_status` varchar(20) DEFAULT NULL,
  `payment_mode_id` int(11) DEFAULT NULL,
  `payment_date` date DEFAULT NULL,
  `is_active` enum('Y','N') NOT NULL DEFAULT 'Y'
) ENGINE=InnoDB DEFAULT CHARSET=utf8mb3 COLLATE=utf8mb3_general_ci;

-- --------------------------------------------------------

--
-- Table structure for table `pathology_report`
--

CREATE TABLE `pathology_report` (
  `pathology_report_id` int(10) NOT NULL,
  `code` longtext DEFAULT NULL,
  `patient_id` int(10) DEFAULT NULL,
  `test_name` longtext DEFAULT NULL,
  `pathology_report` longtext DEFAULT NULL,
  `date_time` varchar(255) DEFAULT current_timestamp()
) ENGINE=InnoDB DEFAULT CHARSET=utf8mb3 COLLATE=utf8mb3_general_ci;

-- --------------------------------------------------------

--
-- Table structure for table `pathology_test`
--

CREATE TABLE `pathology_test` (
  `id` int(11) NOT NULL,
  `test_name` varchar(100) DEFAULT NULL,
  `short_name` varchar(100) DEFAULT NULL,
  `test_type` varchar(100) DEFAULT NULL,
  `test_category_id` int(11) DEFAULT NULL,
  `unit` int(11) DEFAULT NULL,
  `sub_category` varchar(50) DEFAULT NULL,
  `report_days` varchar(50) DEFAULT NULL,
  `method` varchar(50) DEFAULT NULL,
  `price` decimal(15,2) DEFAULT NULL,
  `description` text DEFAULT NULL,
  `created_at` timestamp NOT NULL DEFAULT current_timestamp(),
  `is_active` enum('Y','N') NOT NULL DEFAULT 'Y'
) ENGINE=InnoDB DEFAULT CHARSET=utf8mb3 COLLATE=utf8mb3_general_ci;

-- --------------------------------------------------------

--
-- Table structure for table `pathology_test_category`
--

CREATE TABLE `pathology_test_category` (
  `id` int(11) NOT NULL,
  `test_category` varchar(255) NOT NULL,
  `description` text DEFAULT NULL,
  `created_at` datetime NOT NULL DEFAULT current_timestamp(),
  `is_active` enum('Y','N') NOT NULL
) ENGINE=InnoDB DEFAULT CHARSET=utf8mb4 COLLATE=utf8mb4_general_ci;

-- --------------------------------------------------------

--
-- Table structure for table `patient`
--

CREATE TABLE `patient` (
  `patient_id` int(11) NOT NULL,
  `code` varchar(25) DEFAULT NULL,
  `name` longtext DEFAULT NULL,
  `email` longtext DEFAULT NULL,
  `password` longtext DEFAULT NULL,
  `address` longtext DEFAULT NULL,
  `phone` longtext DEFAULT NULL,
  `sex` varchar(100) DEFAULT NULL,
  `birth_date` longtext DEFAULT NULL,
  `age` varchar(11) DEFAULT NULL,
  `blood_group` int(100) DEFAULT NULL,
  `marital_status` varchar(100) DEFAULT NULL,
  `weight` varchar(100) DEFAULT NULL,
  `height` varchar(255) NOT NULL,
  `guardian_name` varchar(100) DEFAULT NULL,
  `guardian_no` varchar(255) DEFAULT NULL,
  `referred_by` varchar(255) DEFAULT NULL,
  `id_card` varchar(255) NOT NULL,
  `id_card_file` varchar(255) NOT NULL,
  `gst_no` varchar(255) NOT NULL,
  `commission_add` int(100) DEFAULT NULL,
  `current_street` varchar(255) DEFAULT NULL,
  `current_city` varchar(100) DEFAULT NULL,
  `current_state` varchar(100) DEFAULT NULL,
  `current_postalcode` varchar(100) DEFAULT NULL,
  `permanent_street` varchar(255) DEFAULT NULL,
  `permanent_city` varchar(100) DEFAULT NULL,
  `permanent_state` varchar(100) DEFAULT NULL,
  `permanent_postalcode` varchar(100) DEFAULT NULL,
  `account_opening_timestamp` int(11) DEFAULT NULL,
  `date_time` varchar(255) NOT NULL DEFAULT current_timestamp(),
  `remarks` longtext NOT NULL,
  `consultation_fee` decimal(15,2) NOT NULL,
  `discount_type` varchar(25) NOT NULL,
  `discount_value` varchar(25) NOT NULL,
  `visit_type` varchar(20) NOT NULL,
  `visit_date` date NOT NULL
) ENGINE=MyISAM DEFAULT CHARSET=utf8mb3 COLLATE=utf8mb3_unicode_ci;

--
-- Dumping data for table `patient`
--

INSERT INTO `patient` (`patient_id`, `code`, `name`, `email`, `password`, `address`, `phone`, `sex`, `birth_date`, `age`, `blood_group`, `marital_status`, `weight`, `height`, `guardian_name`, `guardian_no`, `referred_by`, `id_card`, `id_card_file`, `gst_no`, `commission_add`, `current_street`, `current_city`, `current_state`, `current_postalcode`, `permanent_street`, `permanent_city`, `permanent_state`, `permanent_postalcode`, `account_opening_timestamp`, `date_time`, `remarks`, `consultation_fee`, `discount_type`, `discount_value`, `visit_type`, `visit_date`) VALUES
(13, 'Pt.1008', 'K.KASHI BISWANTH PATRA', NULL, NULL, NULL, '7327989171', 'male', NULL, '71', NULL, NULL, NULL, '', NULL, NULL, 'self', '', '', '', NULL, NULL, NULL, 'Odisha', NULL, NULL, NULL, NULL, NULL, NULL, '2023-11-01 11:14:00', '', 0.00, '', '', 'walk-in', '2023-01-11'),
(14, 'Pt.1009', 'SARDAR BEGUM', NULL, NULL, NULL, '9777595786', 'female', NULL, '75', NULL, NULL, NULL, '', NULL, NULL, 'self', '', '', '', NULL, NULL, NULL, 'Odisha', NULL, NULL, NULL, NULL, NULL, NULL, '2023-11-13 05:52:32', '', 0.00, '', '', 'walk-in', '2023-11-13'),
(11, 'Pt.1006', 'SURYADIPTA SAMAL', NULL, NULL, NULL, '8280157777', 'male', NULL, '31', NULL, 'married', NULL, '', NULL, NULL, 'self', '', '', '', NULL, NULL, NULL, 'Odisha', NULL, NULL, NULL, NULL, NULL, NULL, '2023-10-28 09:52:06', '', 1000.00, 'fixed', '1000', 'appointment', '2023-10-28'),
(16, 'Pt.1011', 'RISHIT SAHU ', NULL, NULL, NULL, '7008644932', 'male', NULL, '15', NULL, NULL, NULL, '', NULL, NULL, 'self', '', '', '', NULL, NULL, NULL, 'Odisha', NULL, NULL, NULL, NULL, NULL, NULL, '2023-11-15 11:39:14', '', 0.00, '', '', 'walk-in', '2023-11-15'),
(17, 'Pt.1012', 'Manorama Rout', NULL, NULL, NULL, '9938913055', 'female', NULL, NULL, NULL, NULL, NULL, '', NULL, NULL, 'self', '', '', '', NULL, NULL, NULL, 'Odisha', NULL, NULL, NULL, NULL, NULL, NULL, '2023-12-12 12:31:10', 'She came for HA check only and bought 1 pack of batteries.', 0.00, '', '', 'walk-in', '2023-12-12'),
(18, 'Pt.1013', 'PITAMBAR PRADHAN ', NULL, NULL, NULL, '8217069060', 'male', NULL, '70', NULL, NULL, NULL, '', NULL, NULL, 'self', '', '', '', NULL, NULL, NULL, 'Odisha', NULL, NULL, NULL, NULL, NULL, NULL, '2024-02-10 06:47:19', '', 0.00, '', '', 'walk-in', '2024-02-10'),
(19, 'Pt.1014', 'PRAMOD BEHERA ', '', NULL, NULL, '8328865042', 'male', '', '66', 0, '', '', '', '', '', 'self', '', '', '', NULL, '', '', 'Odisha', '', '', '', '', '', NULL, '2024-02-13 06:39:45', '', 0.00, '', '', 'walk-in', '2024-02-13'),
(20, 'Pt.1015', 'Mr .KRISHNA', NULL, NULL, NULL, '8455996633', 'male', NULL, '45', NULL, NULL, NULL, '', NULL, NULL, 'self', '', '', '', NULL, NULL, NULL, 'Odisha', NULL, NULL, NULL, NULL, NULL, NULL, '2024-02-17 06:00:16', '', 0.00, '', '', 'appointment', '2024-02-17'),
(21, 'Pt.1016', 'KANCHANA BALA SAHOO', NULL, NULL, NULL, '8280001873', 'female', NULL, '76', NULL, NULL, NULL, '', NULL, NULL, 'self', '', '', '', NULL, NULL, NULL, 'Odisha', NULL, NULL, NULL, NULL, NULL, NULL, '2024-02-19 07:14:05', '', 500.00, '', '', 'appointment', '2024-02-19'),
(22, 'Pt.1017', 'PADMAJA SAHOO', NULL, NULL, NULL, '8280001873', 'female', NULL, '50', NULL, NULL, NULL, '', NULL, NULL, 'self', '', '', '', NULL, NULL, NULL, 'Odisha', NULL, NULL, NULL, NULL, NULL, NULL, '2024-02-19 07:15:32', '', 500.00, '', '', 'appointment', '2024-02-19'),
(31, 'Pt.1026', 'KIRAN BALA SAHU', NULL, NULL, NULL, '9039025099', 'female', NULL, '70', NULL, NULL, NULL, '', NULL, NULL, 'self', '', '', '', NULL, NULL, NULL, 'Odisha', NULL, NULL, NULL, NULL, NULL, NULL, '2024-04-03 07:13:25', '', 0.00, '', '', 'appointment', '2024-04-03'),
(24, 'Pt.1019', 'MRS.RITA VARMA', NULL, NULL, NULL, '9667659938', 'female', NULL, NULL, NULL, NULL, NULL, '', NULL, NULL, 'DR.SURYAKANTA PRADHAN', '', '', '', NULL, NULL, NULL, 'Odisha', NULL, NULL, NULL, NULL, NULL, NULL, '2024-03-02 11:16:10', '', 500.00, '', '', 'walk-in', '2024-03-02'),
(25, 'Pt.1020', 'MR.BIRENDRA KUMAR NAYAK', NULL, NULL, NULL, '9861132468', 'male', NULL, '49', NULL, NULL, NULL, '', NULL, NULL, 'self', '', '', '', NULL, NULL, NULL, 'Odisha', NULL, NULL, NULL, NULL, NULL, NULL, '2024-03-06 06:23:03', '', 0.00, '', '', 'walk-in', '2024-03-06'),
(26, 'Pt.1021', 'MANJURANI DAS MAHAPATRA ', NULL, NULL, NULL, '7978012714', 'female', NULL, '60', NULL, NULL, NULL, '', NULL, NULL, 'DR. DEEPAK RANJAN NAYAK ', '', '', '', NULL, NULL, NULL, 'Odisha', NULL, NULL, NULL, NULL, NULL, NULL, '2024-03-21 12:02:52', '', 0.00, '', '', 'appointment', '2024-03-21'),
(27, 'Pt.1022', 'ANNAPURNA DASH ', NULL, NULL, NULL, '8292642350', 'female', NULL, '74', NULL, NULL, NULL, '', NULL, NULL, 'DR. NISHIKANTA PARDHAN', '', '', '', NULL, NULL, NULL, 'Odisha', NULL, NULL, NULL, NULL, NULL, NULL, '2024-03-22 06:35:48', '', 500.00, '', '', 'appointment', '2024-03-22'),
(28, 'Pt.1023', 'NIHAR RANJAN  PANDA', NULL, NULL, NULL, '9853991201', 'male', NULL, '38', NULL, NULL, NULL, '', NULL, NULL, 'self', '', '', '', NULL, NULL, NULL, 'Odisha', NULL, NULL, NULL, NULL, NULL, NULL, '2024-03-29 05:28:29', '', 0.00, '', '', 'appointment', '2024-03-29'),
(29, 'Pt.1024', 'somaditya', NULL, NULL, NULL, '9717857982', 'male', NULL, '1.3 months', NULL, NULL, NULL, '', NULL, NULL, 'DR.MANAS RANJAN NAYAK', '', '', '', NULL, NULL, NULL, 'Odisha', NULL, NULL, NULL, NULL, NULL, NULL, '2024-03-30 11:04:55', '', 0.00, '', '', 'appointment', '2024-03-30'),
(30, 'Pt.1025', 'SAMRAT BISWAL', NULL, NULL, NULL, '7008357394', 'male', NULL, '8', NULL, NULL, NULL, '', NULL, NULL, 'self', '', '', '', NULL, NULL, NULL, 'Odisha', NULL, NULL, NULL, NULL, NULL, NULL, '2024-04-01 05:33:30', '', 0.00, '', '', 'appointment', '2024-04-01'),
(32, 'Pt.1027', 'SUNITA SWAIN', NULL, NULL, NULL, '9853770485', 'female', NULL, '32', NULL, NULL, NULL, '', NULL, NULL, 'DR. NISHIKANTA PARDHAN', '', '', '', NULL, NULL, NULL, 'Odisha', NULL, NULL, NULL, NULL, NULL, NULL, '2024-04-08 07:16:10', '', 0.00, '', '', 'appointment', '2024-04-08'),
(34, 'Pt.1029', 'SATRUGHANA DAS', '', NULL, NULL, '7978842835', 'male', '', '', 0, '', '', '', 'SUAKNT SIR (CA)', '', 'self', '', '', '', NULL, '', '', 'Odisha', '', '', '', '', '', NULL, '2024-04-17 06:28:32', '', 0.00, '', '', 'appointment', '2024-04-17'),
(38, 'Pt.1032', 'SATYANARAYAN MOHANTY', NULL, NULL, NULL, '7204340147', 'male', NULL, '3 weeks', NULL, NULL, NULL, '', NULL, NULL, 'DR.RANJIT KUMAR JOSHI', '', '', '', NULL, NULL, NULL, 'Odisha', NULL, NULL, NULL, NULL, NULL, NULL, '2024-05-22 10:02:42', '', 0.00, '', '', 'appointment', '2024-05-20'),
(37, 'Pt.1031', 'AKHAYA KU PAL', NULL, NULL, NULL, '9827562482', 'male', NULL, '63', NULL, NULL, NULL, '', NULL, NULL, 'self', '', '', '', NULL, NULL, NULL, 'Odisha', NULL, NULL, NULL, NULL, NULL, NULL, '2024-05-06 09:17:33', '', 0.00, '', '', 'appointment', '2024-05-06'),
(39, 'Pt.1033', 'ADARSH SAHOO', NULL, NULL, NULL, '9777644836', 'male', NULL, '20 days', NULL, NULL, NULL, '', NULL, NULL, 'DR.SIBA PATTNAIK', '', '', '', NULL, NULL, NULL, 'Odisha', NULL, NULL, NULL, NULL, NULL, NULL, '2024-05-23 06:16:53', '', 0.00, '', '', 'appointment', '2024-05-19'),
(40, 'Pt.1034', 'SADANAND PANIGRAHI ', '', NULL, NULL, '9437323708', 'male', '', '74', 0, '', '', '', '', '', 'self', '', '', '', NULL, '', '', 'Odisha', '', '', '', '', '', NULL, '2024-06-01 07:37:21', '', 0.00, '', '', 'walk-in', '2024-06-01'),
(41, 'Pt.1035', 'KALIA SAMUDRA', NULL, NULL, NULL, '9124472611', 'male', NULL, NULL, NULL, NULL, NULL, '', NULL, NULL, 'self', '', '', '', NULL, NULL, NULL, 'Odisha', NULL, NULL, NULL, NULL, NULL, NULL, '2024-06-11 11:27:35', '', 0.00, '', '', 'walk-in', '2024-06-11'),
(42, 'Pt.1036', 'B/O ALKA PARIDA', NULL, NULL, NULL, '9938079374', 'male', NULL, '23days', NULL, NULL, NULL, '', NULL, NULL, 'DR.PRABIN KU PAHI', '', '', '', NULL, NULL, NULL, 'Odisha', NULL, NULL, NULL, NULL, NULL, NULL, '2024-06-14 09:40:35', '', 0.00, '', '', 'walk-in', '2024-06-14'),
(43, 'Pt.1037', 'S.SHEEJA ', NULL, NULL, NULL, '9938079374', 'female', NULL, '58', NULL, NULL, NULL, '', NULL, NULL, 'SELF', '', '', '', NULL, NULL, NULL, 'Odisha', NULL, NULL, NULL, NULL, NULL, NULL, '2024-06-14 09:40:35', '', 0.00, '', '', 'walk-in', '2024-06-14'),
(47, 'Pt.1040', 'HIMANSHU SEKHAR MOHAPATRA', NULL, NULL, NULL, '9861120207', 'male', NULL, '73', NULL, NULL, NULL, '', NULL, NULL, 'DR.MANAS RANJAN NAYAK', '', '', '', NULL, NULL, NULL, 'Odisha', NULL, NULL, NULL, NULL, NULL, NULL, '2024-06-28 08:57:35', '', 0.00, '', '', 'walk-in', '2023-05-12'),
(46, 'Pt.1039', 'durga prasad swain', '', NULL, NULL, '7978012803', 'male', '', '', 0, '', '', '', '', '', 'self', '', '', '', NULL, '', '', 'Odisha', '', '', '', '', '', NULL, '2024-06-25 10:41:13', '', 0.00, '', '', 'walk-in', '2024-06-25'),
(48, 'Pt.1041', 'B.N CHAKI', NULL, NULL, NULL, '9692880426', 'male', NULL, '86', NULL, NULL, NULL, '', NULL, NULL, 'DR.MANAS RANJAN NAYAK', '', '', '', NULL, NULL, NULL, 'Odisha', NULL, NULL, NULL, NULL, NULL, NULL, '2024-06-28 09:01:15', '', 0.00, '', '', 'walk-in', '2023-05-12'),
(49, 'Pt.1042', 'BANAMALI SAHOO', '', NULL, NULL, '8456986740', 'male', '', '38', 0, '', '', '', '', '', 'self', '', '', '', NULL, '', '', 'Odisha', '', '', '', '', '', NULL, '2024-06-28 09:11:08', '', 0.00, '', '', 'walk-in', '2024-06-28'),
(50, 'Pt.1043', 'K.L MURTY', NULL, NULL, NULL, '9861632994', 'male', NULL, '68', NULL, NULL, NULL, '', NULL, NULL, 'DR.MANAS RANJAN NAYAK', '', '', '', NULL, NULL, NULL, 'Odisha', NULL, NULL, NULL, NULL, NULL, NULL, '2024-06-28 09:20:47', '', 0.00, '', '', 'walk-in', '2024-04-28'),
(51, 'Pt.1044', 'SUBASH CHANDRA PANDA', NULL, NULL, NULL, '9861860472', 'male', NULL, '70', NULL, NULL, NULL, '', NULL, NULL, 'DR.MANAS RANJAN NAYAK', '', '', '', NULL, NULL, NULL, 'Odisha', NULL, NULL, NULL, NULL, NULL, NULL, '2024-06-28 09:22:48', '', 0.00, '', '', 'walk-in', '2024-04-28'),
(52, 'Pt.1045', 'MANOJ TIRKEY', NULL, NULL, NULL, '9777988809', 'male', NULL, '34', NULL, NULL, NULL, '', NULL, NULL, 'DR.MANAS RANJAN NAYAK', '', '', '', NULL, NULL, NULL, 'Odisha', NULL, NULL, NULL, NULL, NULL, NULL, '2024-06-28 09:25:44', '', 0.00, '', '', 'walk-in', '2024-04-28'),
(53, 'Pt.1046', 'D.P. MISHRA', NULL, NULL, NULL, '9937016236', 'male', NULL, '60', NULL, NULL, NULL, '', NULL, NULL, 'DR.MANAS RANJAN NAYAK', '', '', '', NULL, NULL, NULL, 'Odisha', NULL, NULL, NULL, NULL, NULL, NULL, '2024-06-28 09:26:39', '', 0.00, '', '', 'walk-in', '2024-04-28'),
(54, 'Pt.1047', 'P. ANURADHA', '', NULL, NULL, '8895248357', 'female', '', '48', 0, '', '', '', '', '', 'DR.MANAS RANJAN NAYAK', '', '', '', NULL, '', '', 'Odisha', '', '', '', '', '', NULL, '2024-06-28 09:28:58', '', 0.00, '', '', 'walk-in', '2024-04-28'),
(55, 'Pt.1048', 'JYOTI MISHRA', '', NULL, NULL, '9437077558', 'female', '', '68', 0, '', '', '', '', '', 'DR.MANAS RANJAN NAYAK', '', '', '', NULL, '', '', 'Odisha', '', '', '', '', '', NULL, '2024-06-28 09:32:43', '', 0.00, '', '', 'walk-in', '2024-04-28'),
(56, 'Pt.1049', 'ROHIT MISHRA', '', NULL, NULL, '9437077558', 'male', '', '72', 0, '', '', '', '', '', 'DR.MANAS RANJAN NAYAK', '', '', '', NULL, '', '', 'Odisha', '', '', '', '', '', NULL, '2024-06-28 09:33:40', '', 0.00, '', '', 'walk-in', '2024-04-28'),
(57, 'Pt.1050', 'U.K MISHRA', '', NULL, NULL, '8763668946', 'male', '', '62', 0, '', '', '', '', '', 'DR.MANAS RANJAN NAYAK', '', '', '', NULL, '', '', 'Odisha', '', '', '', '', '', NULL, '2024-06-28 09:34:29', '', 0.00, '', '', 'walk-in', '2024-04-28'),
(58, 'Pt.1051', 'JAYANTA KUMAR ROUTRAY', '', NULL, NULL, '9337868165', 'male', '', '32', 0, '', '', '', '', '', 'DR.MANAS RANJAN NAYAK', '', '', '', NULL, '', '', 'Odisha', '', '', '', '', '', NULL, '2024-06-28 09:40:35', '', 0.00, '', '', 'walk-in', '2024-04-28'),
(59, 'Pt.1052', 'DAYANIDHI BEJ', '', NULL, NULL, '9556335860', 'male', '', '26', 0, '', '', '', '', '', 'DR.MANAS RANJAN NAYAK', '', '', '', NULL, '', '', 'Odisha', '', '', '', '', '', NULL, '2024-06-28 09:42:37', '', 0.00, '', '', 'walk-in', '2024-04-28'),
(60, 'Pt.1053', 'M.D CHAND', '', NULL, NULL, '7749898874', 'male', '', '54', 0, '', '', '', '', '', 'DR.MANAS RANJAN NAYAK', '', '', '', NULL, '', '', 'Odisha', '', '', '', '', '', NULL, '2024-06-28 09:43:26', '', 0.00, '', '', 'walk-in', '2024-04-28'),
(61, 'Pt.1054', 'ASHOK KU. DAS', '', NULL, NULL, '9437019509', 'male', '', '77', 0, '', '', '', '', '', 'DR.MANAS RANJAN NAYAK', '', '', '', NULL, '', '', 'Odisha', '', '', '', '', '', NULL, '2024-06-28 09:47:05', '', 0.00, '', '', 'walk-in', '2024-04-28'),
(62, 'Pt.1055', 'ASIT MOHANTY', NULL, NULL, NULL, '9861377120', 'male', NULL, '79', NULL, NULL, NULL, '', NULL, NULL, 'DR.MANAS RANJAN NAYAK', '', '', '', NULL, NULL, NULL, 'Odisha', NULL, NULL, NULL, NULL, NULL, NULL, '2024-06-28 09:47:47', '', 0.00, '', '', 'walk-in', '2024-04-28'),
(63, 'Pt.1056', 'rakesh', '', NULL, NULL, '7005882429', 'male', '', '', 0, '', '', '', '', '', 'self', '', '', '', NULL, '', '', 'Odisha', '', '', '', '', '', NULL, '2024-07-05 04:54:59', '', 0.00, '', '', 'appointment', '2024-07-05'),
(64, 'Pt.1057', 'Ramachandra Mati', '', NULL, NULL, '6371636173', 'male', '', '58', 0, '', '', '', 'Jaydev Mati', '', 'self', '', '', '', NULL, '', '', 'Odisha', '', '', '', '', '', NULL, '2024-07-05 05:10:09', '', 0.00, '', '', 'appointment', '2024-07-05'),
(68, 'Pt.1061', 'PRAMOD SAHOO', '', NULL, NULL, '7540857190', 'male', '', '32', 0, '', '', '', '', '', 'self', '', '', '', NULL, '', '', 'Odisha', '', '', '', '', '', NULL, '2024-07-15 12:21:29', '', 0.00, '', '', 'appointment', '2024-07-15'),
(66, 'Pt.1059', 'pradeep ku bhoi', '', NULL, NULL, '7978011596', 'male', '', '60', 0, '', '', '', '', '', 'radhamadhaba sahu', '', '', '', NULL, '', '', 'Odisha', '', '', '', '', '', NULL, '2024-07-09 04:46:13', '', 0.00, '', '', 'appointment', '2024-07-09'),
(67, 'Pt.1060', 'BABITA PATRA', '', NULL, NULL, '7978487739', 'female', '', '50', 0, '', '', '', '', '', 'self', '', '', '', NULL, '', '', 'Odisha', '', '', '', '', '', NULL, '2024-07-10 13:22:04', '', 0.00, '', '', 'appointment', '2024-07-10'),
(69, 'Pt.1062', 'AMAR PRASAD SAHOO', '', NULL, NULL, '9937073471', 'male', '', '', 0, '', '', '', '', '', 'DR.NARESH KU MAHAPATRA', '', '', '', NULL, '', '', 'Odisha', '', '', '', '', '', NULL, '2024-07-16 10:20:11', '', 0.00, '', '', 'walk-in', '2024-07-16'),
(70, 'Pt.1063', 'MONALISHA ROUT ', NULL, NULL, NULL, '9078000414', 'female', NULL, '34', NULL, NULL, NULL, '', NULL, NULL, 'DR.KHAGESWAR ROUT ', '', '', '', NULL, NULL, NULL, 'Odisha', NULL, NULL, NULL, NULL, NULL, NULL, '2024-07-20 08:53:12', '', 0.00, '', '', 'appointment', '2024-07-20'),
(71, 'Pt.1064', 'Prabhasnee Meher', NULL, NULL, NULL, '9938996540', 'female', NULL, '40', NULL, NULL, NULL, '', NULL, NULL, 'DR Loknath Sahu', '', '', '', NULL, NULL, NULL, 'Odisha', NULL, NULL, NULL, NULL, NULL, NULL, '2024-07-22 11:38:16', '', 1400.00, '', '', 'appointment', '2024-07-22'),
(72, 'Pt.1065', 'Pramila Meher', NULL, NULL, NULL, '8144765030', 'female', NULL, '38', NULL, NULL, NULL, '', NULL, NULL, 'DR Loknath Sahu', '', '', '', NULL, NULL, NULL, 'Odisha', NULL, NULL, NULL, NULL, NULL, NULL, '2024-07-22 11:46:18', '', 1400.00, '', '', 'appointment', '2024-07-22'),
(73, 'Pt.1066', 'Prasanti Sahu', NULL, NULL, NULL, '9437014200', 'female', NULL, '43', NULL, NULL, NULL, '', NULL, NULL, 'self', '', '', '', NULL, NULL, NULL, 'Odisha', NULL, NULL, NULL, NULL, NULL, NULL, '2024-07-23 05:55:45', '', 0.00, '', '', 'appointment', '2024-07-23'),
(74, 'Pt.1067', 'Anand Sethy', NULL, NULL, NULL, '9090573088', 'male', NULL, '50', NULL, NULL, NULL, '', NULL, NULL, 'DR.KHAGESWAR ROUT ', '', '', '', NULL, NULL, NULL, 'Odisha', NULL, NULL, NULL, NULL, NULL, NULL, '2024-07-24 04:46:20', '', 0.00, '', '', 'appointment', '2024-07-24'),
(75, 'Pt.1068', 'ARCHANA DAS', '', NULL, NULL, '8895656924', 'female', '', '5 DAYS', 0, '', '', '', '', '', 'DR.MANAS RANJAN NAYAK', '', '', '', NULL, '', '', 'Odisha', '', '', '', '', '', NULL, '2024-07-24 07:02:45', '', 0.00, '', '', 'appointment', '2024-07-24'),
(76, 'Pt.1069', 'Prof TN Naik', NULL, NULL, NULL, '9437115726', 'male', NULL, '70', NULL, NULL, NULL, '', NULL, NULL, 'self', '', '', '', NULL, NULL, NULL, 'Odisha', NULL, NULL, NULL, NULL, NULL, NULL, '2024-07-26 07:54:30', '', 0.00, '', '', 'walk-in', '2024-07-26'),
(79, 'Pt.1070', 'Rasida Begam', NULL, NULL, NULL, '7377717576', 'female', NULL, '28', NULL, 'married', NULL, '', NULL, NULL, 'DR.KHAGESWAR ROUT ', '', '', '', NULL, NULL, NULL, 'Odisha', NULL, NULL, NULL, NULL, NULL, NULL, '2024-07-29 04:47:22', '', 0.00, '', '', 'appointment', '2024-07-29'),
(80, 'Pt.1071', 'Gulnanara Parwin', '', NULL, NULL, '9090185080', 'female', '', '44', 0, '', '', '', '', '', 'Dr Sanjeev Gupta', '', '', '', NULL, '', '', 'Odisha', '', '', '', '', '', NULL, '2024-07-30 12:20:42', '', 0.00, '', '', 'appointment', '2024-07-30'),
(81, 'Pt.1072', 'D PRAMILA', '', NULL, NULL, '7609922026', 'female', '', '50', 0, '', '', '', '', '', 'DR NISHAN', '', '', '', NULL, '', '', 'Odisha', '', '', '', '', '', NULL, '2024-07-31 07:26:06', '', 0.00, '', '', 'appointment', '2024-07-31'),
(82, 'Pt.1073', 'RATNAKAR SAHU', '', NULL, NULL, '7873434877', 'male', '', '33', 0, '', '', '', '', '', 'DR. NISHIKANTA PARDHAN', '', '', '', NULL, '', '', 'Odisha', '', '', '', '', '', NULL, '2024-08-01 06:43:04', '', 0.00, '', '', 'appointment', '2024-08-01'),
(83, 'Pt.1074', 'Vijayalaxmi Patra', '', NULL, NULL, '9437595577', 'female', '', '57', 0, '', '', '', '', '', 'DR Subrat Patra', '', '', '', NULL, '', '', 'Odisha', '', '', '', '', '', NULL, '2024-08-05 07:41:58', '', 0.00, '', '', 'appointment', '2024-08-05'),
(84, 'Pt.1075', 'Jyotirmayee Hembram', '', NULL, NULL, '7606886495', 'female', '', '29', 0, 'single', '', '', '', '', 'DR.KHAGESWAR ROUT ', '', '', '', NULL, '', '', 'Odisha', '', '', '', '', '', NULL, '2024-08-09 07:39:56', '', 0.00, '', '', 'appointment', '2024-08-09'),
(86, 'Pt.1076', 'NIKHIL KUMAR BARIK', '', NULL, NULL, '7978812723', 'male', '', '15', 0, '', '', '', 'lAXMIKANT BARIK', '', 'DR.KHAGESWAR ROUT ', '', '', '', NULL, '', '', 'Odisha', '', '', '', '', '', NULL, '2024-08-16 12:37:09', '', 0.00, '', '', 'appointment', '2024-08-16'),
(87, 'Pt.1077', 'SN BARIK', '', NULL, NULL, '7205895505', 'male', '', '79', 0, '', '', '', '', '', 'self', '', '', '', NULL, '', '', 'Odisha', '', '', '', '', '', NULL, '2024-08-19 04:56:38', '', 0.00, '', '', 'appointment', '2024-08-19'),
(88, 'Pt.1078', 'Pankajenee Meher', '', NULL, NULL, '9692203789', 'female', '', '56', 0, '', '', '', '', '', 'DR. NISHIKANTA PARDHAN', '', '', '', NULL, '', '', 'Odisha', '', '', '', '', '', NULL, '2024-08-19 08:44:35', '', 0.00, '', '', 'appointment', '2024-08-19'),
(89, 'Pt.1079', 'Ashish Nayak', '', NULL, NULL, '7873533622', 'male', '', '1 year', 0, '', '', '', 'Puspak Kumar Nayak', '7873533622', 'DR.MANAS RANJAN NAYAK', '', '', '', NULL, '', '', 'Odisha', '', '', '', '', '', NULL, '2024-08-21 04:37:42', '', 0.00, '', '', 'appointment', '2024-08-21'),
(90, 'Pt.1080', 'Anand Sahu', '', NULL, NULL, '7039034563', 'male', '', '54', 0, 'married', '', '', '', '', 'Dr Rohit Agarwal', '', '', '', NULL, '', '', 'Odisha', '', '', '', '', '', NULL, '2024-08-26 05:17:03', '', 0.00, '', '', 'appointment', '2024-08-26'),
(91, 'Pt.1081', 'Soumyadeepti pal', '', NULL, NULL, '8908213844', 'female', '', '1 month 4 d', 0, '', '', '', 'Sudip Prasad Pal', '', 'self', '', '', '', NULL, '', '', 'Odisha', '', '', '', '', '', NULL, '2024-08-26 06:28:09', '', 0.00, '', '', 'appointment', '2024-08-26'),
(92, 'Pt.1082', 'SK Alim', '', NULL, NULL, '9090224256', 'male', '', '55', 0, '', '', '', '', '', 'DR.KHAGESWAR ROUT ', '', '', '', NULL, '', '', 'Odisha', '', '', '', '', '', NULL, '2024-08-26 07:35:52', '', 0.00, '', '', 'appointment', '2024-08-26'),
(93, 'Pt.1083', 'Mahima Prasad Mahalik', '', NULL, NULL, '9348959268', 'male', '', '2.5 years', 0, '', '', '', 'Pramod Kumar Mahalik', '', 'DR.KHAGESWAR ROUT ', '', '', '', NULL, '', '', 'Odisha', '', '', '', '', '', NULL, '2024-08-27 08:45:34', '', 0.00, '', '', 'appointment', '2024-08-27'),
(124, 'Pt.1110', 'Aanron Bhuban Pandey', '', NULL, NULL, '9692630632', 'male', '', '17', 0, '', '', '', '', '', 'DR NISHANT PANDA', '', '', '', NULL, '', '', 'Odisha', '', '', '', '', '', NULL, '2024-10-09 06:21:12', '', 0.00, '', '', 'appointment', '2024-10-09'),
(95, 'Pt.1084', 'SN Barik', '', NULL, NULL, '7205895505', 'male', '', '79', 0, '', '', '', '', '', 'Hear.com', '', '', '', NULL, '', '', 'Odisha', '', '', '', '', '', NULL, '2024-08-29 07:00:09', '', 0.00, '', '', 'appointment', '2024-08-19'),
(96, 'Pt.1085', 'ANUPAM KUMAR', '', NULL, NULL, '7903192708', 'male', '', '31', 0, '', '', '', '', '', 'Hear.com', '', '', '', NULL, '', '', 'Odisha', '', '', '', '', '', NULL, '2024-08-29 07:34:12', '', 0.00, '', '', 'appointment', '2024-08-24'),
(97, 'Pt.1086', 'Surekha Pradhan', '', NULL, NULL, '9963741110', 'female', '', '63', 0, '', '', '', '', '', 'Dr Rohit Agarwal', '', '', '', NULL, '', '', 'Odisha', '', '', '', '', '', NULL, '2024-08-30 09:24:00', '', 0.00, '', '', 'appointment', '2024-08-30'),
(98, 'Pt.1087', 'RAKESH PATRA', '', NULL, NULL, '9938215168', 'male', '', '45', 0, '', '', '', '', '', 'DR.KHAGESWAR ROUT ', '', '', '', NULL, '', '', 'Odisha', '', '', '', '', '', NULL, '2024-09-02 06:21:22', '', 0.00, '', '', 'appointment', '2024-09-02'),
(99, 'Pt.1088', 'lalatendu Pati', '', NULL, NULL, '9437191900', 'male', '', '69', 0, '', '', '', '', '', 'DR NISHANT PANDA', '', '', '', NULL, '', '', 'Odisha', '', '', '', '', '', NULL, '2024-09-03 13:10:54', '', 0.00, '', '', 'appointment', '2024-09-03'),
(101, 'Pt.1090', 'Manmayee Sahani', NULL, NULL, NULL, '9861248080', 'female', NULL, '23 days', NULL, NULL, '2.9 KG', '', 'Manoj Kumar Sahu', NULL, 'DR.MANAS RANJAN NAYAK', '', '', '', NULL, NULL, NULL, 'Odisha', NULL, NULL, NULL, NULL, NULL, NULL, '2024-09-10 04:40:28', '', 0.00, '', '', 'appointment', '2024-09-10'),
(102, 'Pt.1091', 'Arjun Kumar Acharya', '', NULL, NULL, '7008552318', 'male', '', '60', 0, '', '', '', 'Rohit Kumar', '', 'DR.KHAGESWAR ROUT ', '', '', '', NULL, '', '', 'Odisha', '', '', '', '', '', NULL, '2024-09-11 07:34:15', '', 0.00, '', '', 'appointment', '2024-09-11'),
(103, 'Pt.1092', 'Sakti Basantia', NULL, NULL, NULL, '7077068351', 'male', NULL, '8.7Kg', NULL, NULL, NULL, '', NULL, NULL, 'DR.MANAS RANJAN NAYAK', '', '', '', NULL, NULL, NULL, 'Odisha', NULL, NULL, NULL, NULL, NULL, NULL, '2024-09-16 05:19:17', '', 0.00, '', '', 'appointment', '2024-09-16'),
(104, 'Pt.1093', 'Pratyusha Sahu', '', NULL, NULL, '9777142508', 'female', '', '40', 0, '', '', '', 'Satyaprata Prasad', '', 'DR.KHAGESWAR ROUT ', '', '', '', NULL, '', '', 'Odisha', '', '', '', '', '', NULL, '2024-09-16 07:10:47', '', 0.00, '', '', 'appointment', '2024-09-16'),
(105, 'Pt.1094', 'Lakshita Behera', '', NULL, NULL, '9338483626', 'female', '', '5 Month 6 d', 0, '', '8.3KG', '', '', '', 'DR.MANAS RANJAN NAYAK', '', '', '', NULL, '', '', 'Odisha', '', '', '', '', '', NULL, '2024-09-16 13:57:13', '', 0.00, '', '', 'appointment', '2024-09-16'),
(106, 'Pt.1095', 'GOPAL KRISHNA PALO', NULL, NULL, NULL, '9861528557', 'male', NULL, '78', NULL, NULL, NULL, '', NULL, NULL, 'DR NISHANT PANDA', '', '', '', NULL, NULL, NULL, 'Odisha', NULL, NULL, NULL, NULL, NULL, NULL, '2024-09-17 05:16:58', '', 0.00, '', '', 'appointment', '2024-09-17'),
(107, 'Pt.1096', 'Rashmi Ranjan Pradhan', '', NULL, NULL, '7077369669', 'male', '', '49', 0, '', '', '', 'Santoshi Pradhan', '', 'Hear.com', '', '', '', NULL, '', '', 'Odisha', '', '', '', '', '', NULL, '2024-09-17 07:50:55', '', 0.00, '', '', 'appointment', '2024-09-17'),
(108, 'Pt.1097', 'Abani Kumar Mohapatra', '', NULL, NULL, '9937080211', 'male', '', '56', 0, '', '', '', '', '', 'Hear.com', '', '', '', NULL, '', '', 'Odisha', '', '', '', '', '', NULL, '2024-09-21 05:50:06', '', 0.00, '', '', 'appointment', '2024-09-21'),
(109, 'Pt.1098', 'Subrat Barada', '', NULL, NULL, '7008869862', 'male', '', '28', 0, '', '', '', '', '', 'self', '', '', '', NULL, '', '', 'Odisha', '', '', '', '', '', NULL, '2024-09-25 14:21:02', '', 0.00, '', '', 'appointment', '2024-09-25'),
(110, 'Pt.1099', 'Ananya Mirdha ', '', NULL, NULL, '8328842490', 'female', '', '5 years', 0, '', '', '', '', '', 'DR.KHAGESWAR ROUT ', '', '', '', NULL, '', '', 'Odisha', '', '', '', '', '', NULL, '2024-09-27 11:52:15', '', 0.00, '', '', 'appointment', '2024-09-27'),
(111, 'Pt.1100', 'ANURAG PADHI', '', NULL, NULL, '7008326761', 'male', '', '32', 0, '', '', '', '', '', 'Hear.com', '', '', '', NULL, '', '', 'Odisha', '', '', '', '', '', NULL, '2024-09-28 11:48:28', '', 0.00, '', '', 'appointment', '2024-09-28'),
(112, 'Pt.1101', 'ANAS KHAN', '', NULL, NULL, '7327034616', 'male', '', '12', 0, '', '', '', '', '', 'Hear.com', '', '', '', NULL, '', '', 'Odisha', '', '', '', '', '', NULL, '2024-09-28 13:56:42', '', 0.00, '', '', 'appointment', '2024-09-28'),
(113, 'Pt.1102', 'Alankrita Dalai', '', NULL, NULL, '9937376018', 'female', '', '11 years', 0, '', '', '', '', '', 'Dr Dipak Ranjan Nayak', '', '', '', NULL, '', '', 'Odisha', '', '', '', '', '', NULL, '2024-09-30 12:31:27', '', 0.00, '', '', 'appointment', '2024-09-30'),
(114, 'Pt.1103', 'Baidehi Nayak', '', NULL, NULL, '7854069973', 'female', '', '64', 0, '', '', '', '', '', 'DR Subrat Patra', '', '', '', NULL, '', '', 'Odisha', '', '', '', '', '', NULL, '2024-10-03 06:25:00', '', 0.00, '', '', 'appointment', '2024-10-03'),
(115, 'Pt.1104', 'Santosh Kumar Das', '', NULL, NULL, '9778873490', 'male', '', '69', 0, '', '', '', '', '', 'Hear.com', '', '', '', NULL, '', '', 'Odisha', '', '', '', '', '', NULL, '2024-10-04 07:39:17', '', 0.00, '', '', 'appointment', '2024-10-04'),
(116, 'Pt.1105', 'Harekrushna Mishra', NULL, NULL, NULL, '7416035002', 'male', NULL, '83', NULL, NULL, NULL, '', NULL, NULL, 'Hear.com', '', '', '', NULL, NULL, NULL, 'Odisha', NULL, NULL, NULL, NULL, NULL, NULL, '2024-10-05 06:00:19', '', 0.00, '', '', 'appointment', '2024-10-05'),
(117, 'Pt.1106', 'SUSHANTA KUMAR DASH', NULL, NULL, NULL, '8596096587', 'male', NULL, '52', NULL, NULL, NULL, '', NULL, NULL, 'DR. SATYANJAY SAHOO', '', '', '', NULL, NULL, NULL, 'Odisha', NULL, NULL, NULL, NULL, NULL, NULL, '2024-10-05 08:21:23', '', 0.00, '', '', 'appointment', '2024-10-05'),
(118, 'Pt.1107', 'Jugal Kishore Sahu', '', NULL, NULL, '9937081300', 'male', '', '74', 0, '', '', '', '', '', 'Dr Sangram Kesari Das', '', '', '', NULL, '', '', 'Odisha', '', '', '', '', '', NULL, '2024-10-07 05:34:33', '', 0.00, '', '', 'appointment', '2024-10-07'),
(119, 'Pt.1108', 'Babu Padhy', '', NULL, NULL, '9348012157', 'male', '', '77', 0, '', '', '', '', '', 'Hear.com', '', '', '', NULL, '', '', 'Odisha', '', '', '', '', '', NULL, '2024-10-07 05:37:14', '', 0.00, '', '', 'appointment', '2024-10-07'),
(122, 'Pt.1109', 'Narayan Sahoo', '', NULL, NULL, '9938781345', 'male', '', '43', 0, '', '', '', '', '', 'self', '', '', '', NULL, '', '', 'Odisha', '', '', '', '', '', NULL, '2024-10-08 10:31:12', '', 0.00, '', '', 'walk-in', '2024-10-07');

-- --------------------------------------------------------

--
-- Table structure for table `patient_consultation_history`
--

CREATE TABLE `patient_consultation_history` (
  `id` int(11) NOT NULL,
  `patient_id` int(11) NOT NULL,
  `consultation_name` varchar(25) NOT NULL,
  `qty` int(11) NOT NULL,
  `price` decimal(15,2) NOT NULL,
  `discount_type` varchar(25) NOT NULL,
  `discount_price` decimal(15,2) NOT NULL,
  `total_price` decimal(15,2) NOT NULL,
  `referred_by` varchar(50) NOT NULL,
  `visit_type` varchar(25) NOT NULL,
  `remarks` longtext NOT NULL,
  `prescription_document` varchar(255) NOT NULL,
  `diagnosis_document` varchar(255) NOT NULL,
  `date` varchar(25) NOT NULL,
  `login_type` varchar(255) NOT NULL,
  `patient_status` varchar(255) NOT NULL
) ENGINE=InnoDB DEFAULT CHARSET=utf8mb4 COLLATE=utf8mb4_general_ci;

--
-- Dumping data for table `patient_consultation_history`
--

INSERT INTO `patient_consultation_history` (`id`, `patient_id`, `consultation_name`, `qty`, `price`, `discount_type`, `discount_price`, `total_price`, `referred_by`, `visit_type`, `remarks`, `prescription_document`, `diagnosis_document`, `date`, `login_type`, `patient_status`) VALUES
(1, 1, 'Consultation Charge', 1, 500.00, '', 0.00, 500.00, 'self', 'walk-in', '', '', '', '26-09-2023', 'admin', 'new'),
(3, 3, 'Consultation Charge', 1, 500.00, '', 0.00, 500.00, 'self', 'walk-in', '', '', '', '26-09-2023', 'admin', 'new'),
(4, 4, 'Consultation Charge', 1, 500.00, '', 0.00, 500.00, 'self', 'walk-in', '', '', '', '27-09-2023', 'admin', 'new'),
(5, 5, 'Consultation Charge', 1, 500.00, '', 0.00, 500.00, 'self', 'walk-in', '', '', '', '28-09-2023', 'admin', 'new'),
(6, 6, 'Consultation Charge', 1, 500.00, '', 0.00, 500.00, 'self', 'walk-in', '', '', '', '28-09-2023', 'admin', 'new'),
(7, 7, 'Consultation Charge', 1, 500.00, 'fixed', 500.00, 0.00, 'self', 'appointment', '', '', '', '28-09-2023', 'admin', 'new'),
(8, 8, 'Consultation Charge', 1, 500.00, '', 0.00, 500.00, 'self', 'walk-in', '', '', '', '28-09-2023', 'admin', 'new'),
(9, 7, 'Consultation Charge', 1, 500.00, 'fixed', 500.00, 0.00, 'self', 'appointment', '', '', '', '29-09-2023', 'admin', 'existing'),
(10, 5, 'Consultation Charge', 1, 500.00, '', 0.00, 500.00, 'self', 'walk-in', '', '', '', '29-09-2023', 'admin', 'existing'),
(11, 7, 'Consultation Charge', 1, 500.00, 'fixed', 500.00, 0.00, 'self', 'appointment', '', '', '', '03-10-2023', 'admin', 'existing'),
(12, 9, 'Consultation Charge', 1, 500.00, '', 0.00, 500.00, 'self', 'appointment', '', '', '', '03-10-2023', 'admin', 'new'),
(13, 10, 'Consultation Charge', 1, 500.00, 'fixed', 500.00, 0.00, 'self', 'walk-in', '', '', '', '03-10-2023', 'admin', 'new'),
(14, 11, 'Consultation Charge', 1, 1000.00, 'fixed', 1000.00, 0.00, 'self', 'appointment', '', '', '', '28-10-2023', 'admin', 'new'),
(15, 12, 'Consultation Charge', 1, 500.00, '', 0.00, 500.00, 'self', 'walk-in', '', '', '', '01-11-2023', 'admin', 'new'),
(16, 13, 'Consultation Charge', 1, 0.00, '', 0.00, 0.00, 'self', 'walk-in', '', '', '', '01-11-2023', 'admin', 'new'),
(18, 14, 'Consultation Charge', 1, 0.00, '', 0.00, 0.00, 'self', 'walk-in', '', '', '', '13-11-2023', 'admin', 'new'),
(19, 15, 'Consultation Charge', 1, 0.00, '', 0.00, 0.00, 'self', 'walk-in', '', '', '', '14-11-2023', 'admin', 'new'),
(20, 16, 'Consultation Charge', 1, 0.00, '', 0.00, 0.00, 'self', 'walk-in', '', '', '', '15-11-2023', 'admin', 'new'),
(21, 17, 'Consultation Charge', 1, 0.00, '', 0.00, 0.00, 'self', 'walk-in', '', '', '', '12-12-2023', 'admin', 'new'),
(22, 18, 'Consultation Charge', 1, 0.00, '', 0.00, 0.00, 'self', 'walk-in', '', '', '', '10-02-2024', 'admin', 'new'),
(23, 19, 'Consultation Charge', 1, 0.00, '', 0.00, 0.00, 'self', 'walk-in', '', '', '', '13-02-2024', 'admin', 'new'),
(24, 20, 'Consultation Charge', 1, 0.00, '', 0.00, 0.00, 'self', 'appointment', '', '', '', '17-02-2024', 'admin', 'new'),
(25, 21, 'Consultation Charge', 1, 500.00, '', 0.00, 500.00, 'self', 'appointment', '', '', '', '19-02-2024', 'admin', 'new'),
(26, 22, 'Consultation Charge', 1, 500.00, '', 0.00, 500.00, 'self', 'appointment', '', '', '', '19-02-2024', 'admin', 'new'),
(28, 23, 'Consultation Charge', 1, 500.00, '', 0.00, 500.00, 'self', 'walk-in', '', '', '', '01-03-2024', 'admin', 'new'),
(29, 24, 'Consultation Charge', 1, 500.00, '', 0.00, 500.00, 'self', 'walk-in', '', '', '', '02-03-2024', 'admin', 'new'),
(30, 25, 'Consultation Charge', 1, 0.00, '', 0.00, 0.00, 'self', 'walk-in', '', '', '', '06-03-2024', 'admin', 'new'),
(31, 26, 'Consultation Charge', 1, 0.00, '', 0.00, 0.00, 'self', 'appointment', '', '', '', '21-03-2024', 'admin', 'new'),
(32, 27, 'Consultation Charge', 1, 500.00, '', 0.00, 500.00, 'self', 'appointment', '', '', '', '22-03-2024', 'admin', 'new'),
(33, 28, 'Consultation Charge', 1, 0.00, '', 0.00, 0.00, 'self', 'appointment', '', '', '', '29-03-2024', 'admin', 'new'),
(34, 29, 'Consultation Charge', 1, 0.00, '', 0.00, 0.00, 'self', 'appointment', '', '', '', '30-03-2024', 'admin', 'new'),
(35, 30, 'Consultation Charge', 1, 0.00, '', 0.00, 0.00, 'self', 'appointment', '', '', '', '01-04-2024', 'admin', 'new'),
(36, 31, 'Consultation Charge', 1, 0.00, '', 0.00, 0.00, 'self', 'appointment', '', '', '', '03-04-2024', 'admin', 'new'),
(37, 32, 'Consultation Charge', 1, 0.00, '', 0.00, 0.00, 'self', 'appointment', '', '', '', '08-04-2024', 'admin', 'new'),
(38, 33, 'Consultation Charge', 1, 0.00, '', 0.00, 0.00, 'manas ranjan nayak', 'appointment', '', '', '', '15-04-2024', 'admin', 'new'),
(39, 34, 'Consultation Charge', 1, 0.00, '', 0.00, 0.00, 'self', 'appointment', '', '', '', '17-04-2024', 'admin', 'new'),
(40, 35, 'Consultation Charge', 1, 0.00, '', 0.00, 0.00, 'Dr Abhisek', 'walk-in', '', '', '', '25-04-2024', 'admin', 'new'),
(41, 36, 'Consultation Charge', 1, 0.00, '', 0.00, 0.00, 'DR. NISHIKANTA PARDHAN', 'appointment', '', '', '', '03-05-2024', 'admin', 'new'),
(42, 37, 'Consultation Charge', 1, 0.00, '', 0.00, 0.00, 'self', 'appointment', '', '', '', '06-05-2024', 'admin', 'new'),
(43, 38, 'Consultation Charge', 1, 0.00, '', 0.00, 0.00, 'DR.RANJIT KUMAR JOSHI', 'appointment', '', '', '', '22-05-2024', 'admin', 'new'),
(44, 39, 'Consultation Charge', 1, 0.00, '', 0.00, 0.00, 'DR.SIBA PATTNAIK', 'appointment', '', '', '', '23-05-2024', 'admin', 'new'),
(45, 40, 'Consultation Charge', 1, 0.00, '', 0.00, 0.00, 'self', 'walk-in', '', '', '', '01-06-2024', 'admin', 'new'),
(46, 41, 'Consultation Charge', 1, 0.00, '', 0.00, 0.00, 'self', 'walk-in', '', '', '', '11-06-2024', 'admin', 'new'),
(47, 42, 'Consultation Charge', 1, 0.00, '', 0.00, 0.00, 'ABRAR', 'walk-in', '', '', '', '14-06-2024', 'admin', 'new'),
(48, 43, 'Consultation Charge', 1, 0.00, '', 0.00, 0.00, 'ABRAR', 'walk-in', '', '', '', '14-06-2024', 'admin', 'new'),
(49, 44, 'Consultation Charge', 1, 0.00, '', 0.00, 0.00, 'abrar', 'appointment', '', '', '', '14-06-2024', 'admin', 'new'),
(50, 45, 'Consultation Charge', 1, 0.00, '', 0.00, 0.00, 'DR. DEEPAK RANJAN NAYAK ', 'appointment', '', '', '', '21-06-2024', 'admin', 'new'),
(51, 46, 'Consultation Charge', 1, 1000.00, '', 0.00, 1000.00, 'self', 'walk-in', 'Trial', '', '', '25-06-2024', 'admin', 'new'),
(52, 47, 'Consultation Charge', 1, 0.00, '', 0.00, 0.00, 'camp', 'walk-in', '', '', '', '28-06-2024', 'admin', 'new'),
(53, 48, 'Consultation Charge', 1, 0.00, '', 0.00, 0.00, 'camp', 'walk-in', '', '', '', '28-06-2024', 'admin', 'new'),
(54, 49, 'Consultation Charge', 1, 0.00, '', 0.00, 0.00, 'self', 'walk-in', '', '', '', '28-06-2024', 'admin', 'new'),
(55, 50, 'Consultation Charge', 1, 0.00, '', 0.00, 0.00, 'camp', 'walk-in', '', '', '', '28-06-2024', 'admin', 'new'),
(56, 51, 'Consultation Charge', 1, 0.00, '', 0.00, 0.00, 'camp', 'walk-in', '', '', '', '28-06-2024', 'admin', 'new'),
(57, 52, 'Consultation Charge', 1, 0.00, '', 0.00, 0.00, 'camp', 'walk-in', '', '', '', '28-06-2024', 'admin', 'new'),
(58, 53, 'Consultation Charge', 1, 0.00, '', 0.00, 0.00, 'camp', 'walk-in', '', '', '', '28-06-2024', 'admin', 'new'),
(59, 54, 'Consultation Charge', 1, 0.00, '', 0.00, 0.00, 'camp', 'walk-in', '', '', '', '28-06-2024', 'admin', 'new'),
(60, 55, 'Consultation Charge', 1, 0.00, '', 0.00, 0.00, 'camp', 'walk-in', '', '', '', '28-06-2024', 'admin', 'new'),
(61, 56, 'Consultation Charge', 1, 0.00, '', 0.00, 0.00, 'camp', 'walk-in', '', '', '', '28-06-2024', 'admin', 'new'),
(62, 57, 'Consultation Charge', 1, 0.00, '', 0.00, 0.00, 'camp', 'walk-in', '', '', '', '28-06-2024', 'admin', 'new'),
(63, 58, 'Consultation Charge', 1, 0.00, '', 0.00, 0.00, 'camp', 'walk-in', '', '', '', '28-06-2024', 'admin', 'new'),
(64, 59, 'Consultation Charge', 1, 0.00, '', 0.00, 0.00, 'camp', 'walk-in', '', '', '', '28-06-2024', 'admin', 'new'),
(65, 60, 'Consultation Charge', 1, 0.00, '', 0.00, 0.00, 'camp', 'walk-in', '', '', '', '28-06-2024', 'admin', 'new'),
(66, 61, 'Consultation Charge', 1, 0.00, '', 0.00, 0.00, 'camp', 'walk-in', '', '', '', '28-06-2024', 'admin', 'new'),
(67, 62, 'Consultation Charge', 1, 0.00, '', 0.00, 0.00, 'camp', 'walk-in', '', '', '', '28-06-2024', 'admin', 'new'),
(68, 63, 'Consultation Charge', 1, 0.00, '', 0.00, 0.00, 'self', 'appointment', '', '', '', '05-07-2024', 'admin', 'new'),
(69, 64, 'Consultation Charge', 1, 0.00, '', 0.00, 0.00, 'self', 'appointment', '', '', '', '05-07-2024', 'admin', 'new'),
(70, 65, 'Consultation Charge', 1, 0.00, '', 0.00, 0.00, 'self', 'appointment', '', '', '', '07-07-2024', 'admin', 'new'),
(71, 66, 'Consultation Charge', 1, 0.00, '', 0.00, 0.00, 'radhamadhaba sahu', 'appointment', '', '', '', '09-07-2024', 'admin', 'new'),
(72, 67, 'Consultation Charge', 1, 0.00, '', 0.00, 0.00, 'self', 'appointment', '', '', '', '10-07-2024', 'admin', 'new'),
(73, 68, 'Consultation Charge', 1, 0.00, '', 0.00, 0.00, 'self', 'appointment', '', '', '', '15-07-2024', 'admin', 'new'),
(74, 69, 'Consultation Charge', 1, 0.00, '', 0.00, 0.00, 'DR.NARESH KU MAHAPATRA', 'walk-in', '', '', '', '16-07-2024', 'admin', 'new'),
(75, 70, 'Consultation Charge', 1, 0.00, '', 0.00, 0.00, 'DR.KHAGESWAR ROUT ', 'appointment', '', '', '', '20-07-2024', 'admin', 'new'),
(76, 71, 'Consultation Charge', 1, 1400.00, '', 0.00, 1400.00, 'self', 'appointment', '', '', '', '22-07-2024', 'admin', 'new'),
(77, 72, 'Consultation Charge', 1, 1400.00, '', 0.00, 1400.00, 'self', 'appointment', '', '', '', '22-07-2024', 'admin', 'new'),
(78, 73, 'Consultation Charge', 1, 0.00, '', 0.00, 0.00, 'self', 'appointment', '', '', '', '23-07-2024', 'admin', 'new'),
(79, 74, 'Consultation Charge', 1, 0.00, '', 0.00, 0.00, 'DR.KHAGESWAR ROUT ', 'appointment', '', '', '', '24-07-2024', 'admin', 'new'),
(80, 75, 'Consultation Charge', 1, 0.00, '', 0.00, 0.00, 'DR.MANAS RANJAN NAYAK', 'appointment', '', '', '', '24-07-2024', 'admin', 'new'),
(81, 76, 'Consultation Charge', 1, 0.00, '', 0.00, 0.00, 'self', 'walk-in', '', '', '', '26-07-2024', 'admin', 'new'),
(82, 77, 'Consultation Charge', 1, 500.00, '', 0.00, 500.00, 'self', 'appointment', '', '', '', '27-07-2024', 'admin', 'new'),
(83, 78, 'Consultation Charge', 1, 0.00, '', 0.00, 0.00, 'self', 'appointment', '', '', '', '29-07-2024', 'admin', 'new'),
(84, 79, 'Consultation Charge', 1, 0.00, '', 0.00, 0.00, 'self', 'appointment', '', '', '', '29-07-2024', 'admin', 'new'),
(85, 80, 'Consultation Charge', 1, 0.00, '', 0.00, 0.00, 'Dr Sanjeev Gupta', 'appointment', '', '', '', '30-07-2024', 'admin', 'new'),
(86, 81, 'Consultation Charge', 1, 0.00, '', 0.00, 0.00, 'DR NISHAN', 'appointment', '', '', '', '31-07-2024', 'admin', 'new'),
(87, 82, 'Consultation Charge', 1, 0.00, '', 0.00, 0.00, 'DR. NISHIKANTA PARDHAN', 'appointment', '', '', '', '01-08-2024', 'admin', 'new'),
(88, 83, 'Consultation Charge', 1, 0.00, '', 0.00, 0.00, 'DR Subrat Patra', 'appointment', '', '', '', '05-08-2024', 'admin', 'new'),
(89, 84, 'Consultation Charge', 1, 0.00, '', 0.00, 0.00, 'DR.KHAGESWAR ROUT ', 'appointment', '', '', '', '09-08-2024', 'admin', 'new'),
(90, 85, 'Consultation Charge', 1, 600.00, '', 0.00, 600.00, 'self', 'walk-in', '', '', '', '12-08-2024', 'admin', 'new'),
(91, 86, 'Consultation Charge', 1, 0.00, '', 0.00, 0.00, 'DR.KHAGESWAR ROUT ', 'appointment', '', '', '', '16-08-2024', 'admin', 'new'),
(92, 87, 'Consultation Charge', 1, 0.00, '', 0.00, 0.00, 'self', 'appointment', '', '', '', '19-08-2024', 'admin', 'new'),
(93, 88, 'Consultation Charge', 1, 0.00, '', 0.00, 0.00, 'DR. NISHIKANTA PARDHAN', 'appointment', '', '', '', '19-08-2024', 'admin', 'new'),
(94, 89, 'Consultation Charge', 1, 0.00, '', 0.00, 0.00, 'DR.MANAS RANJAN NAYAK', 'appointment', '', '', '', '21-08-2024', 'admin', 'new'),
(95, 90, 'Consultation Charge', 1, 0.00, '', 0.00, 0.00, 'Dr Rohit Agarwal', 'appointment', '', '', '', '26-08-2024', 'admin', 'new'),
(96, 91, 'Consultation Charge', 1, 0.00, '', 0.00, 0.00, 'self', 'appointment', '', '', '', '26-08-2024', 'admin', 'new'),
(97, 92, 'Consultation Charge', 1, 0.00, '', 0.00, 0.00, 'DR.KHAGESWAR ROUT ', 'appointment', '', '', '', '26-08-2024', 'admin', 'new'),
(98, 95, 'Consultation Charge', 1, 0.00, '', 0.00, 0.00, 'Hear.com', 'appointment', '', '', '', '29-08-2024', 'admin', 'new'),
(99, 96, 'Consultation Charge', 1, 0.00, '', 0.00, 0.00, 'Hear.com', 'appointment', '', '', '', '29-08-2024', 'admin', 'new'),
(100, 97, 'Consultation Charge', 1, 500.00, '', 0.00, 500.00, 'Dr Rohit Agarwal', 'appointment', '', '', '', '30-08-2024', 'admin', 'new'),
(101, 98, 'Consultation Charge', 1, 0.00, '', 0.00, 0.00, 'DR.KHAGESWAR ROUT ', 'appointment', '', '', '', '02-09-2024', 'admin', 'new'),
(102, 99, 'Consultation Charge', 1, 0.00, '', 0.00, 0.00, 'DR NISHANT PANDA', 'appointment', '', '', '', '03-09-2024', 'admin', 'new'),
(103, 100, 'Consultation Charge', 1, 0.00, '', 0.00, 0.00, 'DR. NISHIKANTA PARDHAN', 'appointment', '', '', '', '06-09-2024', 'admin', 'new'),
(104, 101, 'Consultation Charge', 1, 0.00, '', 0.00, 0.00, 'self', 'appointment', '', '', '', '10-09-2024', 'admin', 'new'),
(105, 102, 'Consultation Charge', 1, 0.00, '', 0.00, 0.00, 'DR.KHAGESWAR ROUT ', 'appointment', '', '', '', '11-09-2024', 'admin', 'new'),
(106, 103, 'Consultation Charge', 1, 0.00, '', 0.00, 0.00, 'DR.MANAS RANJAN NAYAK', 'appointment', '', '', '', '16-09-2024', 'admin', 'new'),
(107, 104, 'Consultation Charge', 1, 0.00, '', 0.00, 0.00, 'DR.KHAGESWAR ROUT ', 'appointment', '', '', '', '16-09-2024', 'admin', 'new'),
(108, 105, 'Consultation Charge', 1, 0.00, '', 0.00, 0.00, 'DR.MANAS RANJAN NAYAK', 'appointment', '', '', '', '16-09-2024', 'admin', 'new'),
(109, 106, 'Consultation Charge', 1, 0.00, '', 0.00, 0.00, 'DR NISHANT PANDA', 'appointment', '', '', '', '17-09-2024', 'admin', 'new'),
(110, 107, 'Consultation Charge', 1, 0.00, '', 0.00, 0.00, 'Hear.com', 'appointment', '', '', '', '17-09-2024', 'admin', 'new'),
(111, 108, 'Consultation Charge', 1, 0.00, '', 0.00, 0.00, 'Hear.com', 'appointment', '', '', '', '21-09-2024', 'admin', 'new'),
(112, 109, 'Consultation Charge', 1, 0.00, '', 0.00, 0.00, 'self', 'appointment', '', '', '', '25-09-2024', 'admin', 'new'),
(113, 110, 'Consultation Charge', 1, 0.00, '', 0.00, 0.00, 'DR.KHAGESWAR ROUT ', 'appointment', '', '', '', '27-09-2024', 'admin', 'new'),
(114, 111, 'Consultation Charge', 1, 0.00, '', 0.00, 0.00, 'Hear.com', 'appointment', '', '', '', '28-09-2024', 'admin', 'new'),
(115, 112, 'Consultation Charge', 1, 0.00, '', 0.00, 0.00, 'Hear.com', 'appointment', '', '', '', '28-09-2024', 'admin', 'new'),
(116, 113, 'Consultation Charge', 1, 0.00, '', 0.00, 0.00, 'Dr Dipak Ranjan Nayak', 'appointment', '', '', '', '30-09-2024', 'admin', 'new'),
(117, 114, 'Consultation Charge', 1, 0.00, '', 0.00, 0.00, 'DR Subrat Patra', 'appointment', '', '', '', '03-10-2024', 'admin', 'new'),
(118, 115, 'Consultation Charge', 1, 0.00, '', 0.00, 0.00, 'Hear.com', 'appointment', '', '', '', '04-10-2024', 'admin', 'new'),
(119, 116, 'Consultation Charge', 1, 0.00, '', 0.00, 0.00, 'Hear.com', 'appointment', '', '', '', '05-10-2024', 'admin', 'new'),
(120, 117, 'Consultation Charge', 1, 0.00, '', 0.00, 0.00, 'DR. SATYANJAY SAHOO', 'appointment', '', '', '', '05-10-2024', 'admin', 'new'),
(121, 118, 'Consultation Charge', 1, 0.00, '', 0.00, 0.00, 'Dr Sangram Kesari Das', 'appointment', '', '', '', '07-10-2024', 'admin', 'new'),
(123, 120, 'Consultation Charge', 1, 0.00, '', 0.00, 0.00, 'self', 'walk-in', '', '', '', '08-10-2024', 'admin', 'new'),
(124, 121, 'Consultation Charge', 1, 0.00, '', 0.00, 0.00, 'self', 'walk-in', '', '', '', '08-10-2024', 'admin', 'new'),
(125, 122, 'Consultation Charge', 1, 0.00, '', 0.00, 0.00, 'self', 'walk-in', '', '', '', '08-10-2024', 'admin', 'new'),
(126, 123, 'Consultation Charge', 1, 0.00, '', 0.00, 0.00, 'self', 'appointment', '', '', '', '09-10-2024', 'admin', 'new'),
(127, 124, 'Consultation Charge', 1, 0.00, '', 0.00, 0.00, 'DR NISHANT PANDA', 'appointment', '', '', '', '09-10-2024', 'admin', 'new');

-- --------------------------------------------------------

--
-- Table structure for table `patient_diagnosis`
--

CREATE TABLE `patient_diagnosis` (
  `id` int(11) NOT NULL,
  `patient_id` int(11) NOT NULL,
  `diagnosis_id` text NOT NULL,
  `diagnosis_document` varchar(255) NOT NULL,
  `date` date NOT NULL,
  `login_type` varchar(20) NOT NULL,
  `sum_total_price` decimal(15,2) DEFAULT NULL,
  `payment_status` varchar(20) NOT NULL,
  `payment_mode_id` int(11) DEFAULT NULL,
  `referral_status` varchar(25) NOT NULL DEFAULT 'pending',
  `referral_date` varchar(25) NOT NULL,
  `referral_doctor` varchar(25) NOT NULL,
  `status` varchar(25) NOT NULL
) ENGINE=InnoDB DEFAULT CHARSET=utf8mb4 COLLATE=utf8mb4_unicode_ci;

--
-- Dumping data for table `patient_diagnosis`
--

INSERT INTO `patient_diagnosis` (`id`, `patient_id`, `diagnosis_id`, `diagnosis_document`, `date`, `login_type`, `sum_total_price`, `payment_status`, `payment_mode_id`, `referral_status`, `referral_date`, `referral_doctor`, `status`) VALUES
(3, 5, '[{\"diagnosis_id\":\"2\",\"quantity\":\"1\",\"diagnosis_price\":\"700\",\"discount_type\":\"fixed\",\"discount_price\":\"70\",\"total_price\":\"630.00\"}]', '', '2023-09-28', 'admin', 630.00, 'paid', 1, 'pending', '', '', ''),
(4, 6, '[{\"diagnosis_id\":\"1\",\"quantity\":\"1\",\"diagnosis_price\":\"500\",\"discount_type\":\"fixed\",\"discount_price\":\"490\",\"total_price\":\"10.00\"}]', '', '2023-09-28', 'admin', 10.00, 'paid', 1, 'pending', '', '', ''),
(5, 7, '[{\"diagnosis_id\":\"1\",\"quantity\":\"1\",\"diagnosis_price\":\"500\",\"discount_type\":\"fixed\",\"discount_price\":\"\",\"total_price\":\"500.00\"}]', '', '2023-09-28', 'admin', 500.00, 'paid', 1, 'pending', '', '', ''),
(8, 7, '[{\"diagnosis_id\":\"1\",\"quantity\":\"1\",\"diagnosis_price\":\"500\",\"discount_type\":\"fixed\",\"discount_price\":\"500\",\"total_price\":\"0.00\"}]', '', '2023-09-29', 'admin', NULL, 'paid', 1, 'pending', '', '', ''),
(9, 7, '[{\"diagnosis_id\":\"3\",\"quantity\":\"1\",\"diagnosis_price\":\"2500\",\"discount_type\":\"Null\",\"discount_price\":\"500\",\"total_price\":\"2000.00\"}]', '', '2023-10-03', 'admin', 2000.00, 'paid', 1, 'pending', '', '', ''),
(11, 9, '[{\"diagnosis_id\":\"2\",\"quantity\":\"1\",\"diagnosis_price\":\"700\",\"discount_type\":\"fixed\",\"discount_price\":\"700\",\"total_price\":\"0.00\"}]', '', '2023-10-03', 'admin', NULL, 'paid', 1, 'pending', '', '', ''),
(21, 1, '[{\"diagnosis_id\":\"1\",\"quantity\":\"1\",\"diagnosis_price\":\"500\",\"discount_type\":\"fixed\",\"discount_price\":\"500\",\"total_price\":\"0.00\"}]', '', '2023-11-15', 'admin', NULL, 'paid', NULL, 'pending', '', '', ''),
(22, 2, '[{\"diagnosis_id\":\"1\",\"quantity\":\"1\",\"diagnosis_price\":\"500\",\"discount_type\":\"fixed\",\"discount_price\":\"500\",\"total_price\":\"0.00\"}]', '', '2024-02-26', 'admin', NULL, 'paid', 4, 'pending', '', '', ''),
(30, 13, '[{\"diagnosis_id\":\"1\",\"quantity\":\"1\",\"diagnosis_price\":\"500\",\"discount_type\":\"fixed\",\"discount_price\":\"500\",\"total_price\":\"0.00\"}]', '', '2023-01-11', 'admin', NULL, 'paid', NULL, 'pending', '', '', ''),
(37, 11, '[{\"diagnosis_id\":\"1\",\"quantity\":\"1\",\"diagnosis_price\":\"500\",\"discount_type\":\"fixed\",\"discount_price\":\"500\",\"total_price\":\"0.00\"}]', '', '2023-02-07', 'admin', NULL, 'paid', NULL, 'pending', '', '', ''),
(39, 16, '[{\"diagnosis_id\":\"1\",\"quantity\":\"1\",\"diagnosis_price\":\"500\",\"discount_type\":\"fixed\",\"discount_price\":\"500\",\"total_price\":\"0.00\"}]', '', '2024-11-15', 'admin', NULL, 'paid', NULL, 'pending', '', '', ''),
(40, 18, '[{\"diagnosis_id\":\"1\",\"quantity\":\"1\",\"diagnosis_price\":\"500\",\"discount_type\":\"fixed\",\"discount_price\":\"500\",\"total_price\":\"0.00\"}]', '', '2024-02-10', 'admin', NULL, 'paid', NULL, 'pending', '', '', ''),
(41, 19, '[{\"diagnosis_id\":\"1\",\"quantity\":\"1\",\"diagnosis_price\":\"500\",\"discount_type\":\"fixed\",\"discount_price\":\"500\",\"total_price\":\"0.00\"}]', '', '2024-02-13', 'admin', NULL, 'paid', NULL, 'pending', '', '', ''),
(42, 20, '[{\"diagnosis_id\":\"1\",\"quantity\":\"1\",\"diagnosis_price\":\"500\",\"discount_type\":\"fixed\",\"discount_price\":\"500\",\"total_price\":\"0.00\"}]', '', '2024-02-17', 'admin', NULL, 'paid', NULL, 'pending', '', '', ''),
(43, 21, '[{\"diagnosis_id\":\"1\",\"quantity\":\"1\",\"diagnosis_price\":\"500\",\"discount_type\":\"fixed\",\"discount_price\":\"0\",\"total_price\":\"500.00\"}]', '', '2024-02-19', 'admin', 500.00, 'paid', 1, 'pending', '', '', ''),
(44, 22, '[{\"diagnosis_id\":\"1\",\"quantity\":\"1\",\"diagnosis_price\":\"500\",\"discount_type\":\"fixed\",\"discount_price\":\"0\",\"total_price\":\"500.00\"}]', '', '2024-02-19', 'admin', 500.00, 'paid', 1, 'pending', '', '', ''),
(45, 23, '[{\"diagnosis_id\":\"1\",\"quantity\":\"1\",\"diagnosis_price\":\"500\",\"discount_type\":\"fixed\",\"discount_price\":\"\",\"total_price\":\"500.00\"}]', '', '2024-03-01', 'admin', 500.00, 'unpaid', 1, 'pending', '', '', ''),
(46, 26, '[{\"diagnosis_id\":\"1\",\"quantity\":\"1\",\"diagnosis_price\":\"500\",\"discount_type\":\"fixed\",\"discount_price\":\"0\",\"total_price\":\"500.00\"}]', '', '2024-03-21', 'admin', 500.00, 'paid', 1, 'Done', '09-05-2024', 'DR. DEEPAK RANJAN NAYAK ', 'Paid'),
(53, 30, '[{\"diagnosis_id\":\"1\",\"quantity\":\"1\",\"diagnosis_price\":\"500\",\"discount_type\":\"fixed\",\"discount_price\":\"0\",\"total_price\":\"500.00\"},{\"diagnosis_id\":\"2\",\"quantity\":\"1\",\"diagnosis_price\":\"700\",\"discount_type\":\"fixed\",\"discount_price\":\"0\",\"total_price\":\"700.00\"}]', '', '2024-04-01', 'admin', 1200.00, 'paid', NULL, 'pending', '', '', ''),
(58, 29, '[{\"diagnosis_id\":\"4\",\"quantity\":\"1\",\"diagnosis_price\":\"900\",\"discount_type\":\"Null\",\"discount_price\":\"\",\"total_price\":\"900.00\"}]', '', '2024-03-30', 'admin', 900.00, 'paid', 1, 'Done', '09-05-2024', 'DR.MANAS RANJAN NAYAK', 'Paid'),
(59, 32, '[{\"diagnosis_id\":\"1\",\"quantity\":\"1\",\"diagnosis_price\":\"600\",\"discount_type\":\"fixed\",\"discount_price\":\"0\",\"total_price\":\"600.00\"}]', '', '2024-04-08', 'admin', 600.00, 'paid', NULL, 'Done', '09-05-2024', 'DR. NISHIKANTA PARDHAN', 'Paid'),
(60, 34, '[{\"diagnosis_id\":\"1\",\"quantity\":\"1\",\"diagnosis_price\":\"500\",\"discount_type\":\"fixed\",\"discount_price\":\"0\",\"total_price\":\"500.00\"}]', '', '2024-04-17', 'admin', 500.00, 'paid', NULL, 'pending', '', '', ''),
(61, 35, '[{\"diagnosis_id\":\"1\",\"quantity\":\"1\",\"diagnosis_price\":\"500\",\"discount_type\":\"fixed\",\"discount_price\":\"500\",\"total_price\":\"0.00\"}]', '', '2024-04-25', 'admin', NULL, 'paid', 1, 'pending', '', '', ''),
(62, 27, '[{\"diagnosis_id\":\"1\",\"quantity\":\"1\",\"diagnosis_price\":\"500\",\"discount_type\":\"fixed\",\"discount_price\":\"600\",\"total_price\":\"-100.00\"}]', '', '2024-05-06', 'admin', -100.00, 'paid', 1, 'Done', '09-05-2024', 'DR. NISHIKANTA PARDHAN', 'Paid'),
(63, 24, '[{\"diagnosis_id\":\"1\",\"quantity\":\"1\",\"diagnosis_price\":\"500\",\"discount_type\":\"fixed\",\"discount_price\":\"0\",\"total_price\":\"500.00\"}]', '', '2024-03-02', 'admin', 500.00, 'paid', 1, 'Done', '09-05-2024', 'DR.SURYAKANTA PRADHAN', 'Paid'),
(64, 38, '[{\"diagnosis_id\":\"4\",\"quantity\":\"1\",\"diagnosis_price\":\"900\",\"discount_type\":\"Null\",\"discount_price\":\"0\",\"total_price\":\"900.00\"}]', '', '2024-05-20', 'admin', 900.00, 'paid', 2, 'pending', '', '', ''),
(65, 39, '[{\"diagnosis_id\":\"4\",\"quantity\":\"1\",\"diagnosis_price\":\"900\",\"discount_type\":\"Null\",\"discount_price\":\"0\",\"total_price\":\"900.00\"}]', '', '2024-05-19', 'admin', 900.00, 'paid', 1, 'pending', '', '', ''),
(66, 31, '[{\"diagnosis_id\":\"1\",\"quantity\":\"1\",\"diagnosis_price\":\"0\",\"discount_type\":\"fixed\",\"discount_price\":\"0\",\"total_price\":\"0.00\"}]', '', '2024-04-03', 'admin', NULL, 'paid', NULL, 'pending', '', '', ''),
(67, 42, '[{\"diagnosis_id\":\"4\",\"quantity\":\"1\",\"diagnosis_price\":\"900\",\"discount_type\":\"Null\",\"discount_price\":\"0\",\"total_price\":\"900.00\"}]', '', '2024-06-14', 'admin', 900.00, 'paid', 2, 'pending', '', '', ''),
(70, 43, '[{\"diagnosis_id\":\"1\",\"quantity\":\"1\",\"diagnosis_price\":\"500\",\"discount_type\":\"fixed\",\"discount_price\":\"\",\"total_price\":\"500.00\"}]', '', '2024-06-14', 'admin', 500.00, 'paid', 2, 'pending', '', '', ''),
(71, 45, '[{\"diagnosis_id\":\"1\",\"quantity\":\"1\",\"diagnosis_price\":\"600\",\"discount_type\":\"fixed\",\"discount_price\":\"0\",\"total_price\":\"600.00\"}]', '', '2024-06-21', 'admin', 600.00, 'paid', 1, 'pending', '', '', ''),
(73, 46, '[{\"diagnosis_id\":\"1\",\"quantity\":\"1\",\"diagnosis_price\":\"600\",\"discount_type\":\"fixed\",\"discount_price\":\"0\",\"total_price\":\"600.00\"}]', '', '2024-06-25', 'admin', 600.00, 'paid', NULL, 'pending', '', '', ''),
(74, 48, '[{\"diagnosis_id\":\"1\",\"quantity\":\"1\",\"diagnosis_price\":\"0\",\"discount_type\":\"fixed\",\"discount_price\":\"0\",\"total_price\":\"0.00\"}]', '', '2024-05-12', 'admin', NULL, 'paid', NULL, 'pending', '', '', ''),
(75, 47, '[{\"diagnosis_id\":\"1\",\"quantity\":\"1\",\"diagnosis_price\":\"0\",\"discount_type\":\"fixed\",\"discount_price\":\"0\",\"total_price\":\"0.00\"}]', '', '2024-05-12', 'admin', NULL, 'paid', NULL, 'pending', '', '', ''),
(76, 49, '[{\"diagnosis_id\":\"1\",\"quantity\":\"1\",\"diagnosis_price\":\"0\",\"discount_type\":\"fixed\",\"discount_price\":\"\",\"total_price\":\"0.00\"}]', '', '2024-05-12', 'admin', NULL, 'paid', NULL, 'pending', '', '', ''),
(77, 50, '[{\"diagnosis_id\":\"1\",\"quantity\":\"1\",\"diagnosis_price\":\"0\",\"discount_type\":\"fixed\",\"discount_price\":\"0\",\"total_price\":\"0.00\"}]', '', '2024-04-28', 'admin', NULL, 'paid', NULL, 'pending', '', '', ''),
(78, 52, '[{\"diagnosis_id\":\"1\",\"quantity\":\"1\",\"diagnosis_price\":\"0\",\"discount_type\":\"fixed\",\"discount_price\":\"0\",\"total_price\":\"0.00\"}]', '', '2024-04-28', 'admin', NULL, 'paid', NULL, 'pending', '', '', ''),
(79, 64, '[{\"diagnosis_id\":\"1\",\"quantity\":\"1\",\"diagnosis_price\":\"500\",\"discount_type\":\"fixed\",\"discount_price\":\"0\",\"total_price\":\"500.00\"}]', '', '2024-07-05', 'admin', 500.00, 'paid', NULL, 'pending', '', '', ''),
(80, 70, '[{\"diagnosis_id\":\"1\",\"quantity\":\"1\",\"diagnosis_price\":\"350\",\"discount_type\":\"fixed\",\"discount_price\":\"0\",\"total_price\":\"350.00\"},{\"diagnosis_id\":\"2\",\"quantity\":\"1\",\"diagnosis_price\":\"450\",\"discount_type\":\"fixed\",\"discount_price\":\"0\",\"total_price\":\"450.00\"}]', '', '2024-07-20', 'admin', 800.00, 'paid', NULL, 'pending', '', '', ''),
(82, 70, '[{\"diagnosis_id\":\"1\",\"quantity\":\"1\",\"diagnosis_price\":\"350\",\"discount_type\":\"fixed\",\"discount_price\":\"\",\"total_price\":\"350.00\"},{\"diagnosis_id\":\"2\",\"quantity\":\"1\",\"diagnosis_price\":\"450\",\"discount_type\":\"fixed\",\"discount_price\":\"\",\"total_price\":\"450.00\"}]', '', '2024-07-24', 'admin', 800.00, 'paid', 4, 'pending', '', '', ''),
(83, 71, '[{\"diagnosis_id\":\"1\",\"quantity\":\"1\",\"diagnosis_price\":\"600\",\"discount_type\":\"fixed\",\"discount_price\":\"\",\"total_price\":\"600.00\"},{\"diagnosis_id\":\"2\",\"quantity\":\"1\",\"diagnosis_price\":\"800\",\"discount_type\":\"fixed\",\"discount_price\":\"\",\"total_price\":\"800.00\"}]', '', '2024-07-24', 'admin', 1400.00, 'paid', 1, 'Done', '05-09-2024', 'DR Loknath Sahu', 'Paid'),
(84, 72, '[{\"diagnosis_id\":\"1\",\"quantity\":\"1\",\"diagnosis_price\":\"600\",\"discount_type\":\"fixed\",\"discount_price\":\"\",\"total_price\":\"600.00\"},{\"diagnosis_id\":\"2\",\"quantity\":\"1\",\"diagnosis_price\":\"800\",\"discount_type\":\"fixed\",\"discount_price\":\"\",\"total_price\":\"800.00\"}]', '', '2024-07-24', 'admin', 1400.00, 'paid', 1, 'Done', '05-09-2024', 'DR Loknath Sahu', 'Paid'),
(85, 75, '[{\"diagnosis_id\":\"4\",\"quantity\":\"1\",\"diagnosis_price\":\"700\",\"discount_type\":\"Null\",\"discount_price\":\"\",\"total_price\":\"700.00\"}]', '', '2024-07-24', 'admin', 700.00, 'paid', 2, 'pending', '', '', ''),
(86, 74, '[{\"diagnosis_id\":\"1\",\"quantity\":\"1\",\"diagnosis_price\":\"350\",\"discount_type\":\"fixed\",\"discount_price\":\"\",\"total_price\":\"350.00\"}]', '', '2024-07-24', 'admin', 350.00, 'paid', 1, 'pending', '', '', ''),
(87, 79, '[{\"diagnosis_id\":\"1\",\"quantity\":\"1\",\"diagnosis_price\":\"350\",\"discount_type\":\"fixed\",\"discount_price\":\"\",\"total_price\":\"350.00\"},{\"diagnosis_id\":\"2\",\"quantity\":\"1\",\"diagnosis_price\":\"450\",\"discount_type\":\"fixed\",\"discount_price\":\"\",\"total_price\":\"450.00\"}]', '', '2024-07-29', 'admin', 800.00, 'paid', 1, 'pending', '', '', ''),
(89, 80, '[{\"diagnosis_id\":\"1\",\"quantity\":\"1\",\"diagnosis_price\":\"500\",\"discount_type\":\"fixed\",\"discount_price\":\"\",\"total_price\":\"500.00\"}]', '', '2024-08-01', 'admin', 500.00, 'paid', 1, 'Done', '05-09-2024', 'Dr Sanjeev Gupta', 'Paid'),
(90, 69, '[{\"diagnosis_id\":\"1\",\"quantity\":\"1\",\"diagnosis_price\":\"600\",\"discount_type\":\"fixed\",\"discount_price\":\"\",\"total_price\":\"600.00\"}]', '', '2024-08-01', 'admin', 600.00, 'paid', 1, 'pending', '', '', ''),
(91, 82, '[{\"diagnosis_id\":\"1\",\"quantity\":\"1\",\"diagnosis_price\":\"600\",\"discount_type\":\"fixed\",\"discount_price\":\"\",\"total_price\":\"600.00\"}]', '', '2024-08-01', 'admin', 600.00, 'paid', 1, 'Done', '05-09-2024', 'DR. NISHIKANTA PARDHAN', 'Paid'),
(93, 84, '[{\"diagnosis_id\":\"1\",\"quantity\":\"1\",\"diagnosis_price\":\"350\",\"discount_type\":\"fixed\",\"discount_price\":\"\",\"total_price\":\"350.00\"},{\"diagnosis_id\":\"5\",\"quantity\":\"1\",\"diagnosis_price\":\"500\",\"discount_type\":\"Null\",\"discount_price\":\"\",\"total_price\":\"500.00\"}]', '', '2024-08-09', 'admin', 850.00, 'paid', 2, 'pending', '', '', ''),
(94, 86, '[{\"diagnosis_id\":\"1\",\"quantity\":\"1\",\"diagnosis_price\":\"350\",\"discount_type\":\"fixed\",\"discount_price\":\"\",\"total_price\":\"350.00\"}]', '', '2024-08-16', 'admin', 350.00, 'paid', 1, 'pending', '', '', ''),
(95, 88, '[{\"diagnosis_id\":\"1\",\"quantity\":\"1\",\"diagnosis_price\":\"600\",\"discount_type\":\"fixed\",\"discount_price\":\"\",\"total_price\":\"600.00\"}]', '', '2024-08-19', 'admin', 600.00, 'paid', 1, 'Done', '05-09-2024', 'DR. NISHIKANTA PARDHAN', 'Paid'),
(96, 89, '[{\"diagnosis_id\":\"4\",\"quantity\":\"1\",\"diagnosis_price\":\"700\",\"discount_type\":\"Null\",\"discount_price\":\"\",\"total_price\":\"700.00\"}]', '', '2024-08-21', 'admin', 700.00, 'paid', 1, 'pending', '', '', ''),
(97, 90, '[{\"diagnosis_id\":\"1\",\"quantity\":\"1\",\"diagnosis_price\":\"600\",\"discount_type\":\"fixed\",\"discount_price\":\"\",\"total_price\":\"600.00\"}]', '', '2024-08-26', 'admin', 600.00, 'paid', 1, 'Done', '05-09-2024', 'Dr Rohit Agarwal', 'Paid'),
(98, 91, '[{\"diagnosis_id\":\"4\",\"quantity\":\"1\",\"diagnosis_price\":\"700\",\"discount_type\":\"Null\",\"discount_price\":\"\",\"total_price\":\"700.00\"}]', '', '2024-08-26', 'admin', 700.00, 'paid', 4, 'pending', '', '', ''),
(99, 92, '[{\"diagnosis_id\":\"1\",\"quantity\":\"1\",\"diagnosis_price\":\"350\",\"discount_type\":\"fixed\",\"discount_price\":\"\",\"total_price\":\"350.00\"}]', '', '2024-08-26', 'admin', 350.00, 'paid', 1, 'pending', '', '', ''),
(100, 94, '[{\"diagnosis_id\":\"3\",\"quantity\":\"1\",\"diagnosis_price\":\"3000\",\"discount_type\":\"Null\",\"discount_price\":\"\",\"total_price\":\"3000.00\"}]', '', '2024-08-27', 'admin', 3000.00, 'paid', 1, 'pending', '', '', ''),
(101, 95, '[{\"diagnosis_id\":\"1\",\"quantity\":\"1\",\"diagnosis_price\":\"0\",\"discount_type\":\"fixed\",\"discount_price\":\"\",\"total_price\":\"0.00\"}]', '', '2024-08-29', 'admin', NULL, 'paid', NULL, 'pending', '', '', ''),
(102, 96, '[{\"diagnosis_id\":\"1\",\"quantity\":\"1\",\"diagnosis_price\":\"0\",\"discount_type\":\"fixed\",\"discount_price\":\"\",\"total_price\":\"0.00\"}]', '', '2024-08-29', 'admin', NULL, 'paid', NULL, 'pending', '', '', ''),
(103, 97, '[{\"diagnosis_id\":\"1\",\"quantity\":\"1\",\"diagnosis_price\":\"600\",\"discount_type\":\"fixed\",\"discount_price\":\"\",\"total_price\":\"600.00\"},{\"diagnosis_id\":\"6\",\"quantity\":\"1\",\"diagnosis_price\":\"500\",\"discount_type\":\"Null\",\"discount_price\":\"\",\"total_price\":\"500.00\"}]', '', '2024-08-30', 'admin', 1100.00, 'paid', 3, 'Done', '05-09-2024', 'Dr Rohit Agarwal', 'Paid'),
(104, 98, '[{\"diagnosis_id\":\"1\",\"quantity\":\"1\",\"diagnosis_price\":\"250\",\"discount_type\":\"fixed\",\"discount_price\":\"\",\"total_price\":\"250.00\"},{\"diagnosis_id\":\"2\",\"quantity\":\"1\",\"diagnosis_price\":\"450\",\"discount_type\":\"fixed\",\"discount_price\":\"\",\"total_price\":\"450.00\"}]', '', '2024-09-02', 'admin', 700.00, 'paid', 2, 'pending', '', '', ''),
(105, 100, '[{\"diagnosis_id\":\"1\",\"quantity\":\"1\",\"diagnosis_price\":\"600\",\"discount_type\":\"fixed\",\"discount_price\":\"\",\"total_price\":\"600.00\"}]', '', '2024-09-06', 'admin', 600.00, 'paid', 2, 'pending', '', '', ''),
(106, 101, '[{\"diagnosis_id\":\"4\",\"quantity\":\"1\",\"diagnosis_price\":\"700\",\"discount_type\":\"Null\",\"discount_price\":\"\",\"total_price\":\"700.00\"}]', '', '2024-09-10', 'admin', 700.00, 'paid', 2, 'pending', '', '', ''),
(107, 102, '[{\"diagnosis_id\":\"1\",\"quantity\":\"1\",\"diagnosis_price\":\"350\",\"discount_type\":\"fixed\",\"discount_price\":\"\",\"total_price\":\"350.00\"}]', '', '2024-09-11', 'admin', 350.00, 'paid', 1, 'pending', '', '', ''),
(108, 103, '[{\"diagnosis_id\":\"4\",\"quantity\":\"1\",\"diagnosis_price\":\"700\",\"discount_type\":\"Null\",\"discount_price\":\"\",\"total_price\":\"700.00\"}]', '', '2024-09-16', 'admin', 700.00, 'paid', 1, 'pending', '', '', ''),
(109, 104, '[{\"diagnosis_id\":\"1\",\"quantity\":\"1\",\"diagnosis_price\":\"350\",\"discount_type\":\"fixed\",\"discount_price\":\"\",\"total_price\":\"350.00\"},{\"diagnosis_id\":\"2\",\"quantity\":\"1\",\"diagnosis_price\":\"450\",\"discount_type\":\"fixed\",\"discount_price\":\"\",\"total_price\":\"450.00\"}]', '', '2024-09-16', 'admin', 800.00, 'paid', 2, 'pending', '', '', ''),
(110, 105, '[{\"diagnosis_id\":\"4\",\"quantity\":\"1\",\"diagnosis_price\":\"700\",\"discount_type\":\"Null\",\"discount_price\":\"\",\"total_price\":\"700.00\"}]', '', '2024-09-16', 'admin', 700.00, 'paid', 8, 'pending', '', '', ''),
(111, 106, '[{\"diagnosis_id\":\"1\",\"quantity\":\"1\",\"diagnosis_price\":\"500\",\"discount_type\":\"fixed\",\"discount_price\":\"\",\"total_price\":\"500.00\"},{\"diagnosis_id\":\"6\",\"quantity\":\"1\",\"diagnosis_price\":\"500\",\"discount_type\":\"Null\",\"discount_price\":\"\",\"total_price\":\"500.00\"}]', '', '2024-09-17', 'admin', 1000.00, 'paid', 2, 'pending', '', '', ''),
(112, 107, '[{\"diagnosis_id\":\"1\",\"quantity\":\"1\",\"diagnosis_price\":\"500\",\"discount_type\":\"fixed\",\"discount_price\":\"\",\"total_price\":\"500.00\"}]', '', '2024-09-17', 'admin', 500.00, 'paid', 8, 'pending', '', '', ''),
(113, 108, '[{\"diagnosis_id\":\"1\",\"quantity\":\"1\",\"diagnosis_price\":\"300\",\"discount_type\":\"fixed\",\"discount_price\":\"\",\"total_price\":\"300.00\"}]', '', '2024-09-25', 'admin', 300.00, 'paid', 2, 'pending', '', '', ''),
(114, 109, '[{\"diagnosis_id\":\"1\",\"quantity\":\"1\",\"diagnosis_price\":\"300\",\"discount_type\":\"fixed\",\"discount_price\":\"\",\"total_price\":\"300.00\"}]', '', '2024-09-25', 'admin', 300.00, 'paid', 2, 'pending', '', '', ''),
(115, 110, '[{\"diagnosis_id\":\"3\",\"quantity\":\"1\",\"diagnosis_price\":\"2800\",\"discount_type\":\"Null\",\"discount_price\":\"\",\"total_price\":\"2800.00\"}]', '', '2024-09-27', 'admin', 2800.00, 'paid', 1, 'pending', '', '', ''),
(116, 111, '[{\"diagnosis_id\":\"1\",\"quantity\":\"1\",\"diagnosis_price\":\"300\",\"discount_type\":\"fixed\",\"discount_price\":\"\",\"total_price\":\"300.00\"}]', '', '2024-09-28', 'admin', 300.00, 'paid', 2, 'pending', '', '', ''),
(117, 112, '[{\"diagnosis_id\":\"1\",\"quantity\":\"1\",\"diagnosis_price\":\"500\",\"discount_type\":\"fixed\",\"discount_price\":\"\",\"total_price\":\"500.00\"}]', '', '2024-09-28', 'admin', 500.00, 'paid', 2, 'pending', '', '', ''),
(118, 113, '[{\"diagnosis_id\":\"1\",\"quantity\":\"1\",\"diagnosis_price\":\"600\",\"discount_type\":\"fixed\",\"discount_price\":\"\",\"total_price\":\"600.00\"},{\"diagnosis_id\":\"2\",\"quantity\":\"1\",\"diagnosis_price\":\"800\",\"discount_type\":\"fixed\",\"discount_price\":\"\",\"total_price\":\"800.00\"}]', '', '2024-10-01', 'admin', 1400.00, 'paid', 1, 'pending', '', '', ''),
(119, 117, '[{\"diagnosis_id\":\"1\",\"quantity\":\"1\",\"diagnosis_price\":\"350\",\"discount_type\":\"fixed\",\"discount_price\":\"\",\"total_price\":\"350.00\"},{\"diagnosis_id\":\"2\",\"quantity\":\"1\",\"diagnosis_price\":\"450\",\"discount_type\":\"fixed\",\"discount_price\":\"\",\"total_price\":\"450.00\"}]', '', '2024-10-05', 'admin', 800.00, 'paid', 1, 'pending', '', '', ''),
(121, 118, '[{\"diagnosis_id\":\"1\",\"quantity\":\"1\",\"diagnosis_price\":\"350\",\"discount_type\":\"fixed\",\"discount_price\":\"\",\"total_price\":\"350.00\"},{\"diagnosis_id\":\"2\",\"quantity\":\"1\",\"diagnosis_price\":\"450\",\"discount_type\":\"fixed\",\"discount_price\":\"\",\"total_price\":\"450.00\"}]', '', '2024-10-07', 'admin', 800.00, 'paid', 2, 'pending', '', '', ''),
(122, 119, '[{\"diagnosis_id\":\"1\",\"quantity\":\"1\",\"diagnosis_price\":\"300\",\"discount_type\":\"fixed\",\"discount_price\":\"\",\"total_price\":\"300.00\"}]', '', '2024-10-07', 'admin', 300.00, 'paid', 2, 'pending', '', '', ''),
(123, 117, '[{\"diagnosis_id\":\"1\",\"quantity\":\"1\",\"diagnosis_price\":\"350\",\"discount_type\":\"fixed\",\"discount_price\":\"\",\"total_price\":\"350.00\"},{\"diagnosis_id\":\"2\",\"quantity\":\"1\",\"diagnosis_price\":\"450\",\"discount_type\":\"fixed\",\"discount_price\":\"\",\"total_price\":\"450.00\"}]', '', '2024-10-07', 'admin', 800.00, 'paid', 2, 'pending', '', '', ''),
(124, 114, '[{\"diagnosis_id\":\"1\",\"quantity\":\"1\",\"diagnosis_price\":\"0\",\"discount_type\":\"fixed\",\"discount_price\":\"\",\"total_price\":\"0.00\"}]', '', '2024-10-07', 'admin', NULL, 'paid', NULL, 'pending', '', '', ''),
(125, 112, '[{\"diagnosis_id\":\"1\",\"quantity\":\"1\",\"diagnosis_price\":\"500\",\"discount_type\":\"fixed\",\"discount_price\":\"\",\"total_price\":\"500.00\"}]', '', '2024-10-07', 'admin', 500.00, 'paid', 2, 'pending', '', '', ''),
(126, 111, '[{\"diagnosis_id\":\"1\",\"quantity\":\"1\",\"diagnosis_price\":\"300\",\"discount_type\":\"fixed\",\"discount_price\":\"\",\"total_price\":\"300.00\"}]', '', '2024-10-07', 'admin', 300.00, 'paid', 2, 'pending', '', '', ''),
(127, 109, '[{\"diagnosis_id\":\"1\",\"quantity\":\"1\",\"diagnosis_price\":\"300\",\"discount_type\":\"fixed\",\"discount_price\":\"\",\"total_price\":\"300.00\"}]', '', '2024-10-07', 'admin', 300.00, 'paid', 2, 'pending', '', '', ''),
(128, 110, '[{\"diagnosis_id\":\"3\",\"quantity\":\"1\",\"diagnosis_price\":\"2800\",\"discount_type\":\"Null\",\"discount_price\":\"\",\"total_price\":\"2800.00\"}]', '', '2024-10-07', 'admin', 2800.00, 'paid', 1, 'pending', '', '', ''),
(129, 108, '[{\"diagnosis_id\":\"6\",\"quantity\":\"1\",\"diagnosis_price\":\"1000\",\"discount_type\":\"Null\",\"discount_price\":\"\",\"total_price\":\"1000.00\"}]', '', '2024-10-07', 'admin', 1000.00, 'paid', 1, 'pending', '', '', ''),
(130, 107, '[{\"diagnosis_id\":\"1\",\"quantity\":\"1\",\"diagnosis_price\":\"500\",\"discount_type\":\"fixed\",\"discount_price\":\"\",\"total_price\":\"500.00\"}]', '', '2024-10-07', 'admin', 500.00, 'paid', 2, 'pending', '', '', ''),
(131, 106, '[{\"diagnosis_id\":\"6\",\"quantity\":\"1\",\"diagnosis_price\":\"1000\",\"discount_type\":\"Null\",\"discount_price\":\"\",\"total_price\":\"1000.00\"}]', '', '2024-10-07', 'admin', 1000.00, 'paid', 2, 'pending', '', '', ''),
(132, 104, '[{\"diagnosis_id\":\"1\",\"quantity\":\"1\",\"diagnosis_price\":\"350\",\"discount_type\":\"fixed\",\"discount_price\":\"\",\"total_price\":\"350.00\"}]', '', '2024-10-07', 'admin', 350.00, 'paid', 2, 'pending', '', '', ''),
(133, 105, '[{\"diagnosis_id\":\"4\",\"quantity\":\"1\",\"diagnosis_price\":\"700\",\"discount_type\":\"Null\",\"discount_price\":\"\",\"total_price\":\"700.00\"}]', '', '2024-10-07', 'admin', 700.00, 'paid', 2, 'pending', '', '', ''),
(134, 102, '[{\"diagnosis_id\":\"1\",\"quantity\":\"1\",\"diagnosis_price\":\"350\",\"discount_type\":\"fixed\",\"discount_price\":\"\",\"total_price\":\"350.00\"}]', '', '2024-10-07', 'admin', 350.00, 'paid', NULL, 'pending', '', '', ''),
(135, 101, '[{\"diagnosis_id\":\"4\",\"quantity\":\"1\",\"diagnosis_price\":\"700\",\"discount_type\":\"Null\",\"discount_price\":\"\",\"total_price\":\"700.00\"}]', '', '2024-10-07', 'admin', 700.00, 'paid', NULL, 'pending', '', '', ''),
(136, 100, '[{\"diagnosis_id\":\"1\",\"quantity\":\"1\",\"diagnosis_price\":\"600\",\"discount_type\":\"fixed\",\"discount_price\":\"\",\"total_price\":\"600.00\"}]', '', '2024-10-07', 'admin', 600.00, 'paid', NULL, 'pending', '', '', ''),
(137, 99, '[{\"diagnosis_id\":\"6\",\"quantity\":\"1\",\"diagnosis_price\":\"0\",\"discount_type\":\"Null\",\"discount_price\":\"\",\"total_price\":\"0.00\"}]', '', '2024-10-07', 'admin', NULL, 'paid', NULL, 'pending', '', '', ''),
(138, 98, '[{\"diagnosis_id\":\"1\",\"quantity\":\"1\",\"diagnosis_price\":\"250\",\"discount_type\":\"fixed\",\"discount_price\":\"\",\"total_price\":\"250.00\"},{\"diagnosis_id\":\"2\",\"quantity\":\"1\",\"diagnosis_price\":\"450\",\"discount_type\":\"fixed\",\"discount_price\":\"\",\"total_price\":\"450.00\"}]', '', '2024-10-07', 'admin', 700.00, 'paid', 2, 'pending', '', '', ''),
(139, 97, '[{\"diagnosis_id\":\"1\",\"quantity\":\"1\",\"diagnosis_price\":\"600\",\"discount_type\":\"fixed\",\"discount_price\":\"\",\"total_price\":\"600.00\"},{\"diagnosis_id\":\"6\",\"quantity\":\"1\",\"diagnosis_price\":\"500\",\"discount_type\":\"Null\",\"discount_price\":\"\",\"total_price\":\"500.00\"}]', '', '2024-10-07', 'admin', 1100.00, 'paid', NULL, 'pending', '', '', ''),
(140, 93, '[{\"diagnosis_id\":\"3\",\"quantity\":\"1\",\"diagnosis_price\":\"3000\",\"discount_type\":\"Null\",\"discount_price\":\"\",\"total_price\":\"3000.00\"}]', '', '2024-10-07', 'admin', 3000.00, 'paid', 1, 'pending', '', '', ''),
(141, 113, '[{\"diagnosis_id\":\"1\",\"quantity\":\"1\",\"diagnosis_price\":\"600\",\"discount_type\":\"fixed\",\"discount_price\":\"\",\"total_price\":\"600.00\"},{\"diagnosis_id\":\"2\",\"quantity\":\"1\",\"diagnosis_price\":\"800\",\"discount_type\":\"fixed\",\"discount_price\":\"\",\"total_price\":\"800.00\"}]', '', '2024-10-07', 'admin', 1400.00, 'paid', NULL, 'pending', '', '', ''),
(142, 92, '[{\"diagnosis_id\":\"1\",\"quantity\":\"1\",\"diagnosis_price\":\"350\",\"discount_type\":\"fixed\",\"discount_price\":\"\",\"total_price\":\"350.00\"}]', '', '2024-10-07', 'admin', 350.00, 'paid', NULL, 'pending', '', '', ''),
(143, 121, '[{\"diagnosis_id\":\"1\",\"quantity\":\"1\",\"diagnosis_price\":\"500\",\"discount_type\":\"fixed\",\"discount_price\":\"\",\"total_price\":\"500.00\"}]', '', '2024-10-08', 'admin', 500.00, 'paid', 1, 'pending', '', '', ''),
(144, 73, '[{\"diagnosis_id\":\"6\",\"quantity\":\"1\",\"diagnosis_price\":\"0\",\"discount_type\":\"Null\",\"discount_price\":\"\",\"total_price\":\"0.00\"}]', '', '2024-10-08', 'admin', NULL, 'paid', NULL, 'pending', '', '', ''),
(145, 124, '[{\"diagnosis_id\":\"1\",\"quantity\":\"1\",\"diagnosis_price\":\"600\",\"discount_type\":\"fixed\",\"discount_price\":\"\",\"total_price\":\"600.00\"}]', '', '2024-10-09', 'admin', 600.00, 'paid', 1, 'pending', '', '', '');

-- --------------------------------------------------------

--
-- Table structure for table `patient_item_issue`
--

CREATE TABLE `patient_item_issue` (
  `id` int(11) NOT NULL,
  `bill_no` varchar(255) NOT NULL,
  `patient_id` int(11) NOT NULL,
  `models` text NOT NULL,
  `sum_total_price` decimal(15,2) NOT NULL,
  `discount_type` varchar(100) DEFAULT NULL,
  `discount_value` decimal(15,2) DEFAULT NULL,
  `total_amount` decimal(15,2) NOT NULL,
  `tax_type` varchar(50) DEFAULT NULL,
  `tax_per` decimal(4,2) DEFAULT NULL,
  `tax_amount` decimal(15,2) DEFAULT NULL,
  `grand_total` decimal(15,2) NOT NULL,
  `coupon` varchar(255) DEFAULT NULL,
  `coupon_perc` int(100) DEFAULT NULL,
  `coupon_value` int(100) DEFAULT NULL,
  `received_amount` decimal(15,2) DEFAULT NULL,
  `due_amount` decimal(15,2) DEFAULT NULL,
  `payment_status` varchar(20) NOT NULL,
  `payment_mode_id` int(11) DEFAULT NULL,
  `payments` text NOT NULL,
  `issue_type` varchar(50) NOT NULL,
  `challan_status` int(11) NOT NULL DEFAULT 0,
  `invoice_date` date DEFAULT NULL,
  `challan_date` date DEFAULT NULL,
  `money_receipt_date` date NOT NULL,
  `dispatched_through` varchar(50) DEFAULT NULL,
  `destination` varchar(255) DEFAULT NULL,
  `delivery_note` text DEFAULT NULL,
  `demo` int(11) NOT NULL,
  `return_days` int(11) NOT NULL,
  `referral_status` varchar(25) NOT NULL DEFAULT 'pending',
  `referral_date` varchar(25) NOT NULL,
  `referral_doctor` varchar(25) NOT NULL,
  `sales_return` varchar(25) NOT NULL DEFAULT 'delivered',
  `sales_return_amount` decimal(15,2) NOT NULL,
  `sales_return_due` decimal(15,2) NOT NULL,
  `total_sales_return_amount` decimal(15,2) NOT NULL,
  `sales_return_reason` longtext NOT NULL,
  `sales_return_date` varchar(25) NOT NULL,
  `status` varchar(25) NOT NULL,
  `created_at` datetime NOT NULL DEFAULT current_timestamp(),
  `is_active` enum('Y','N') NOT NULL DEFAULT 'Y',
  `followup_date` date NOT NULL
) ENGINE=InnoDB DEFAULT CHARSET=utf8mb4 COLLATE=utf8mb4_general_ci;

--
-- Dumping data for table `patient_item_issue`
--

INSERT INTO `patient_item_issue` (`id`, `bill_no`, `patient_id`, `models`, `sum_total_price`, `discount_type`, `discount_value`, `total_amount`, `tax_type`, `tax_per`, `tax_amount`, `grand_total`, `coupon`, `coupon_perc`, `coupon_value`, `received_amount`, `due_amount`, `payment_status`, `payment_mode_id`, `payments`, `issue_type`, `challan_status`, `invoice_date`, `challan_date`, `money_receipt_date`, `dispatched_through`, `destination`, `delivery_note`, `demo`, `return_days`, `referral_status`, `referral_date`, `referral_doctor`, `sales_return`, `sales_return_amount`, `sales_return_due`, `total_sales_return_amount`, `sales_return_reason`, `sales_return_date`, `status`, `created_at`, `is_active`, `followup_date`) VALUES
(11, 'OWIPL/23-24/11/1002', 13, '[{\"model_id\":\"51\",\"quantity\":\"1\",\"price\":\"56990.00\",\"tax_percentage\":\"Nil\",\"tax\":\"0.00\",\"discount_percentage\":\"12\",\"discount\":\"6838.80\",\"total_price\":\"50151.20\"}]', 0.00, NULL, NULL, 0.00, NULL, NULL, NULL, 50151.20, '', 0, 0, 20000.00, 30151.20, 'paid', NULL, '', 'invoice', 0, '2023-11-07', NULL, '2023-11-07', NULL, NULL, NULL, 0, 0, '', '', '', 'delivered', 0.00, 0.00, 0.00, '', '', '', '2023-11-07 10:35:24', 'Y', '0000-00-00'),
(15, 'OWIPL/23-24/11/1003', 11, '[{\"model_id\":\"120\",\"quantity\":\"1\",\"price\":\"360990.00\",\"tax_percentage\":\"Nil\",\"tax\":\"0.00\",\"discount_percentage\":\"15\",\"discount\":\"54148.50\",\"total_price\":\"306841.50\"},{\"model_id\":\"145\",\"quantity\":\"1\",\"price\":\"8000.00\",\"tax_percentage\":\"18\",\"tax\":\"0.00\",\"discount_percentage\":\"100\",\"discount\":\"8000.00\",\"total_price\":\"0.00\"},{\"model_id\":\"144\",\"quantity\":\"1\",\"price\":\"8000.00\",\"tax_percentage\":\"18\",\"tax\":\"0.00\",\"discount_percentage\":\"100\",\"discount\":\"8000.00\",\"total_price\":\"0.00\"},{\"model_id\":\"143\",\"quantity\":\"1\",\"price\":\"1000.00\",\"tax_percentage\":\"18\",\"tax\":\"0.00\",\"discount_percentage\":\"100\",\"discount\":\"1000.00\",\"total_price\":\"0.00\"},{\"model_id\":\"142\",\"quantity\":\"1\",\"price\":\"1000.00\",\"tax_percentage\":\"18\",\"tax\":\"0.00\",\"discount_percentage\":\"100\",\"discount\":\"1000.00\",\"total_price\":\"0.00\"},{\"model_id\":\"141\",\"quantity\":\"1\",\"price\":\"10000.00\",\"tax_percentage\":\"18\",\"tax\":\"0.00\",\"discount_percentage\":\"100\",\"discount\":\"10000.00\",\"total_price\":\"0.00\"},{\"model_id\":\"140\",\"quantity\":\"1\",\"price\":\"35990.00\",\"tax_percentage\":\"18\",\"tax\":\"0.00\",\"discount_percentage\":\"100\",\"discount\":\"35990.00\",\"total_price\":\"0.00\"}]', 0.00, NULL, NULL, 0.00, NULL, NULL, NULL, 306841.50, '', 0, 0, NULL, 306841.50, 'unpaid', 6, '', 'invoice', 0, '2023-11-22', NULL, '0000-00-00', 'Self', NULL, NULL, 0, 0, '', '', '', 'delivered', 0.00, 0.00, 0.00, '', '', '', '2023-11-22 10:49:08', 'Y', '0000-00-00'),
(16, 'OWIPL/23-24/11/1004', 14, '[{\"model_id\":\"51\",\"quantity\":\"1\",\"price\":\"56990.00\",\"tax_percentage\":\"Nil\",\"tax\":\"0.00\",\"discount_percentage\":\"0\",\"discount\":\"0.00\",\"total_price\":\"56990.00\"}]', 0.00, NULL, NULL, 0.00, NULL, NULL, NULL, 56990.00, '', 0, 0, NULL, 56990.00, 'paid', 7, '', 'invoice', 0, '2023-11-24', NULL, '0000-00-00', NULL, NULL, NULL, 0, 0, '', '', '', 'delivered', 0.00, 0.00, 0.00, '', '', '', '2023-11-24 11:17:14', 'Y', '0000-00-00'),
(18, 'OWIPL/23-24/12/1005', 17, '[{\"model_id\":\"116\",\"quantity\":\"1\",\"price\":\"51.00\",\"tax_percentage\":\"Nil\",\"tax\":\"0.00\",\"discount_percentage\":\"40\",\"discount\":\"20.40\",\"total_price\":\"30.60\"}]', 0.00, NULL, NULL, 0.00, NULL, NULL, NULL, 30.60, '', 0, 0, NULL, 30.60, 'paid', NULL, '', 'invoice', 0, '2023-12-12', NULL, '0000-00-00', NULL, NULL, NULL, 0, 0, '', '', '', 'delivered', 0.00, 0.00, 0.00, '', '', '', '2023-12-12 13:27:40', 'Y', '0000-00-00'),
(20, 'OWIPL/24-25/02/1007', 18, '[{\"model_id\":\"105\",\"quantity\":\"1\",\"price\":\"11000.00\",\"tax_percentage\":\"Nil\",\"tax\":\"0.00\",\"discount_percentage\":\"0\",\"discount\":\"0.00\",\"total_price\":\"11000.00\"}]', 0.00, NULL, NULL, 0.00, NULL, NULL, NULL, 11000.00, '', 0, 0, NULL, 11000.00, 'paid', NULL, '', 'invoice', 0, '2024-02-10', NULL, '0000-00-00', NULL, NULL, NULL, 0, 0, '', '', '', 'delivered', 0.00, 0.00, 0.00, '', '', '', '2024-02-13 06:56:07', 'Y', '2024-04-26'),
(23, 'OWIPL/24-25/02/1010', 21, '[{\"model_id\":\"6\",\"quantity\":\"1\",\"price\":\"93000.00\",\"tax_percentage\":\"Nil\",\"tax\":\"0.00\",\"discount_percentage\":\"0\",\"discount\":\"0.00\",\"total_price\":\"93000.00\"}]', 0.00, NULL, NULL, 0.00, NULL, NULL, NULL, 93000.00, '', 0, 0, NULL, 93000.00, 'partial', 6, '', 'challan', 1, NULL, '2024-02-29', '0000-00-00', 'By Hand', NULL, NULL, 0, 0, '', '', '', 'delivered', 0.00, 0.00, 0.00, '', '', '', '2024-02-29 06:25:11', 'Y', '0000-00-00'),
(24, 'OWIPL/24-25/02/1011', 20, '[{\"model_id\":\"6\",\"quantity\":\"1\",\"price\":\"93000.00\",\"tax_percentage\":\"Nil\",\"tax\":\"0.00\",\"discount_percentage\":\"0\",\"discount\":\"0.00\",\"total_price\":\"93000.00\"}]', 0.00, NULL, NULL, 0.00, NULL, NULL, NULL, 93000.00, '', 0, 0, NULL, 93000.00, 'partial', 4, '', 'invoice', 1, '2024-02-29', '2024-02-24', '0000-00-00', 'By Hand', NULL, NULL, 0, 0, '', '', '', 'delivered', 0.00, 0.00, 0.00, '', '', '', '2024-02-29 06:30:25', 'Y', '0000-00-00'),
(25, 'OWIPL/24-25/02/1012', 20, '[{\"model_id\":\"6\",\"quantity\":\"1\",\"price\":\"99990.00\",\"tax_percentage\":\"Nil\",\"tax\":\"0.00\",\"discount_percentage\":\"0\",\"discount\":\"0.00\",\"total_price\":\"43000.00\"}]', 0.00, NULL, NULL, 0.00, NULL, NULL, NULL, 43000.00, '', 0, 0, NULL, 43000.00, 'partial', 3, '', 'invoice', 0, '2024-02-29', NULL, '0000-00-00', 'By Hand', NULL, NULL, 0, 0, '', '', '', 'delivered', 0.00, 0.00, 0.00, '', '', '', '2024-02-29 09:49:38', 'Y', '0000-00-00'),
(27, 'OWIPL/24-25/03/1013', 13, '[{\"model_id\":\"2\",\"quantity\":\"1\",\"price\":\"649990.00\",\"tax_percentage\":\"Nil\",\"tax\":\"0.00\",\"discount_percentage\":\"\",\"discount\":\"0.00\",\"total_price\":\"649990.00\"}]', 0.00, NULL, NULL, 0.00, NULL, NULL, NULL, 649990.00, '', 0, 0, NULL, 649990.00, 'paid', NULL, '', 'invoice', 0, '2024-03-29', NULL, '0000-00-00', NULL, NULL, NULL, 0, 0, '', '', '', 'delivered', 0.00, 0.00, 0.00, '', '', '', '2024-03-29 07:05:31', 'Y', '0000-00-00'),
(29, 'OWIPL/24-25/04/1015', 35, '[{\"model_id\":\"147\",\"quantity\":\"1\",\"price\":\"3000.00\",\"tax_percentage\":\"0\",\"tax\":\"0.00\",\"discount_percentage\":\"\",\"discount\":\"0.00\",\"total_price\":\"3000.00\",\"item_price_details_id\":\"256\"}]', 0.00, NULL, NULL, 0.00, NULL, NULL, NULL, 3000.00, '12345', 20, 600, NULL, 2400.00, 'paid', 2, '', 'demo', 0, '2024-03-30', NULL, '0000-00-00', 'Self', NULL, 'NA', 2, 1, 'pending', '', '', 'delivered', 0.00, 0.00, 0.00, '', '', '', '2024-04-30 07:32:18', 'Y', '0000-00-00'),
(33, 'OWIPL/24-25/05/1018', 36, '[{\"model_id\":\"6\",\"quantity\":\"1\",\"old_price\":\"99990.00\",\"price\":\"99990.00\",\"tax_percentage\":\"Nil\",\"tax\":\"0.00\",\"discount_percentage\":\"\",\"discount\":\"0.00\",\"total_price\":\"99990.00\",\"item_price_details_id\":\"259\"}]', 0.00, NULL, NULL, 0.00, NULL, NULL, NULL, 99990.00, NULL, NULL, 0, NULL, 99990.00, 'paid', 1, '', 'invoice', 0, '2024-05-03', NULL, '0000-00-00', 'Self', NULL, NULL, 0, 0, 'pending', '', '', 'delivered', 0.00, 0.00, 0.00, '', '', '', '2024-05-03 06:06:24', 'Y', '0000-00-00'),
(34, 'OWIPL/24-25/06/1019', 31, '[{\"model_id\":\"46\",\"quantity\":\"1\",\"old_price\":\"\",\"price\":\"99990.00\",\"tax_percentage\":\"Nil\",\"tax\":\"0.00\",\"discount_percentage\":\"20.99\",\"discount\":\"20987.90\",\"total_price\":\"79002.10\",\"item_price_details_id\":\"\"}]', 0.00, NULL, NULL, 0.00, NULL, NULL, NULL, 79002.10, NULL, NULL, 0, NULL, 79002.10, 'unpaid', 3, '[{\"grand_total\":\"79002.10\",\"received_amount\":\"\",\"due_amount\":\"79002.10\",\"date\":\"2024-06-13\",\"payment_status\":\"unpaid\",\"payment_mode_id\":\"3\"}]', 'invoice', 0, '2024-06-07', NULL, '0000-00-00', NULL, NULL, NULL, 0, 0, 'pending', '', '', 'delivered', 0.00, 0.00, 0.00, '', '', '', '2024-06-13 10:49:16', 'Y', '0000-00-00'),
(35, 'OWIPL/24-25/06/1020', 46, '[{\"model_id\":\"164\",\"quantity\":\"1\",\"old_price\":\"299990.00\",\"price\":\"1000\",\"tax_percentage\":\"Nil\",\"tax\":\"0.00\",\"discount_percentage\":\"0\",\"discount\":\"0.00\",\"total_price\":\"1000.00\",\"item_price_details_id\":\"274\"}]', 0.00, NULL, NULL, 0.00, NULL, NULL, NULL, 1000.00, NULL, NULL, 0, 1000.00, NULL, 'partial', 2, '[{\"grand_total\":\"1000.00\",\"received_amount\":\"1000.00\",\"due_amount\":\"\",\"date\":\"2024-06-27\",\"payment_status\":\"partial\",\"payment_mode_id\":\"2\"},{\"grand_total\":\"1000.00\",\"received_amount\":\"1000\",\"due_amount\":-1000,\"date\":\"2024-06-27\",\"payment_status\":\"partial\",\"payment_mode_id\":\"2\"}]', 'demo', 0, '2024-06-25', NULL, '0000-00-00', 'Self', NULL, NULL, 0, 1, 'pending', '', '', 'delivered', 0.00, 0.00, 0.00, '', '', '', '2024-06-26 05:58:29', 'Y', '0000-00-00'),
(36, 'OWIPL/24-25/07/1021', 67, '[{\"model_id\":\"6\",\"quantity\":\"1\",\"old_price\":\"99990.00\",\"price\":\"88000\",\"tax_percentage\":\"Nil\",\"tax\":\"0.00\",\"discount_percentage\":\"0\",\"discount\":\"0.00\",\"total_price\":\"88000.00\",\"item_price_details_id\":\"259\"}]', 0.00, NULL, NULL, 0.00, NULL, NULL, NULL, 88000.00, NULL, NULL, 0, 30000.00, 58000.00, 'partial', NULL, '[{\"grand_total\":\"88000.00\",\"received_amount\":\"30000\",\"due_amount\":\"58000.00\",\"date\":\"2024-07-11\",\"payment_status\":\"partial\",\"payment_mode_id\":\"\"}]', 'invoice', 0, '2024-07-10', NULL, '0000-00-00', NULL, NULL, NULL, 0, 0, 'pending', '', '', 'delivered', 0.00, 0.00, 0.00, '', '', '', '2024-07-11 06:48:40', 'Y', '0000-00-00'),
(37, 'OWIPL/24-25/083', 95, '[{\"model_id\":\"6\",\"quantity\":\"1\",\"old_price\":\"93000.00\",\"price\":\"93000\",\"tax_percentage\":\"0\",\"tax\":\"0.00\",\"discount_percentage\":\"\",\"discount\":\"0.00\",\"total_price\":\"93000.00\",\"item_price_details_id\":\"277\"}]', 0.00, NULL, NULL, 0.00, NULL, NULL, NULL, 93000.00, NULL, NULL, 0, 93000.00, 0.00, 'paid', 3, '[{\"grand_total\":\"93000.00\",\"received_amount\":\"93000\",\"due_amount\":\"0.00\",\"date\":\"2024-08-29\",\"payment_status\":\"paid\",\"payment_mode_id\":\"3\"}]', 'invoice', 0, '2024-08-29', NULL, '0000-00-00', NULL, NULL, NULL, 0, 0, 'pending', '', '', 'delivered', 0.00, 0.00, 0.00, '', '', '', '2024-08-29 07:23:37', 'Y', '0000-00-00'),
(38, 'OWIPL/24-25/094', 96, '[{\"model_id\":\"46\",\"quantity\":\"1\",\"old_price\":\"70000.00\",\"price\":\"70000\",\"tax_percentage\":\"Nil\",\"tax\":\"0.00\",\"discount_percentage\":\"\",\"discount\":\"0.00\",\"total_price\":\"70000.00\",\"item_price_details_id\":\"279\"}]', 0.00, NULL, NULL, 0.00, NULL, NULL, NULL, 70000.00, NULL, NULL, 0, 70000.00, 0.00, 'paid', 8, '[{\"grand_total\":\"70000.00\",\"received_amount\":\"70000\",\"due_amount\":\"0.00\",\"date\":\"2024-08-29\",\"payment_status\":\"paid\",\"payment_mode_id\":\"8\"}]', 'invoice', 0, '2024-08-29', NULL, '0000-00-00', NULL, NULL, NULL, 0, 0, 'pending', '', '', 'delivered', 0.00, 0.00, 0.00, '', '', '', '2024-08-29 08:12:27', 'Y', '0000-00-00'),
(39, 'OWIPL/24-25/10/95', 114, '[{\"model_id\":\"166\",\"quantity\":\"1\",\"old_price\":\"15000.00\",\"price\":\"15000\",\"tax_percentage\":\"0\",\"tax\":\"0.00\",\"discount_percentage\":\"\",\"discount\":\"0.00\",\"total_price\":\"15000.00\",\"item_price_details_id\":\"280\"},{\"model_id\":\"166\",\"quantity\":\"1\",\"old_price\":\"15000.00\",\"price\":\"15000\",\"tax_percentage\":\"0\",\"tax\":\"0.00\",\"discount_percentage\":\"\",\"discount\":\"0.00\",\"total_price\":\"15000.00\",\"item_price_details_id\":\"281\"}]', 0.00, NULL, NULL, 0.00, NULL, NULL, NULL, 30000.00, NULL, NULL, 0, 30000.00, 0.00, 'paid', 1, '[{\"grand_total\":\"30000.00\",\"received_amount\":\"30000.00\",\"due_amount\":\"0.00\",\"date\":\"2024-10-03\",\"payment_status\":\"paid\",\"payment_mode_id\":\"1\"}]', 'invoice', 0, '2024-10-03', NULL, '0000-00-00', 'By Hand', NULL, NULL, 0, 0, 'pending', '', '', 'delivered', 0.00, 0.00, 0.00, '', '', '', '2024-10-03 08:33:30', 'Y', '0000-00-00');

-- --------------------------------------------------------

--
-- Table structure for table `payment`
--

CREATE TABLE `payment` (
  `payment_id` int(11) NOT NULL,
  `type` longtext DEFAULT NULL,
  `amount` longtext DEFAULT NULL,
  `title` longtext DEFAULT NULL,
  `description` longtext DEFAULT NULL,
  `payment_method` longtext DEFAULT NULL,
  `invoice_number` longtext DEFAULT NULL,
  `timestamp` longtext DEFAULT NULL,
  `date_time` varchar(255) NOT NULL DEFAULT current_timestamp()
) ENGINE=InnoDB DEFAULT CHARSET=utf8mb3 COLLATE=utf8mb3_unicode_ci;

-- --------------------------------------------------------

--
-- Table structure for table `payment_mode`
--

CREATE TABLE `payment_mode` (
  `id` int(11) NOT NULL,
  `payment_mode` varchar(100) NOT NULL,
  `created_at` datetime NOT NULL DEFAULT current_timestamp(),
  `is_active` enum('Y','N') NOT NULL DEFAULT 'Y'
) ENGINE=InnoDB DEFAULT CHARSET=utf8mb4 COLLATE=utf8mb4_general_ci;

--
-- Dumping data for table `payment_mode`
--

INSERT INTO `payment_mode` (`id`, `payment_mode`, `created_at`, `is_active`) VALUES
(1, 'Cash', '2023-06-09 11:19:06', 'Y'),
(2, 'UPI', '2023-06-09 11:19:29', 'Y'),
(3, 'Credit Card', '2023-06-09 11:19:41', 'Y'),
(4, 'Debit Card', '2023-06-13 11:09:36', 'Y'),
(5, 'Online Banking', '2023-06-13 11:09:42', 'Y'),
(6, 'Cheque', '2023-06-13 11:10:17', 'Y'),
(7, 'Bank Transfer', '2023-06-13 11:10:21', 'Y'),
(8, 'Other', '2023-06-13 11:11:08', 'Y');

-- --------------------------------------------------------

--
-- Table structure for table `payroll`
--

CREATE TABLE `payroll` (
  `payroll_id` int(11) NOT NULL,
  `payroll_code` longtext DEFAULT NULL,
  `user_id` int(11) DEFAULT NULL,
  `user_type` longtext DEFAULT NULL,
  `joining_salary` int(11) DEFAULT NULL,
  `allowances` longtext DEFAULT NULL,
  `deductions` longtext DEFAULT NULL,
  `date` longtext DEFAULT NULL,
  `status` int(11) DEFAULT NULL,
  `date_time` varchar(255) NOT NULL DEFAULT current_timestamp()
) ENGINE=InnoDB DEFAULT CHARSET=latin1 COLLATE=latin1_swedish_ci;

-- --------------------------------------------------------

--
-- Table structure for table `pharmacist`
--

CREATE TABLE `pharmacist` (
  `pharmacist_id` int(11) NOT NULL,
  `staff_id` varchar(100) NOT NULL,
  `name` longtext DEFAULT NULL,
  `email` longtext DEFAULT NULL,
  `password` longtext DEFAULT NULL,
  `address` longtext DEFAULT NULL,
  `phone` longtext DEFAULT NULL,
  `gender` varchar(100) NOT NULL,
  `blood_group` int(100) NOT NULL,
  `current_address` longtext NOT NULL,
  `permanent_address` longtext NOT NULL,
  `dob` varchar(100) NOT NULL,
  `doj` varchar(100) NOT NULL,
  `basic_salary` varchar(255) NOT NULL,
  `aadhar_card` varchar(255) DEFAULT NULL,
  `pan_card` varchar(255) DEFAULT NULL,
  `existing_pfno` varchar(255) DEFAULT NULL,
  `father_name` varchar(255) DEFAULT NULL,
  `mother_name` varchar(255) DEFAULT NULL,
  `date_time` varchar(255) NOT NULL DEFAULT current_timestamp()
) ENGINE=MyISAM DEFAULT CHARSET=latin1 COLLATE=latin1_swedish_ci;

-- --------------------------------------------------------

--
-- Table structure for table `prescription`
--

CREATE TABLE `prescription` (
  `prescription_id` int(11) NOT NULL,
  `timestamp` longtext DEFAULT NULL,
  `doctor_id` int(11) DEFAULT NULL,
  `patient_id` int(11) DEFAULT NULL,
  `case_history` longtext DEFAULT NULL,
  `medication` longtext DEFAULT NULL,
  `note` longtext DEFAULT NULL,
  `follow_up` longtext DEFAULT NULL,
  `date_time` varchar(255) NOT NULL DEFAULT current_timestamp()
) ENGINE=MyISAM DEFAULT CHARSET=utf8mb3 COLLATE=utf8mb3_unicode_ci;

-- --------------------------------------------------------

--
-- Table structure for table `prescription_upload`
--

CREATE TABLE `prescription_upload` (
  `id` int(11) NOT NULL,
  `patient_id` int(11) NOT NULL,
  `prescription_id` int(11) NOT NULL,
  `prescription_document` varchar(255) NOT NULL,
  `date` varchar(255) NOT NULL
) ENGINE=InnoDB DEFAULT CHARSET=utf8mb4 COLLATE=utf8mb4_general_ci;

--
-- Dumping data for table `prescription_upload`
--

INSERT INTO `prescription_upload` (`id`, `patient_id`, `prescription_id`, `prescription_document`, `date`) VALUES
(1, 1, 1, '__1_prescription.jpg', '22-11-2023'),
(2, 19, 23, 'PRAMOD BEHERA _8328865042_23_prescription.jpg', '27-02-2024'),
(3, 18, 22, 'PITAMBAR PRADHAN _8217069060_22_prescription.jpg', '27-02-2024'),
(4, 20, 24, 'Mr .Krishna _8455996633_24_prescription.jpg', '27-02-2024'),
(5, 21, 25, 'kanchana bala sahoo_8280001873_25_prescription.jpg', '27-02-2024'),
(6, 22, 26, 'padmaja sahoo _8280001873_26_prescription.jpg', '27-02-2024');

-- --------------------------------------------------------

--
-- Table structure for table `purchase`
--

CREATE TABLE `purchase` (
  `id` int(100) NOT NULL,
  `supplier_id` int(100) NOT NULL,
  `invoice_no` varchar(255) NOT NULL,
  `supplier_invoice_no` varchar(255) NOT NULL,
  `invoice_date` varchar(255) NOT NULL,
  `items` text NOT NULL,
  `total_amount` decimal(15,2) NOT NULL,
  `discount_type` varchar(100) NOT NULL,
  `discount_value` int(11) NOT NULL,
  `tax_type` varchar(255) NOT NULL,
  `tax_value` int(100) NOT NULL,
  `grand_total` decimal(15,2) NOT NULL,
  `payment_status` varchar(255) NOT NULL,
  `payment_mode_id` varchar(255) NOT NULL,
  `received_amount` decimal(15,2) NOT NULL,
  `due_amount` decimal(15,2) NOT NULL
) ENGINE=InnoDB DEFAULT CHARSET=utf8mb4 COLLATE=utf8mb4_general_ci;

-- --------------------------------------------------------

--
-- Table structure for table `receptionist`
--

CREATE TABLE `receptionist` (
  `receptionist_id` int(11) NOT NULL,
  `staff_id` varchar(100) NOT NULL,
  `name` longtext DEFAULT NULL,
  `email` longtext DEFAULT NULL,
  `password` longtext DEFAULT NULL,
  `phone` longtext DEFAULT NULL,
  `gender` varchar(100) NOT NULL,
  `blood_group` int(100) NOT NULL,
  `current_address` longtext NOT NULL,
  `permanent_address` longtext NOT NULL,
  `dob` varchar(100) NOT NULL,
  `doj` varchar(100) NOT NULL,
  `basic_salary` varchar(255) NOT NULL,
  `aadhar_card` varchar(255) DEFAULT NULL,
  `pan_card` varchar(255) DEFAULT NULL,
  `existing_pfno` varchar(255) DEFAULT NULL,
  `father_name` varchar(255) DEFAULT NULL,
  `mother_name` varchar(255) DEFAULT NULL,
  `date_time` varchar(255) NOT NULL DEFAULT current_timestamp()
) ENGINE=MyISAM DEFAULT CHARSET=latin1 COLLATE=latin1_swedish_ci;

--
-- Dumping data for table `receptionist`
--

INSERT INTO `receptionist` (`receptionist_id`, `staff_id`, `name`, `email`, `password`, `phone`, `gender`, `blood_group`, `current_address`, `permanent_address`, `dob`, `doj`, `basic_salary`, `aadhar_card`, `pan_card`, `existing_pfno`, `father_name`, `mother_name`, `date_time`) VALUES
(1, '555', 'Receptionist', 'receptionist@gmail.com', 'd033e22ae348aeb5660fc2140aec35850c4da997', '08904567893', 'female', 7, 'bbsr,orissa', 'bbsr,orissa', '06/24/2021', '07/14/2023', '', NULL, NULL, NULL, NULL, NULL, '2023-06-05 05:54:47'),
(2, 'as32', 'rabindra', 'rabindra@gmail.com', '8e92ca2dc85eb576bd342764700d727ad370ebee', '7898767876', 'male', 1, 'xf', 'xf', '02/26/1998', '02/27/2024', '6000', NULL, NULL, NULL, NULL, NULL, '2024-03-11 07:09:27');

-- --------------------------------------------------------

--
-- Table structure for table `report`
--

CREATE TABLE `report` (
  `report_id` int(11) NOT NULL,
  `type` longtext DEFAULT NULL,
  `description` longtext DEFAULT NULL,
  `timestamp` longtext DEFAULT NULL,
  `doctor_id` int(11) DEFAULT NULL,
  `patient_id` int(11) DEFAULT NULL,
  `files` longtext DEFAULT NULL,
  `date_time` varchar(255) NOT NULL DEFAULT current_timestamp()
) ENGINE=MyISAM DEFAULT CHARSET=utf8mb3 COLLATE=utf8mb3_unicode_ci;

-- --------------------------------------------------------

--
-- Table structure for table `service`
--

CREATE TABLE `service` (
  `service_id` int(11) NOT NULL,
  `title` text DEFAULT NULL,
  `description` text DEFAULT NULL,
  `image` varchar(255) NOT NULL
) ENGINE=InnoDB DEFAULT CHARSET=utf8mb3 COLLATE=utf8mb3_unicode_ci;

--
-- Dumping data for table `service`
--

INSERT INTO `service` (`service_id`, `title`, `description`, `image`) VALUES
(1, 'Care and maintenance of hearing aids.', 'Taking care of your hearing aids is crucial for maintaining their performance and extending their lifespan. Regular care and maintenance not only ensure optimal sound quality but also help prevent issues that may arise due to dirt, moisture, or physical damage. ', '1.jpg'),
(2, 'Hearing aids first time users.', 'Familiarize yourself with the different parts of your hearing aids, including the microphone, receiver, volume control, and battery compartment.', '2.jpg'),
(3, 'Speech Reception Threshold (SRT)', 'The Speech Reception Threshold (SRT) is an important measure used in audiology to assess a person\'s ability to understand speech at a comfortable listening level. ', '3.jpg'),
(4, 'Acoustic Reflex Testing (ART)', 'Acoustic Reflex Testing (ART) is a diagnostic tool used in audiology to assess the integrity of the acoustic reflex pathway and provide valuable information about the functioning of the middle ear system.', '4.jpg');

-- --------------------------------------------------------

--
-- Table structure for table `settings`
--

CREATE TABLE `settings` (
  `settings_id` int(11) NOT NULL,
  `type` longtext DEFAULT NULL,
  `description` longtext DEFAULT NULL
) ENGINE=MyISAM DEFAULT CHARSET=latin1 COLLATE=latin1_swedish_ci;

--
-- Dumping data for table `settings`
--

INSERT INTO `settings` (`settings_id`, `type`, `description`) VALUES
(1, 'system_name', 'Orange Wheels Hearing & Speech Clinic'),
(2, 'system_title', 'Orange Wheels Hearing & Speech Clinic'),
(3, 'address', ' Archid Central, District Center, 3rd Floor, \nPlot No-315, Flat No-302, Chandrasekharpur, \nBhubaneswar - 751016'),
(4, 'phone', '+91 8658892333, +91 9078697222'),
(5, 'paypal_email', 'example@paypal.com'),
(6, 'currency', 'Rupees'),
(7, 'system_email', 'info@orangewheelsindia.com'),
(9, 'purchase_code', 'your purchase code'),
(11, 'language', 'english'),
(12, 'text_align', 'left-to-right'),
(13, 'system_currency_id', '1'),
(14, 'clickatell_user', '[YOUR CLICKATELL USERNAME]'),
(15, 'clickatell_password', '[YOUR CLICKATELL PASSWORD]'),
(16, 'clickatell_api_id', '[YOUR CLICKATELL API ID]'),
(17, 'version', '4.1');

-- --------------------------------------------------------

--
-- Table structure for table `tpa_management`
--

CREATE TABLE `tpa_management` (
  `tpa_id` int(11) NOT NULL,
  `tpa_name` varchar(200) DEFAULT NULL,
  `code` varchar(50) DEFAULT NULL,
  `contact_no` varchar(200) DEFAULT NULL,
  `address` varchar(300) DEFAULT NULL,
  `contact_person_name` varchar(200) DEFAULT NULL,
  `contact_person_phone` varchar(200) DEFAULT NULL
) ENGINE=InnoDB DEFAULT CHARSET=utf8mb3 COLLATE=utf8mb3_general_ci;

-- --------------------------------------------------------

--
-- Table structure for table `unit`
--

CREATE TABLE `unit` (
  `unit_id` int(11) NOT NULL,
  `unit_name` varchar(100) DEFAULT NULL
) ENGINE=InnoDB DEFAULT CHARSET=utf8mb4 COLLATE=utf8mb4_general_ci;

--
-- Dumping data for table `unit`
--

INSERT INTO `unit` (`unit_id`, `unit_name`) VALUES
(1, 'Piece');

-- --------------------------------------------------------

--
-- Table structure for table `warranty`
--

CREATE TABLE `warranty` (
  `id` int(11) NOT NULL,
  `name` varchar(255) NOT NULL,
  `year_month` varchar(20) NOT NULL
) ENGINE=InnoDB DEFAULT CHARSET=utf8mb4 COLLATE=utf8mb4_unicode_ci;

--
-- Dumping data for table `warranty`
--

INSERT INTO `warranty` (`id`, `name`, `year_month`) VALUES
(1, '1', 'Y'),
(2, '2', 'Y'),
(3, '4', 'Y'),
(4, '4 Years For Hearing Aid (1 Yr for CROS)', ''),
(5, '2 Years For Hearing Aid (1 Yr for CROS)', '');

--
-- Indexes for dumped tables
--

--
-- Indexes for table `accountant`
--
ALTER TABLE `accountant`
  ADD PRIMARY KEY (`accountant_id`);

--
-- Indexes for table `admin`
--
ALTER TABLE `admin`
  ADD PRIMARY KEY (`admin_id`);

--
-- Indexes for table `ambulance_invoice`
--
ALTER TABLE `ambulance_invoice`
  ADD PRIMARY KEY (`invoice_id`);

--
-- Indexes for table `ambulance_list`
--
ALTER TABLE `ambulance_list`
  ADD PRIMARY KEY (`ambulance_id`);

--
-- Indexes for table `ambulance_route`
--
ALTER TABLE `ambulance_route`
  ADD PRIMARY KEY (`route_id`);

--
-- Indexes for table `appointment`
--
ALTER TABLE `appointment`
  ADD PRIMARY KEY (`appointment_id`);

--
-- Indexes for table `bank_details`
--
ALTER TABLE `bank_details`
  ADD PRIMARY KEY (`id`);

--
-- Indexes for table `bed`
--
ALTER TABLE `bed`
  ADD PRIMARY KEY (`bed_id`);

--
-- Indexes for table `bed_allotment`
--
ALTER TABLE `bed_allotment`
  ADD PRIMARY KEY (`bed_allotment_id`);

--
-- Indexes for table `blood_bank`
--
ALTER TABLE `blood_bank`
  ADD PRIMARY KEY (`blood_group_id`);

--
-- Indexes for table `blood_donor`
--
ALTER TABLE `blood_donor`
  ADD PRIMARY KEY (`blood_donor_id`);

--
-- Indexes for table `ci_sessions`
--
ALTER TABLE `ci_sessions`
  ADD PRIMARY KEY (`id`),
  ADD KEY `ci_sessions_timestamp` (`timestamp`);

--
-- Indexes for table `consultation_charge`
--
ALTER TABLE `consultation_charge`
  ADD PRIMARY KEY (`id`);

--
-- Indexes for table `contact_email`
--
ALTER TABLE `contact_email`
  ADD PRIMARY KEY (`contact_email_id`);

--
-- Indexes for table `currency`
--
ALTER TABLE `currency`
  ADD PRIMARY KEY (`currency_id`);

--
-- Indexes for table `demoitem`
--
ALTER TABLE `demoitem`
  ADD PRIMARY KEY (`id`);

--
-- Indexes for table `demoitem_price_details`
--
ALTER TABLE `demoitem_price_details`
  ADD PRIMARY KEY (`id`);

--
-- Indexes for table `department`
--
ALTER TABLE `department`
  ADD PRIMARY KEY (`department_id`);

--
-- Indexes for table `diagnosis`
--
ALTER TABLE `diagnosis`
  ADD PRIMARY KEY (`id`);

--
-- Indexes for table `diagnosis_document_upload`
--
ALTER TABLE `diagnosis_document_upload`
  ADD PRIMARY KEY (`id`);

--
-- Indexes for table `diagnosis_report`
--
ALTER TABLE `diagnosis_report`
  ADD PRIMARY KEY (`diagnosis_report_id`);

--
-- Indexes for table `doctor`
--
ALTER TABLE `doctor`
  ADD PRIMARY KEY (`doctor_id`);

--
-- Indexes for table `doctor_referral`
--
ALTER TABLE `doctor_referral`
  ADD PRIMARY KEY (`id`);

--
-- Indexes for table `doctor_referral_details_diagnosis`
--
ALTER TABLE `doctor_referral_details_diagnosis`
  ADD PRIMARY KEY (`id`);

--
-- Indexes for table `doctor_referral_details_item_issue`
--
ALTER TABLE `doctor_referral_details_item_issue`
  ADD PRIMARY KEY (`id`);

--
-- Indexes for table `email_template`
--
ALTER TABLE `email_template`
  ADD PRIMARY KEY (`email_template_id`);

--
-- Indexes for table `expense`
--
ALTER TABLE `expense`
  ADD PRIMARY KEY (`exp_id`);

--
-- Indexes for table `expense_head`
--
ALTER TABLE `expense_head`
  ADD PRIMARY KEY (`expense_id`);

--
-- Indexes for table `facility`
--
ALTER TABLE `facility`
  ADD PRIMARY KEY (`facility_id`);

--
-- Indexes for table `follow_up`
--
ALTER TABLE `follow_up`
  ADD PRIMARY KEY (`id`);

--
-- Indexes for table `form_element`
--
ALTER TABLE `form_element`
  ADD PRIMARY KEY (`form_element_id`);

--
-- Indexes for table `frontend_blog`
--
ALTER TABLE `frontend_blog`
  ADD PRIMARY KEY (`frontend_blog_id`);

--
-- Indexes for table `frontend_settings`
--
ALTER TABLE `frontend_settings`
  ADD PRIMARY KEY (`frontend_settings_id`);

--
-- Indexes for table `hr`
--
ALTER TABLE `hr`
  ADD PRIMARY KEY (`hr_id`);

--
-- Indexes for table `income`
--
ALTER TABLE `income`
  ADD PRIMARY KEY (`inc_id`);

--
-- Indexes for table `income_head`
--
ALTER TABLE `income_head`
  ADD PRIMARY KEY (`income_id`);

--
-- Indexes for table `invoice`
--
ALTER TABLE `invoice`
  ADD PRIMARY KEY (`invoice_id`);

--
-- Indexes for table `item`
--
ALTER TABLE `item`
  ADD PRIMARY KEY (`id`);

--
-- Indexes for table `item_category`
--
ALTER TABLE `item_category`
  ADD PRIMARY KEY (`id`);

--
-- Indexes for table `item_issue`
--
ALTER TABLE `item_issue`
  ADD PRIMARY KEY (`id`),
  ADD KEY `item_id` (`item_id`);

--
-- Indexes for table `item_price_details`
--
ALTER TABLE `item_price_details`
  ADD PRIMARY KEY (`id`);

--
-- Indexes for table `item_stock`
--
ALTER TABLE `item_stock`
  ADD PRIMARY KEY (`id`),
  ADD KEY `item_id` (`item_id`),
  ADD KEY `supplier_id` (`supplier_id`),
  ADD KEY `store_id` (`store_id`);

--
-- Indexes for table `item_store`
--
ALTER TABLE `item_store`
  ADD PRIMARY KEY (`id`);

--
-- Indexes for table `item_subcategory`
--
ALTER TABLE `item_subcategory`
  ADD PRIMARY KEY (`item_id`);

--
-- Indexes for table `item_supplier`
--
ALTER TABLE `item_supplier`
  ADD PRIMARY KEY (`id`);

--
-- Indexes for table `laboratorist`
--
ALTER TABLE `laboratorist`
  ADD PRIMARY KEY (`laboratorist_id`);

--
-- Indexes for table `language`
--
ALTER TABLE `language`
  ADD PRIMARY KEY (`phrase_id`);

--
-- Indexes for table `medicine`
--
ALTER TABLE `medicine`
  ADD PRIMARY KEY (`medicine_id`);

--
-- Indexes for table `medicine_category`
--
ALTER TABLE `medicine_category`
  ADD PRIMARY KEY (`medicine_category_id`);

--
-- Indexes for table `medicine_sale`
--
ALTER TABLE `medicine_sale`
  ADD PRIMARY KEY (`medicine_sale_id`);

--
-- Indexes for table `message`
--
ALTER TABLE `message`
  ADD PRIMARY KEY (`message_id`);

--
-- Indexes for table `message_thread`
--
ALTER TABLE `message_thread`
  ADD PRIMARY KEY (`message_thread_id`);

--
-- Indexes for table `next_followup`
--
ALTER TABLE `next_followup`
  ADD PRIMARY KEY (`id`);

--
-- Indexes for table `note`
--
ALTER TABLE `note`
  ADD PRIMARY KEY (`note_id`);

--
-- Indexes for table `notice`
--
ALTER TABLE `notice`
  ADD PRIMARY KEY (`notice_id`);

--
-- Indexes for table `noticeboard`
--
ALTER TABLE `noticeboard`
  ADD PRIMARY KEY (`notice_id`);

--
-- Indexes for table `nurse`
--
ALTER TABLE `nurse`
  ADD PRIMARY KEY (`nurse_id`);

--
-- Indexes for table `pathology_patient_report`
--
ALTER TABLE `pathology_patient_report`
  ADD PRIMARY KEY (`id`);

--
-- Indexes for table `pathology_report`
--
ALTER TABLE `pathology_report`
  ADD PRIMARY KEY (`pathology_report_id`);

--
-- Indexes for table `pathology_test`
--
ALTER TABLE `pathology_test`
  ADD PRIMARY KEY (`id`);

--
-- Indexes for table `pathology_test_category`
--
ALTER TABLE `pathology_test_category`
  ADD PRIMARY KEY (`id`);

--
-- Indexes for table `patient`
--
ALTER TABLE `patient`
  ADD PRIMARY KEY (`patient_id`);

--
-- Indexes for table `patient_consultation_history`
--
ALTER TABLE `patient_consultation_history`
  ADD PRIMARY KEY (`id`);

--
-- Indexes for table `patient_diagnosis`
--
ALTER TABLE `patient_diagnosis`
  ADD PRIMARY KEY (`id`);

--
-- Indexes for table `patient_item_issue`
--
ALTER TABLE `patient_item_issue`
  ADD PRIMARY KEY (`id`);

--
-- Indexes for table `payment`
--
ALTER TABLE `payment`
  ADD PRIMARY KEY (`payment_id`);

--
-- Indexes for table `payment_mode`
--
ALTER TABLE `payment_mode`
  ADD PRIMARY KEY (`id`);

--
-- Indexes for table `payroll`
--
ALTER TABLE `payroll`
  ADD PRIMARY KEY (`payroll_id`);

--
-- Indexes for table `pharmacist`
--
ALTER TABLE `pharmacist`
  ADD PRIMARY KEY (`pharmacist_id`);

--
-- Indexes for table `prescription`
--
ALTER TABLE `prescription`
  ADD PRIMARY KEY (`prescription_id`);

--
-- Indexes for table `prescription_upload`
--
ALTER TABLE `prescription_upload`
  ADD PRIMARY KEY (`id`);

--
-- Indexes for table `purchase`
--
ALTER TABLE `purchase`
  ADD PRIMARY KEY (`id`);

--
-- Indexes for table `receptionist`
--
ALTER TABLE `receptionist`
  ADD PRIMARY KEY (`receptionist_id`);

--
-- Indexes for table `report`
--
ALTER TABLE `report`
  ADD PRIMARY KEY (`report_id`);

--
-- Indexes for table `service`
--
ALTER TABLE `service`
  ADD PRIMARY KEY (`service_id`);

--
-- Indexes for table `settings`
--
ALTER TABLE `settings`
  ADD PRIMARY KEY (`settings_id`);

--
-- Indexes for table `tpa_management`
--
ALTER TABLE `tpa_management`
  ADD PRIMARY KEY (`tpa_id`);

--
-- Indexes for table `unit`
--
ALTER TABLE `unit`
  ADD PRIMARY KEY (`unit_id`);

--
-- Indexes for table `warranty`
--
ALTER TABLE `warranty`
  ADD PRIMARY KEY (`id`);

--
-- AUTO_INCREMENT for dumped tables
--

--
-- AUTO_INCREMENT for table `accountant`
--
ALTER TABLE `accountant`
  MODIFY `accountant_id` int(11) NOT NULL AUTO_INCREMENT;

--
-- AUTO_INCREMENT for table `admin`
--
ALTER TABLE `admin`
  MODIFY `admin_id` int(11) NOT NULL AUTO_INCREMENT, AUTO_INCREMENT=2;

--
-- AUTO_INCREMENT for table `ambulance_invoice`
--
ALTER TABLE `ambulance_invoice`
  MODIFY `invoice_id` int(11) NOT NULL AUTO_INCREMENT;

--
-- AUTO_INCREMENT for table `ambulance_list`
--
ALTER TABLE `ambulance_list`
  MODIFY `ambulance_id` int(11) NOT NULL AUTO_INCREMENT;

--
-- AUTO_INCREMENT for table `ambulance_route`
--
ALTER TABLE `ambulance_route`
  MODIFY `route_id` int(11) NOT NULL AUTO_INCREMENT;

--
-- AUTO_INCREMENT for table `appointment`
--
ALTER TABLE `appointment`
  MODIFY `appointment_id` int(11) NOT NULL AUTO_INCREMENT;

--
-- AUTO_INCREMENT for table `bank_details`
--
ALTER TABLE `bank_details`
  MODIFY `id` int(11) NOT NULL AUTO_INCREMENT, AUTO_INCREMENT=7;

--
-- AUTO_INCREMENT for table `bed`
--
ALTER TABLE `bed`
  MODIFY `bed_id` int(11) NOT NULL AUTO_INCREMENT;

--
-- AUTO_INCREMENT for table `bed_allotment`
--
ALTER TABLE `bed_allotment`
  MODIFY `bed_allotment_id` int(11) NOT NULL AUTO_INCREMENT;

--
-- AUTO_INCREMENT for table `blood_bank`
--
ALTER TABLE `blood_bank`
  MODIFY `blood_group_id` int(11) NOT NULL AUTO_INCREMENT, AUTO_INCREMENT=9;

--
-- AUTO_INCREMENT for table `blood_donor`
--
ALTER TABLE `blood_donor`
  MODIFY `blood_donor_id` int(11) NOT NULL AUTO_INCREMENT;

--
-- AUTO_INCREMENT for table `consultation_charge`
--
ALTER TABLE `consultation_charge`
  MODIFY `id` int(11) NOT NULL AUTO_INCREMENT;

--
-- AUTO_INCREMENT for table `contact_email`
--
ALTER TABLE `contact_email`
  MODIFY `contact_email_id` int(11) NOT NULL AUTO_INCREMENT;

--
-- AUTO_INCREMENT for table `currency`
--
ALTER TABLE `currency`
  MODIFY `currency_id` int(11) NOT NULL AUTO_INCREMENT;

--
-- AUTO_INCREMENT for table `demoitem`
--
ALTER TABLE `demoitem`
  MODIFY `id` int(11) NOT NULL AUTO_INCREMENT;

--
-- AUTO_INCREMENT for table `demoitem_price_details`
--
ALTER TABLE `demoitem_price_details`
  MODIFY `id` int(11) NOT NULL AUTO_INCREMENT;

--
-- AUTO_INCREMENT for table `department`
--
ALTER TABLE `department`
  MODIFY `department_id` int(11) NOT NULL AUTO_INCREMENT, AUTO_INCREMENT=3;

--
-- AUTO_INCREMENT for table `diagnosis`
--
ALTER TABLE `diagnosis`
  MODIFY `id` int(11) NOT NULL AUTO_INCREMENT, AUTO_INCREMENT=7;

--
-- AUTO_INCREMENT for table `diagnosis_document_upload`
--
ALTER TABLE `diagnosis_document_upload`
  MODIFY `id` int(11) NOT NULL AUTO_INCREMENT, AUTO_INCREMENT=10;

--
-- AUTO_INCREMENT for table `diagnosis_report`
--
ALTER TABLE `diagnosis_report`
  MODIFY `diagnosis_report_id` int(11) NOT NULL AUTO_INCREMENT;

--
-- AUTO_INCREMENT for table `doctor`
--
ALTER TABLE `doctor`
  MODIFY `doctor_id` int(11) NOT NULL AUTO_INCREMENT, AUTO_INCREMENT=3;

--
-- AUTO_INCREMENT for table `doctor_referral`
--
ALTER TABLE `doctor_referral`
  MODIFY `id` int(11) NOT NULL AUTO_INCREMENT, AUTO_INCREMENT=11;

--
-- AUTO_INCREMENT for table `doctor_referral_details_diagnosis`
--
ALTER TABLE `doctor_referral_details_diagnosis`
  MODIFY `id` int(11) NOT NULL AUTO_INCREMENT, AUTO_INCREMENT=14;

--
-- AUTO_INCREMENT for table `doctor_referral_details_item_issue`
--
ALTER TABLE `doctor_referral_details_item_issue`
  MODIFY `id` int(11) NOT NULL AUTO_INCREMENT;

--
-- AUTO_INCREMENT for table `email_template`
--
ALTER TABLE `email_template`
  MODIFY `email_template_id` int(11) NOT NULL AUTO_INCREMENT;

--
-- AUTO_INCREMENT for table `expense`
--
ALTER TABLE `expense`
  MODIFY `exp_id` int(11) NOT NULL AUTO_INCREMENT;

--
-- AUTO_INCREMENT for table `expense_head`
--
ALTER TABLE `expense_head`
  MODIFY `expense_id` int(11) NOT NULL AUTO_INCREMENT, AUTO_INCREMENT=11;

--
-- AUTO_INCREMENT for table `facility`
--
ALTER TABLE `facility`
  MODIFY `facility_id` int(11) NOT NULL AUTO_INCREMENT, AUTO_INCREMENT=2;

--
-- AUTO_INCREMENT for table `follow_up`
--
ALTER TABLE `follow_up`
  MODIFY `id` int(11) NOT NULL AUTO_INCREMENT;

--
-- AUTO_INCREMENT for table `form_element`
--
ALTER TABLE `form_element`
  MODIFY `form_element_id` int(11) NOT NULL AUTO_INCREMENT;

--
-- AUTO_INCREMENT for table `frontend_blog`
--
ALTER TABLE `frontend_blog`
  MODIFY `frontend_blog_id` int(11) NOT NULL AUTO_INCREMENT, AUTO_INCREMENT=2;

--
-- AUTO_INCREMENT for table `frontend_settings`
--
ALTER TABLE `frontend_settings`
  MODIFY `frontend_settings_id` int(11) NOT NULL AUTO_INCREMENT, AUTO_INCREMENT=13;

--
-- AUTO_INCREMENT for table `hr`
--
ALTER TABLE `hr`
  MODIFY `hr_id` int(11) NOT NULL AUTO_INCREMENT;

--
-- AUTO_INCREMENT for table `income`
--
ALTER TABLE `income`
  MODIFY `inc_id` int(11) NOT NULL AUTO_INCREMENT, AUTO_INCREMENT=5;

--
-- AUTO_INCREMENT for table `income_head`
--
ALTER TABLE `income_head`
  MODIFY `income_id` int(11) NOT NULL AUTO_INCREMENT, AUTO_INCREMENT=7;

--
-- AUTO_INCREMENT for table `invoice`
--
ALTER TABLE `invoice`
  MODIFY `invoice_id` int(11) NOT NULL AUTO_INCREMENT, AUTO_INCREMENT=7;

--
-- AUTO_INCREMENT for table `item`
--
ALTER TABLE `item`
  MODIFY `id` int(11) NOT NULL AUTO_INCREMENT, AUTO_INCREMENT=167;

--
-- AUTO_INCREMENT for table `item_category`
--
ALTER TABLE `item_category`
  MODIFY `id` int(255) NOT NULL AUTO_INCREMENT, AUTO_INCREMENT=7;

--
-- AUTO_INCREMENT for table `item_issue`
--
ALTER TABLE `item_issue`
  MODIFY `id` int(11) NOT NULL AUTO_INCREMENT;

--
-- AUTO_INCREMENT for table `item_price_details`
--
ALTER TABLE `item_price_details`
  MODIFY `id` int(11) NOT NULL AUTO_INCREMENT, AUTO_INCREMENT=282;

--
-- AUTO_INCREMENT for table `item_stock`
--
ALTER TABLE `item_stock`
  MODIFY `id` int(11) NOT NULL AUTO_INCREMENT;

--
-- AUTO_INCREMENT for table `item_store`
--
ALTER TABLE `item_store`
  MODIFY `id` int(255) NOT NULL AUTO_INCREMENT;

--
-- AUTO_INCREMENT for table `item_subcategory`
--
ALTER TABLE `item_subcategory`
  MODIFY `item_id` int(11) NOT NULL AUTO_INCREMENT, AUTO_INCREMENT=29;

--
-- AUTO_INCREMENT for table `item_supplier`
--
ALTER TABLE `item_supplier`
  MODIFY `id` int(11) NOT NULL AUTO_INCREMENT, AUTO_INCREMENT=3;

--
-- AUTO_INCREMENT for table `laboratorist`
--
ALTER TABLE `laboratorist`
  MODIFY `laboratorist_id` int(11) NOT NULL AUTO_INCREMENT, AUTO_INCREMENT=2;

--
-- AUTO_INCREMENT for table `language`
--
ALTER TABLE `language`
  MODIFY `phrase_id` int(11) NOT NULL AUTO_INCREMENT, AUTO_INCREMENT=315;

--
-- AUTO_INCREMENT for table `medicine`
--
ALTER TABLE `medicine`
  MODIFY `medicine_id` int(11) NOT NULL AUTO_INCREMENT;

--
-- AUTO_INCREMENT for table `medicine_category`
--
ALTER TABLE `medicine_category`
  MODIFY `medicine_category_id` int(11) NOT NULL AUTO_INCREMENT;

--
-- AUTO_INCREMENT for table `medicine_sale`
--
ALTER TABLE `medicine_sale`
  MODIFY `medicine_sale_id` int(11) NOT NULL AUTO_INCREMENT;

--
-- AUTO_INCREMENT for table `message`
--
ALTER TABLE `message`
  MODIFY `message_id` int(11) NOT NULL AUTO_INCREMENT;

--
-- AUTO_INCREMENT for table `message_thread`
--
ALTER TABLE `message_thread`
  MODIFY `message_thread_id` int(11) NOT NULL AUTO_INCREMENT;

--
-- AUTO_INCREMENT for table `next_followup`
--
ALTER TABLE `next_followup`
  MODIFY `id` int(11) NOT NULL AUTO_INCREMENT, AUTO_INCREMENT=2;

--
-- AUTO_INCREMENT for table `note`
--
ALTER TABLE `note`
  MODIFY `note_id` int(11) NOT NULL AUTO_INCREMENT;

--
-- AUTO_INCREMENT for table `notice`
--
ALTER TABLE `notice`
  MODIFY `notice_id` int(11) NOT NULL AUTO_INCREMENT;

--
-- AUTO_INCREMENT for table `noticeboard`
--
ALTER TABLE `noticeboard`
  MODIFY `notice_id` int(11) NOT NULL AUTO_INCREMENT;

--
-- AUTO_INCREMENT for table `nurse`
--
ALTER TABLE `nurse`
  MODIFY `nurse_id` int(11) NOT NULL AUTO_INCREMENT;

--
-- AUTO_INCREMENT for table `pathology_patient_report`
--
ALTER TABLE `pathology_patient_report`
  MODIFY `id` int(11) NOT NULL AUTO_INCREMENT;

--
-- AUTO_INCREMENT for table `pathology_report`
--
ALTER TABLE `pathology_report`
  MODIFY `pathology_report_id` int(10) NOT NULL AUTO_INCREMENT;

--
-- AUTO_INCREMENT for table `pathology_test`
--
ALTER TABLE `pathology_test`
  MODIFY `id` int(11) NOT NULL AUTO_INCREMENT;

--
-- AUTO_INCREMENT for table `pathology_test_category`
--
ALTER TABLE `pathology_test_category`
  MODIFY `id` int(11) NOT NULL AUTO_INCREMENT;

--
-- AUTO_INCREMENT for table `patient`
--
ALTER TABLE `patient`
  MODIFY `patient_id` int(11) NOT NULL AUTO_INCREMENT, AUTO_INCREMENT=125;

--
-- AUTO_INCREMENT for table `patient_consultation_history`
--
ALTER TABLE `patient_consultation_history`
  MODIFY `id` int(11) NOT NULL AUTO_INCREMENT, AUTO_INCREMENT=128;

--
-- AUTO_INCREMENT for table `patient_diagnosis`
--
ALTER TABLE `patient_diagnosis`
  MODIFY `id` int(11) NOT NULL AUTO_INCREMENT, AUTO_INCREMENT=146;

--
-- AUTO_INCREMENT for table `patient_item_issue`
--
ALTER TABLE `patient_item_issue`
  MODIFY `id` int(11) NOT NULL AUTO_INCREMENT, AUTO_INCREMENT=40;

--
-- AUTO_INCREMENT for table `payment`
--
ALTER TABLE `payment`
  MODIFY `payment_id` int(11) NOT NULL AUTO_INCREMENT;

--
-- AUTO_INCREMENT for table `payment_mode`
--
ALTER TABLE `payment_mode`
  MODIFY `id` int(11) NOT NULL AUTO_INCREMENT, AUTO_INCREMENT=9;

--
-- AUTO_INCREMENT for table `payroll`
--
ALTER TABLE `payroll`
  MODIFY `payroll_id` int(11) NOT NULL AUTO_INCREMENT;

--
-- AUTO_INCREMENT for table `pharmacist`
--
ALTER TABLE `pharmacist`
  MODIFY `pharmacist_id` int(11) NOT NULL AUTO_INCREMENT;

--
-- AUTO_INCREMENT for table `prescription`
--
ALTER TABLE `prescription`
  MODIFY `prescription_id` int(11) NOT NULL AUTO_INCREMENT;

--
-- AUTO_INCREMENT for table `prescription_upload`
--
ALTER TABLE `prescription_upload`
  MODIFY `id` int(11) NOT NULL AUTO_INCREMENT, AUTO_INCREMENT=8;

--
-- AUTO_INCREMENT for table `purchase`
--
ALTER TABLE `purchase`
  MODIFY `id` int(100) NOT NULL AUTO_INCREMENT;

--
-- AUTO_INCREMENT for table `receptionist`
--
ALTER TABLE `receptionist`
  MODIFY `receptionist_id` int(11) NOT NULL AUTO_INCREMENT, AUTO_INCREMENT=3;

--
-- AUTO_INCREMENT for table `report`
--
ALTER TABLE `report`
  MODIFY `report_id` int(11) NOT NULL AUTO_INCREMENT;

--
-- AUTO_INCREMENT for table `service`
--
ALTER TABLE `service`
  MODIFY `service_id` int(11) NOT NULL AUTO_INCREMENT, AUTO_INCREMENT=18;

--
-- AUTO_INCREMENT for table `settings`
--
ALTER TABLE `settings`
  MODIFY `settings_id` int(11) NOT NULL AUTO_INCREMENT, AUTO_INCREMENT=18;

--
-- AUTO_INCREMENT for table `tpa_management`
--
ALTER TABLE `tpa_management`
  MODIFY `tpa_id` int(11) NOT NULL AUTO_INCREMENT;

--
-- AUTO_INCREMENT for table `unit`
--
ALTER TABLE `unit`
  MODIFY `unit_id` int(11) NOT NULL AUTO_INCREMENT, AUTO_INCREMENT=4;

--
-- AUTO_INCREMENT for table `warranty`
--
ALTER TABLE `warranty`
  MODIFY `id` int(11) NOT NULL AUTO_INCREMENT, AUTO_INCREMENT=8;

--
-- Constraints for dumped tables
--

--
-- Constraints for table `item_issue`
--
ALTER TABLE `item_issue`
  ADD CONSTRAINT `item_issue_ibfk_1` FOREIGN KEY (`item_id`) REFERENCES `item` (`id`) ON DELETE CASCADE;

--
-- Constraints for table `item_stock`
--
ALTER TABLE `item_stock`
  ADD CONSTRAINT `item_stock_ibfk_1` FOREIGN KEY (`item_id`) REFERENCES `item` (`id`) ON DELETE CASCADE,
  ADD CONSTRAINT `item_stock_ibfk_2` FOREIGN KEY (`supplier_id`) REFERENCES `item_supplier` (`id`) ON DELETE CASCADE,
  ADD CONSTRAINT `item_stock_ibfk_3` FOREIGN KEY (`store_id`) REFERENCES `item_store` (`id`) ON DELETE CASCADE;
COMMIT;

/*!40101 SET CHARACTER_SET_CLIENT=@OLD_CHARACTER_SET_CLIENT */;
/*!40101 SET CHARACTER_SET_RESULTS=@OLD_CHARACTER_SET_RESULTS */;
/*!40101 SET COLLATION_CONNECTION=@OLD_COLLATION_CONNECTION */;
